Song Title;Artist;Year;Album/EP/Single;Collaborating Artist(s);Spotify Link;Streams
Da Coconut Nut;BINI;2020;Single;;https://open.spotify.com/track/0oSyeQT1PrwyPreTBq2dDN;
Born To Win;BINI;2021;Born to Win;;https://open.spotify.com/track/5ZzJXBVQCTolSrzUdPJduW;
Golden Arrow;BINI;2021;Born to Win;;https://open.spotify.com/track/4XQV9Qs6N1sjfOq83IhILo;
B HU U R;BINI;2021;Born to Win;Kritiko;https://open.spotify.com/track/6B8LtMPhqUFuqQIxi5y8yb;
Na Na Na;BINI;2021;Born to Win;;https://open.spotify.com/track/4aqkICleG6HLRc2ygpWqN1;
Kinikilig;BINI;2021;Born to Win;;https://open.spotify.com/track/2t76tRFVKZOz0nzTEnVV7u;
Kapit Lang;BINI;2021;Born to Win;;https://open.spotify.com/track/47FtbLmQPMVEGbmKTmNnbb;
8;BINI;2021;Born to Win;;https://open.spotify.com/track/6i6gQ9Mqnv4Sn7OlfObobC;
Here With You;BINI;2021;Born to Win;;https://open.spotify.com/track/1Q6UGbt7c2l4HnopdXNHpS;
Born To Win (Bahasa Version);BINI;2021;Born to Win;;https://open.spotify.com/track/394JRt671aKXriMkSgQdlX;
Born To Win (Japanese Version);BINI;2021;Born to Win;;https://open.spotify.com/track/6tPZhsZ88xN6qeoiB2jMSh;
Born To Win (Thai Version);BINI;2021;Born to Win;;https://open.spotify.com/track/2LFxumraiSEPCBIo7rGQwH;
Born To Win (Spanish Version);BINI;2021;Born to Win;;https://open.spotify.com/track/1OHZoYZUc7RmPqISO7aKCS;
Born To Win (Acapella);BINI;2021;Born to Win;;https://open.spotify.com/track/3wOh9gU88iPeQO4eHBq23z;
Born To Win (EDM Version);BINI;2021;Born to Win;;https://open.spotify.com/track/1vJuqN76Wrrxl9FcGc8JCi;
Born To Win (String Quartet Version);BINI;2021;Born to Win;;https://open.spotify.com/track/6DrXWDcVYh933uk9ygjFyT;
Born To Win (Instrumental);BINI;2021;Born to Win;;https://open.spotify.com/track/2RisvAWnWIxFGz3cSFknSY;
Born To Win (Latin Version);BINI;2021;Born to Win;;https://open.spotify.com/track/7CCXN1euWg5yU21YTYbR0K;
Pit a Pat;BINI;2022;Single;;https://open.spotify.com/track/5uo819IFkx2XeL5cLNhfsU;
Love Yourself;BINI;2022;Single;;https://open.spotify.com/track/7uB49FMeQDpoVwTSYnYsdz;
Up!;BINI;2022;Single;BGYO;https://open.spotify.com/track/7aii4AQA1uyyzGcfqtApy1;
Kabataang Pinoy;BINI;2022;Single;SB19, Jonathan Manalo;https://open.spotify.com/track/6aXWWGw7sQJLx82jZndSQZ;
Made for All;BINI;2022;Single;;https://open.spotify.com/track/580EzR9sfqKVUTRGAcPzcN;
No Fear;BINI;2022;Feel Good;;https://open.spotify.com/track/5xNbWnsQJ9lyzPlK36J1cm;
Lagi;BINI;2022;Feel Good;;https://open.spotify.com/track/5YV9UyeC3dMV4kuRiTMGJs;
I Feel Good;BINI;2022;Feel Good;;https://open.spotify.com/track/4ugPBlOXJtKOkOxQRQpUVE;
Huwag Muna Tayong Umuwi;BINI;2022;Feel Good;;https://open.spotify.com/track/7haQq014RoahMX6spW4z1z;
Strings;BINI;2022;Feel Good;;https://open.spotify.com/track/4J20QVGtdAAOYMpb8iY2GG;
Lagi (Acoustic Version);BINI;2022;Feel Good;;https://open.spotify.com/track/4o9MuuglWRF9SqZ9hDDHE4;
Strings (Dance Version);BINI;2022;Feel Good;;https://open.spotify.com/track/2u12rBuVmArXK9N1iGsaIa;
Karera;BINI;2023;Talaarawan;;https://open.spotify.com/track/1RL9cRcuzCrs75Wb2aq9Op;
Pantropiko;BINI;2023;Talaarawan;;https://open.spotify.com/track/03vwhCqyxupZDVEncdnCSc;
Super Crush;BINI;2023;Single;;https://open.spotify.com/track/56wTbR92GiVk86sH3KWR34;
Salamin, Salamin;BINI;2024;Talaarawan;;https://open.spotify.com/track/1iIJtD9hkzw4ZHfR7ND9yb;
Ang Huling Cha Cha;BINI;2024;Talaarawan;;https://open.spotify.com/track/7Dx27QY6OJmWv4ZSCW9OpF;
Na Na Nandito Lang;BINI;2024;Talaarawan;;https://open.spotify.com/track/3iiFRTfSUP34KVekvWoV3F;
Diyan Ka Lang;BINI;2024;Talaarawan;;https://open.spotify.com/track/7j3FzXqlvcSpe58Ska2tes;
Bata, Kaya Mo!;BINI;2024;Single;PLAYERTWO;https://open.spotify.com/track/4UTORTDvblo2N3PNWifEzp;
Cherry On Top;BINI;2024;BINIverse;;https://open.spotify.com/track/2JniqTObhmaYjn83J6qiED;
Cherry On Top (BiniMo Remix);BINI;2024;BINIverse;Agnez Mo;https://open.spotify.com/track/0x4uB9NwFEmYrGlUFI9Kci;
Blooming;BINI;2024;Single;;https://open.spotify.com/track/52YkZd4cJahDlGxQquQqSa;
Gandang Vitakeratin;BINI;2024;Single;;https://open.spotify.com/track/5tQvi25iQvL5Raxg4rkdEN;
Hairkada, Ilugay Mo!;BINI;2024;Single;Sunsilk PH;https://open.spotify.com/track/3QK0nqizj5doSadlfkcbL1;
Icon;BINI;2024;Single;;https://open.spotify.com/track/5nqKckFx3jU5JM3bd1EwGB;
Laging Fudgee, Fudgee Lagi;BINI;2024;Single;;https://open.spotify.com/track/6Rne3AZj7AcRcrmnKT3nRM;
Joy To The World;BINI;2024;Single;;https://open.spotify.com/track/0SpVJoztP97waXXnu0GjbL;
Our Stories Shine This Christmas;BINI;2024;Single;;https://open.spotify.com/track/5YleyXVovexQBfPTQx6dJt;
Blink Twice;BINI;2025;BINIverse;;https://open.spotify.com/track/0G2SvoKHnMnoX5UQDCIx51;
Zero Pressure;BINI;2025;BINIverse;;https://open.spotify.com/track/4xWZwHrIn5uS3Nft08Rk5O;
Secrets;BINI;2025;BINIverse;eaJ;https://open.spotify.com/track/0hzFVTCkNnMgRrBiTgRuXC;
Out Of My Head;BINI;2025;BINIverse;;https://open.spotify.com/track/6SKjhbUSGDjTPCEGYYonWO;
Blink Twice (Dos Veces Remix);BINI;2025;Single;Belinda;https://open.spotify.com/track/6SNHfk6CipQOSALhblynof;
Blink Twice (Taglish Version);BINI;2025;Single;;https://open.spotify.com/track/12dI6qK0w7Grhim6Gx7Xzx;
TOP;BINI;2025;Single;;https://open.spotify.com/track/2XZsdeacLnuHfQCetOSIdX;
OXYGEN;BINI;2025;Single;Orchestra of the Filipino Youth;https://open.spotify.com/track/2rvqMC6SRBCHcwFdMmaHfK;
First Luv;BINI;2025;FLAMES;;https://open.spotify.com/track/0qHbCeNAPB7EaKxWiyaAMP;
Sweet Tooth;BINI;2025;FLAMES;;https://open.spotify.com/track/4255eE0aWSyfbIWTpIE1qu;
Paruparo;BINI;2025;FLAMES;;https://open.spotify.com/track/0waZh26XErLP0Za4Dgc3T0;
Infinity;BINI;2025;FLAMES;;https://open.spotify.com/track/6rKlGBShPmNsQkzvEvdwqq;
Katabi;BINI;2025;FLAMES;;https://open.spotify.com/track/01R8mmP7FyotvSQkjlxK7v;
Bikini;BINI;2025;FLAMES;;https://open.spotify.com/track/03Tt2qPSQKaXMkLtZ3Zwg9;
Shagidi;BINI;2025;FLAMES;;https://open.spotify.com/track/7zKYsYbbC7N8C5QOOtTlZx;
Unang Kilig;BINI;2026;Single;;https://open.spotify.com/track/7mfaRuBDtbywhmLSoPSscp;
Honey Honey;BINI;2026;Single;;https://open.spotify.com/track/282XNtIdfDh0NupdD8zBzp;
The Light;BGYO;2021;The Light;;https://open.spotify.com/track/6X7fvbcewXJtyfEtokQKXp;
He's Into Her;BGYO;2021;The Light;;https://open.spotify.com/track/76WBXsEyEPozYOjug4JdIp;
When I'm with You;BGYO;2021;The Light;;https://open.spotify.com/track/4mUOkjM8dm0NS8wf17AySE;
Fly Away;BGYO;2021;The Light;;https://open.spotify.com/track/04s1NaqqlvjIWbg2ZJGmA2;
The Baddest;BGYO;2021;The Light;;https://open.spotify.com/track/20bvFAx7LDYFui9dWBeWgq;
Rocketman;BGYO;2021;The Light;;https://open.spotify.com/track/7I6tZVZsTzWLT1YPK0Kkvf;
Sabay;BGYO;2021;The Light;;https://open.spotify.com/track/4io0iKmvgjAOrDxISj6UYL;
Kundiman;BGYO;2021;The Light;;https://open.spotify.com/track/2KjPP8NMROqq7Yfi8JtN96;
The Light (Bahasa Indonesia Version);BGYO;2021;The Light;;https://open.spotify.com/track/2ah7EWzvghfab3z8oLAIxF;
The Light (Japanese Version);BGYO;2021;The Light;;https://open.spotify.com/track/3D2ikeznU7ydcEjd6SxvTz;
The Light (Spanish Version);BGYO;2021;The Light;;https://open.spotify.com/track/1criLZoROzxT0PiidoDZD6;
The Light (Thai Version);BGYO;2021;The Light;;https://open.spotify.com/track/0Zrw9zK033FU8D0bknalVd;
Hello from BGYO!;BGYO;2021;Single;;https://open.spotify.com/track/3xKvLJ1uxsiwlD9J0whoU4;
Kulay (Miss Universe Philippines 2021);BGYO;2021;Single;;https://open.spotify.com/track/55HcwpBtgFIKmY1v1OZss8;
While We Are Young;BGYO;2021;Single;;https://open.spotify.com/track/2vy3BY9kUfhnjH9Ba7Jf18;
Runnin';BGYO;2021;Single;Keiko Necesario;https://open.spotify.com/track/1MlrhkFGRchXMPhDvMBUcl;
Feel Good Pilipinas;BGYO;2021;Single;KZ Tandingan;https://open.spotify.com/track/0MuUvMlpssQPq63U9aoli0;
Game On;BGYO;2022;Be Us;;https://open.spotify.com/track/6CeXFKTxP6cWXGCQJ3Jzw0;
Magnet;BGYO;2022;Be Us;;https://open.spotify.com/track/56vw2H9kJu8Iwa4MyFCT3f;
Be Us;BGYO;2022;Be Us;;https://open.spotify.com/track/6WmljxrwnVvBamaDWQdHq8;
Tumitigil Ang Mundo;BGYO;2022;Be Us;;https://open.spotify.com/track/0BveZyFZAU9GZ7qHTE77VC;
Panahon;BGYO;2022;Be Us;;https://open.spotify.com/track/1vO8t6ZUjJybJCsAvGWhCf;
PNGNP;BGYO;2022;Be Us;;https://open.spotify.com/track/48SCq3lsrSKW1pjjQ3QyMr;
Laro;BGYO;2022;Be Us;;https://open.spotify.com/track/2de3jAl2G6YHF6DJwlQuME;
Extraordinary;BGYO;2022;Be Us;;https://open.spotify.com/track/0HzBnwgcMUb5xJ5ogNjQ1r;
Mahal Na Kita;BGYO;2022;Single;;https://open.spotify.com/track/2lrLcdOUaKageXcqw4CLKz;
Best Time;BGYO;2022;Single;;https://open.spotify.com/track/67bB2y1BgbVJJ2iZPU8nCT;
Patuloy Lang Ang Lipad;BGYO;2022;Single;;https://open.spotify.com/track/6SCLUJuq19QSacE4oXqoqG;
He's Into Her (Remix);BGYO;2022;Single;;https://open.spotify.com/track/7z6ikVLk7KT5hlzyDWRkDR;
Up!;BGYO;2022;Single;BINI;https://open.spotify.com/track/7aii4AQA1uyyzGcfqtApy1;
Live Vivid;BGYO;2023;Single;;https://open.spotify.com/track/1gfOF7SHeNzfAVO4E73k45;
Gigil;BGYO;2024;Single;;https://open.spotify.com/track/05Db5b8xtLi32lJgKbDUus;
Patintero;BGYO;2024;Single;;https://open.spotify.com/track/3nupCyAjgcopsWicJpGk6D;
Uuwian;BGYO;2024;Single;JL Toreliza;https://open.spotify.com/track/5hfAiES72nZNflCQmolrGe;
Uuwian (Reprise);BGYO;2024;Single;;https://open.spotify.com/track/3TB5jSrRbM0uf1ghdTICAI;
Divine;BGYO;2025;BGYO;;https://open.spotify.com/track/3PKQwa7S5IHhstiTAxWNyL;
Trash;BGYO;2025;BGYO;;https://open.spotify.com/track/1t3lid2wFjY3WsBFIsdjWn;
Light My Fire;BGYO;2025;BGYO;;https://open.spotify.com/track/45A3RfixQDDqT4QCA77Vk7;
Heartstrings;BGYO;2025;BGYO;;https://open.spotify.com/track/1NSamMOkrVbbHMOrAmT2WB;
Andito Lang;BGYO;2025;BGYO;;https://open.spotify.com/track/7aeoDgZjdKShvg4JucW6tc;
All These Ladies;BGYO;2025;Headlines;;https://open.spotify.com/track/1N08zpJWDX4iaAeSrZtXua;
Dance With Me;BGYO;2025;Headlines;;https://open.spotify.com/track/4eDOey6H4uD1kmbP1MZLwO;
Aloe Vera;BGYO;2025;Headlines;;https://open.spotify.com/track/6nVm1CIsfoSDP2WmVYx3yo;
Headlines;BGYO;2025;Headlines;;https://open.spotify.com/track/0MOsW3XK5bPP0nbNhJz0eg;
Kabataang Pinoy;BGYO;2025;Single;Cloud 7;https://open.spotify.com/track/6NzrH7AYfJg44d4t6KT67Y;
kbye;ALAMAT;2021;Single;;https://open.spotify.com/track/4kx1jGLJnqR0xxQMHMbcJz;
kasmala;ALAMAT;2021;Single;;https://open.spotify.com/track/0s5J5E2DvVS1Gp8z4UjEJx;
porque;ALAMAT;2021;Single;;https://open.spotify.com/track/3jIFCNq5TcMGjKFEvZTn6n;
Aswang;ALAMAT;2022;Pasulong EP;;https://open.spotify.com/track/7oyTTvPsNZQ0uIlh00orXm;
Maharani;ALAMAT;2022;Pasulong EP;;https://open.spotify.com/track/6KAnNItOZJ85PT3s0KqMgT;
ILY ILY;ALAMAT;2022;Pasulong EP;Lyca Gairanod;https://open.spotify.com/track/3PSm4ecTV81zaMQRUsfHu3;
Gayuma;ALAMAT;2022;Pasulong EP;;https://open.spotify.com/track/6afFPpTmuVBwZ8OpCSBSYe;
Say U Love Me;ALAMAT;2022;Pasulong EP;;https://open.spotify.com/track/5gfmzr2KPO7lu5f1hNX8QU;
Hala;ALAMAT;2022;Pasulong EP;;https://open.spotify.com/track/0mmAeb3RATkxm4ZvI6qZny;
Sa Panaginip Na Lang;ALAMAT;2022;Single;;https://open.spotify.com/track/6l2ThRggrbKRQF5fZs3qOF;
Dagundong;ALAMAT;2023;IsaPuso;;https://open.spotify.com/track/3cAcIiIJ7VJeKjTqeTzjMf;
Dayang;ALAMAT;2023;IsaPuso;;https://open.spotify.com/track/7oLEl2cupe0UTJNj3aHFou;
Noli;ALAMAT;2023;IsaPuso;;https://open.spotify.com/track/39yvrScFBJuubwGY2yghAl;
Manila Dreams;ALAMAT;2023;IsaPuso;;https://open.spotify.com/track/5Yx5xI0Lcp0wwx3cpWIMeO;
Day and Night;ALAMAT;2023;IsaPuso;;https://open.spotify.com/track/12NU0eZeogiWysYpXKOhrY;
Multo;ALAMAT;2023;IsaPuso;Cursebox;https://open.spotify.com/track/58aSRuhbw21XWEPrc55sh2;
Walang Hanggan;ALAMAT;2023;IsaPuso;;https://open.spotify.com/track/3VTlZgkr3WQWuGawdwXWSV;
Dong-Dong-Ay;ALAMAT;2023;IsaPuso;;https://open.spotify.com/track/6GN5uIfeWoZyWZQaX69hDh;
Hiraya;ALAMAT;2024;Single;;https://open.spotify.com/track/3J6JAjVMulZrR4LvRaMt4E;
Ngayong Gabi;ALAMAT;2024;Single;;https://open.spotify.com/track/5dFGhDHEe2Wd3Wj8Rk4Gzw;
LuzViMinda;ALAMAT;2025;DESTINO;;https://open.spotify.com/track/2PZgVM7Dsl6zq9Y13UeFne;
Sinigang;ALAMAT;2025;DESTINO;;https://open.spotify.com/track/2EzjRBSkVsPwprmOpM7TvR;
Hapag;ALAMAT;2025;DESTINO;;https://open.spotify.com/track/3XTtXM3opfJyYmNE23CkOp;
Pagbigyan (Bad Decisions);ALAMAT;2025;DESTINO;;https://open.spotify.com/track/02ogG8G6ISEmwbQHubVuGq;
Pangako (Sa Puso Mo);ALAMAT;2025;DESTINO;;https://open.spotify.com/track/1xu2pd5jUOLWwTQptGbFmF;
Don't Wanna Dance;ALAMAT;2025;DESTINO;;https://open.spotify.com/track/6mHbVYHwyBAJaGxyLjb0Pm;
Sa 'Yo Pa Rin Uuwi;ALAMAT;2025;DESTINO;;https://open.spotify.com/track/0E193kIgO8WjOQnWESYwq1;
BRAND NEW;Press Hit Play;2023;Single;;https://open.spotify.com/track/4mSqyHb1KQFR2zGiJIQxfY;
Balaraw;Press Hit Play;2023;Single;;https://open.spotify.com/track/2jb0ZiLCVYLW5gmbBgqJY4;
Hey Love!;Press Hit Play;2024;Single;;https://open.spotify.com/track/6LkQGaIExJMjgLnwD3FqIi;
Isa Dalawa Tatlo;Press Hit Play;2024;Single;;https://open.spotify.com/track/3mxJe1xeVwLZqv7rA0RzLc;
Lampara;Press Hit Play;2024;Single;;https://open.spotify.com/track/6QCRRGWsmZShpXm3haSiNl;
Tulipan;Press Hit Play;2024;Single;;https://open.spotify.com/track/7Gs2i4bJxJDZHNID5tPfcz;
Pansamantala;Press Hit Play;2025;Single;;https://open.spotify.com/track/1ZSVgeuMha9qevMby90qKf;
Akin Ka Muna Ngayong Gabi;Press Hit Play;2025;Single;;https://open.spotify.com/track/3QtUS2KCKrAREaVlm1pUw;
Simbolo Ng Pasko;Press Hit Play;2025;Single;;https://open.spotify.com/track/5Rj7GkzHqsJxK6VY2CJLh4;
The Beast;VXON;2022;Single;;https://open.spotify.com/track/3lT5vZpGqBBwg3N2x8yiJ4;
P.S.;VXON;2022;Single;;https://open.spotify.com/track/6jVFnHVmS5QyTj6GJG4C2L;
Fiyaah;VXON;2022;Single;;https://open.spotify.com/track/4u9vGR6FZ2bCsP3dVyPuYw;
Reach The Top;VXON;2022;Single;;https://open.spotify.com/track/0hq2xMIFcJbP3GBdDfN9Vt;
LUV IS;VXON;2022;Single;Zephanie;https://open.spotify.com/track/3VDN1zMDxKq4jasT0REjgF;
Ikaw Na Na Na;VXON;2022;Single;Jonathan Manalo;https://open.spotify.com/track/2vF8xHqkN0FfCb4GhdT6sH;
Dulo;VXON;2023;Single;;https://open.spotify.com/track/3uXshIhPKgR1xk3Dy6PZQA;
Breaking Bad;VXON;2023;Single;;https://open.spotify.com/track/5HxP9J6cKDw2h8kxdCNxYV;
PRETTY PLEASE;VXON;2023;Single;;https://open.spotify.com/track/0vJGPQoD1fHjFzVdHV0OQd;
Lisan;VXON;2023;Single;;https://open.spotify.com/track/5bCHLP9fO1X3QZBS5S3S7A;
Sandal;VXON;2023;Single;;https://open.spotify.com/track/7nw1GNqF5l2NiAlDqz9Vrd;
SSP (Saksak Sa Puso);VXON;2024;20:20;;https://open.spotify.com/track/4hNKQWQvHOOfxUR0IrGpYG;
Kalaw;VXON;2024;20:20;;https://open.spotify.com/track/5S7AISOEAtcMuvilke7m3u;
Gamu-Gamo;VXON;2024;20:20;MC Einstein;https://open.spotify.com/track/0YJU2OPvyc7sN1aXnsPij7;
Coco;VXON;2024;20:20;;https://open.spotify.com/track/1lZ5HCkSpSkciRJvXNjYCi;
O Kay Sarap;VXON;2024;20:20;G22 AJ;https://open.spotify.com/track/0DJwiudmJRXbRNhIiQz3IJ;
Miss Na Kita;VXON;2024;20:20;Zephanie;https://open.spotify.com/track/17JR3Q7Q9qT6teliv85N6S;
KNT (Kanta Ng Tanga);VXON;2024;20:20;;https://open.spotify.com/track/5tycG9kgSXRqAE52Q98C4W;
Lisan - Stripped Version;VXON;2024;20:20;;https://open.spotify.com/track/2rB0XZw93Ad9I7VhZxQDNW;
Sandal;VXON;2024;20:20;;https://open.spotify.com/track/2IbS52QrHRmdLStZ91cbGO;
MHWG;VXON;2024;Single;;https://open.spotify.com/track/3kP3zVFzJqVwXqLsMN5r5f;
Agila;VXON;2025;Single;;https://open.spotify.com/track/5ysB7vHCGwReqHGb3W0c6p;
TABI TABI;VXON;2025;Single;;https://open.spotify.com/track/4ZeZSlty4VVmgTAAmnUIEU;
Sh*t Sobrang Init;VXON;2025;Single;;https://open.spotify.com/track/3OuaxvtQy1QvBTZL5Z56XG;
Dapat Lang Ako Lang;VXON;2025;Single;;https://open.spotify.com/track/3eSZqzn9Ft9iE6FufedpGw;
pelikula;VXON;2026;Pasakalye;;https://open.spotify.com/track/0oJfnh4VKNasIDgzn9dUU6;
sikretong malupet;VXON;2026;Pasakalye;;https://open.spotify.com/track/5YZ4v3kTgKC0zgCKdodkCl;
taguan (tayo lang);VXON;2026;Pasakalye;;https://open.spotify.com/track/5UobXFGsM4K1RvAPApzbPX;
lamoba;VXON;2026;Pasakalye;;https://open.spotify.com/track/6PUoe3iWUMRd6oTKuaVfu5;
walang iba;VXON;2026;Pasakalye;;https://open.spotify.com/track/3zQUCfpTLyRzLAi2xAdH04;
Your Love;1st.One;2023;Single;;https://open.spotify.com/track/4Db2snHTWWyl0kXAsTYuoQ;
Paalam Na;1st.One;2024;Single;;https://open.spotify.com/track/2RoYXP0MT3OaN0YoVDmZcK;
Wala Ng Iba;1st.One;2024;Single;;https://open.spotify.com/track/4arFAshDoIFZrCC13IsFgX;
Shout Out;1st.One;2025;Album;;https://open.spotify.com/track/1B51v16EQTHeDf6d5FG4E7;
Wala Ng Iba - Soul Version;1st.One;2025;Album;;https://open.spotify.com/track/61gCdLZ2ZmtBwrUebJUx9d;
Gusto Mo Ba;1st.One;2025;Single;jikamarie;https://open.spotify.com/track/3ZaUzQTo5l9bjnVM6fxgEK;
MYV;1st.One;2025;Single;;https://open.spotify.com/track/1psO1e62LmiEy8TEYXEdvG;
ALAM MO BA;1st.One;2025;Single;;https://open.spotify.com/track/0HL548HRCr2YmxS1ypBrhG;
Kung Saan Saan;1st.One;2026;Single;;https://open.spotify.com/track/2oScE0aYT62dUbct26WpY9;
Unleash The Diva;4TH IMPACT;2017;Single;;https://open.spotify.com/track/3aABBsAlyw8CwAmCFDsE0i;
It's Not the Same Anymore - From "Ang Dalawang MRS. Reyes";4TH IMPACT;2018;Single;;https://open.spotify.com/track/2Kpy0fpPA26pXsE2y8ntSW;
D' Nah Nah (Shaky Bum Bum);4TH IMPACT;2018;Single;Tony Valor;https://open.spotify.com/track/6qGvcLOCgnYvAvdawuNuTk;
Take My Breath Away;4TH IMPACT;2018;Single;Tony Valor;https://open.spotify.com/track/1TXTaN5yEsmNJ2nuQr5Atx;
Take My Breath Away - Original R&b Version;4TH IMPACT;2019;Single;;https://open.spotify.com/track/2EDcAfHCWBBdfDDjib6WFv;
K(NO)W MORE;4TH IMPACT;2020;Single;;https://open.spotify.com/track/2bWAhlpCndkNyt0WwnsuKu;
Here We Go;4TH IMPACT;2022;Here We Go EP;;https://open.spotify.com/track/76rUYrGjL6FBFpmYaKdROt;
K(NO)W MORE;4TH IMPACT;2022;Here We Go EP;;https://open.spotify.com/track/5DKuy6t0kDV2tOCCSwMCEr;
Here We Go (Instrumental);4TH IMPACT;2022;Here We Go EP;;https://open.spotify.com/track/4Yxj6FYNssUVOXDlSNSGW1;
K(NO)W MORE (Instrumental);4TH IMPACT;2022;Here We Go EP;;https://open.spotify.com/track/58arOLwkUFaCaArOGkvIpi;
Tapat Sa'yo;4TH IMPACT;2022;Single;;https://open.spotify.com/track/37kaRD1lmVWLCAFmjIMDWW;
DISTORTED;4TH IMPACT;2023;Single;;https://open.spotify.com/track/4xJGKuUcEE45BzZWyZbjnb;
ALL AT ONCE;4TH IMPACT;2023;Single;;https://open.spotify.com/track/6oGQ5HaeOHdpFx236B7bCM;
DISTORTED;4TH IMPACT;2024;4TH IMPACT EP;;https://open.spotify.com/track/2XY6lrjQOSmPL8ZInudHSf;
ROUND AND ROUND;4TH IMPACT;2024;4TH IMPACT EP;;https://open.spotify.com/track/2FvynAkx8aNBS1Xd8IoQ32;
ALL AT ONCE;4TH IMPACT;2024;4TH IMPACT EP;;https://open.spotify.com/track/4HFQyE9Hp1NvukHv1HpcdN;
FEBRUARY;4TH IMPACT;2024;4TH IMPACT EP;;https://open.spotify.com/track/09SqJa96JnuHPBNkP80fNr;
HATE THAT GIRL;4TH IMPACT;2024;4TH IMPACT EP;;https://open.spotify.com/track/05i4UKtDuU7GonGnbr3vt6;
JINGLE BELL ROCK;4TH IMPACT;2025;Single;;https://open.spotify.com/track/57QLU7diwgV7Nho1J2Rt5Y;
I Bet You Never;4TH IMPACT;2025;Single;;https://open.spotify.com/track/2wiaZPeSOzgXmZIdSWTfgw;
GOLDEN;4TH IMPACT;2025;Single;;https://open.spotify.com/track/50GvJRr2LoWsMcbP1JMqfN;
Aitakatta - Gustong Makita;MNL48;2018;Aitakatta EP;;https://open.spotify.com/track/2jstC5XzlFJ4cy7N2WuqBB;
Talulot Ng Sakura;MNL48;2018;Aitakatta EP;;https://open.spotify.com/track/3DkReaz5OHlI6nrNbpMfGL;
Umiindak Na Saya;MNL48;2018;Aitakatta EP;;https://open.spotify.com/track/6yj5dkGLmZ7smriI9SoTRV;
Aitakatta - Gustong Makita (Instrumental);MNL48;2018;Aitakatta EP;;https://open.spotify.com/track/1B55yDQ2gFa3XEoiS3QkK9;
Talulot Ng Sakura (Instrumental);MNL48;2018;Aitakatta EP;;https://open.spotify.com/track/7Ao40Q3159e5WjNzORzQNc;
Umiindak Na Saya (Instrumental);MNL48;2018;Aitakatta EP;;https://open.spotify.com/track/49rCC4a2RYw7NakzBxfAeO;
Pag-ibig Fortune Cookie;MNL48;2018;Pag-ibig Fortune Cookie;;https://open.spotify.com/track/3vrBLGeS9H8VNynzXLB47;
Palusot Ko'y Maybe;MNL48;2018;Pag-ibig Fortune Cookie;;https://open.spotify.com/track/54fdIke4ZD7CJ1MFfFhK91;
First Rabbit;MNL48;2018;Pag-ibig Fortune Cookie;;https://open.spotify.com/track/1asDhWHH4uxfeOdFJUwrqz;
Ikaw Ang Melody;MNL48;2019;Ikaw Ang Melody;;https://open.spotify.com/track/2JsDxKiPzu5bc0LJ2TpHJ7;
High Tension;MNL48;2020;High Tension;;https://open.spotify.com/track/7AWOzJF2m3JHYntqQS3DSU;
River;MNL48;2020;River;;https://open.spotify.com/track/6l2ThRggrbKRQF5fZs3qOF;
No Way Man;MNL48;2022;No Way Man;;https://open.spotify.com/track/2nECfH1xGz8cPDLmBvTgxr;
Ikaw At Ako;PPOP Generation;2019;Single;;https://open.spotify.com/track/6eIeZfAucULGNP8GFRUIJo;
Boom Ganda;PPOP Generation;2019;Single;;https://open.spotify.com/track/46FwEsGgmsRHGUmXaZplo1;
Hanap-Hanap;PPOP Generation;2020;Single;;https://open.spotify.com/track/6kiVUPHIxAeKVPSqwGe233;
Wrapped Around My Finger;PPOP Generation;2020;Single;;https://open.spotify.com/track/642JvmjeEvCDzDspT6kPRT;
Prinsesa;PPOP Generation;2022;Single;;https://open.spotify.com/track/0w3Kt1WjEsNNZDF4H1vx1e;
Hanggang Tingin Ka Lang;PPOP Generation;2023;Single;;https://open.spotify.com/track/3xKv5T8fGpYqj1V5qRJNed;
Dalawa;KAIA;2022;Single;;https://open.spotify.com/track/7KL81oWVy5M91P6X5nt4wq;
5678;KAIA;2023;Single;;https://open.spotify.com/track/1qH3cZ4kF0rIeB2WS7CRPN;
TURN UP;KAIA;2023;Single;;https://open.spotify.com/track/5eVSN0GTj1ydGiY0H7HzkG;
KAYA;KAIA;2024;Single;;https://open.spotify.com/track/4ggRHB5BGvMZxrguWEetCG;
Walang Biruan;KAIA;2024;Single;;https://open.spotify.com/track/6ZYPdk1sGKUiM4pnliw72f;
YOU DID IT;KAIA;2024;Single;;https://open.spotify.com/track/4KgGZEpl6PHxiNJyvtnWE6;
Road To Mythic;KAIA;2024;Single;ALAMAT;https://open.spotify.com/track/5pGvKMVkW0QaR0f8wy1KQJ;
TANGA;KAIA;2025;Single;;https://open.spotify.com/track/35XFkYrc5OH9pPlkIwzbJX;
Walkie Talkie;KAIA;2025;Single;;https://open.spotify.com/track/0nQxF9FqJ2VZ3LkC1GLSJY;
Bling Bling;DIONE;2022;Single;;https://open.spotify.com/track/7DZkSrPKnLYYYS5x2mT7l7;
Break You Down;DIONE;2023;Single;;https://open.spotify.com/track/3kvIX1PGajaLWb5isySR9J;
Pangako;DIONE;2023;Single;;https://open.spotify.com/track/2nevebOF51dkILGi9M05bW;
Paulit-Ulit;DIONE;2024;Single;;https://open.spotify.com/track/1zALBX3CuA24iDS61021Vy;
Runnin';DIONE;2024;Single;;https://open.spotify.com/track/2dTCPEiepafJd0J8RGQdXr;
Echoes of Earth;DIONE;2024;Celeste Voyage;;https://open.spotify.com/track/2J4A9smzJ2mjHIluRS1jyJ;
Global Hearts;DIONE;2024;Celeste Voyage;;https://open.spotify.com/track/3LE16GB3lkkTdfVCuKWMmP;
Blue Horizons;DIONE;2024;Celeste Voyage;;https://open.spotify.com/track/2Q3RuH6Lx0MyNyxaaNoA1p;
Nomadic Souls;DIONE;2024;Celeste Voyage;;https://open.spotify.com/track/1BkV4O38bVE9pHnxJGDFav;
Echoes of Laughter;DIONE;2024;Celeste Voyage;;https://open.spotify.com/track/6tsd2KSny3ndSE5EdRYaDS;
Wanderlust Friends;DIONE;2024;Celeste Voyage;;https://open.spotify.com/track/4VODMMQvq5RYFpl1YhInai;
Planet of Dreams;DIONE;2024;Celeste Voyage;;https://open.spotify.com/track/4gRZIBwj0z5cl5Z7fCqZhQ;
Miles Apart, Close at Heart;DIONE;2024;Celeste Voyage;;https://open.spotify.com/track/2CCk2X9L6VS48F6TbbmA9f;
Infinite Connections;DIONE;2024;Celeste Voyage;;https://open.spotify.com/track/7aUQyY5KMh5bonnNc8Qdnl;
Unity in Diversity;DIONE;2024;Celeste Voyage;;https://open.spotify.com/track/1HpNhuJjhfg5vuataHLyuk;
Skyline Conversations;DIONE;2024;Celeste Voyage;;https://open.spotify.com/track/4Dck75DREu6EWUOwZPFoXT;
Chasing Sunsets;DIONE;2024;Celeste Voyage;;https://open.spotify.com/track/0LUdIHiPEYgBHE4zgjd9xH;
Cosmic Companions;DIONE;2024;Celeste Voyage;;https://open.spotify.com/track/7t3gNMXqPc7FnyG7ISrgob;
World Within Us;DIONE;2024;Celeste Voyage;;https://open.spotify.com/track/2R40fwYKpHxdxw286ejUAP;
Endless Journeys;DIONE;2024;Celeste Voyage;;https://open.spotify.com/track/3m6Q8s8VovqpuqNlGxWVd0;
Bang;G22;2021;Single;;https://open.spotify.com/track/5ePKWiTwDHvZGfSqk3YxWP;
Babalik;G22;2022;Single;;https://open.spotify.com/track/5g6PpXjk2mQPXsinRlaLxy;
Booty;G22;2022;Single;;https://open.spotify.com/track/3fHfRJ2AQIFskQy5xbKyLd;
Babaero;G22;2023;Single;;https://open.spotify.com/track/0Kz8f2JhmS4tRxVyQz8dpE;
LOKA;G22;2023;Single;;https://open.spotify.com/track/0xpuBL6ayhNOiewu8ftmXy;
Musika;G22;2023;Single;;https://open.spotify.com/track/33DMX9LvLFdgbVaZKCD8t4;
One Sided Love;G22;2024;Single;;https://open.spotify.com/track/4PolJ8iCpJrBSs3ok6eke9;
It Lies Within;G22;2024;Single;;https://open.spotify.com/track/14o3mu5LpDDxgn6wMqzqYQ;
Limitless;G22;2024;Single;;https://open.spotify.com/track/6uprAd2AlULi5L8a5N7Rx7;
I Hate Boys;G22;2024;Single;;https://open.spotify.com/track/5NX9nNJbWvy4qAc0lQLluA;
Pa-Pa-Pa-Palaban;G22;2025;The Dissection Of Eve;;https://open.spotify.com/track/3ftB0WtBHlCrTJUT21wtxA;
LAKUMPAKE!;G22;2025;The Dissection Of Eve;;https://open.spotify.com/track/7nSWT4lUjyLZoQgYpfvf4y;
Groove On;G22;2025;The Dissection Of Eve;;https://open.spotify.com/track/5g5X7fQpoL8NU3D7Ir7INZ;
Super Saiyan;G22;2025;The Dissection Of Eve;;https://open.spotify.com/track/76d2Jy12bgBpdlH8RAqSZE;
KIAK (Kung Ikaw At Ako);G22;2025;The Dissection Of Eve;;https://open.spotify.com/track/1s32n6YCDQoLLk3Zze6P9r;
Until When? (Kinakaya Ko Pa);G22;2025;The Dissection Of Eve;;https://open.spotify.com/track/4A1z5X17XtVkkOmAnCGxlo;
First;G22;2025;The Dissection Of Eve;;https://open.spotify.com/track/29DBERaSwAdw9ymabbH7Fu;
Filipina Queen;G22;2025;The Dissection Of Eve;;https://open.spotify.com/track/2q1k23dy9Nn5K956oBcPJD;
Click Click Boom;FINIX;2025;Single;;https://open.spotify.com/track/4tHfSqVS6pcZOhHtq761sr;
Hand in Hand;FINIX;2025;Single;;https://open.spotify.com/track/7Lv9Wl56RDyXCYAEZJOw8u;
Filipina Baddies;FINIX;2025;Single;;https://open.spotify.com/track/31Pu1skoneIYfbC4YSn2q1;
Thirsty;FINIX;2025;Single;;https://open.spotify.com/track/6jmX7AluLrZdpLN7PEF9cP;
Sumugal sa Akin;FINIX;2025;Single;;https://open.spotify.com/track/1ptZ0M9UAW8cC4nTRkovAm;
Thanks For The Rain;FINIX;2025;Single;;https://open.spotify.com/track/2YcVKf6H8qLG5zVvPjH0Nr;
Letters Never Sent;Arthur Nery;2019;Letters Never Sent;;https://open.spotify.com/track/2kcF2hBLEPx6oD3KzKxASl;
Hung Up;Arthur Nery;2019;Letters Never Sent;;https://open.spotify.com/track/5YHXL4ggZEHZUgQBgLF0Oz;
Got Me Tangled;Arthur Nery;2019;Letters Never Sent;;https://open.spotify.com/track/4u64obrtHkeaBk9pmiaWdw;
Binhi;Arthur Nery;2019;Letters Never Sent;;https://open.spotify.com/track/0sNZsYY8LSCCM4tC2y0zR1;
I'd Still Kiss You;Arthur Nery;2019;Letters Never Sent;;https://open.spotify.com/track/4aEX8nrDpOxHve37fo8myJ;
Letters Never Sent II;Arthur Nery;2019;Letters Never Sent;;https://open.spotify.com/track/5Q44apDbGMoiGHqFMhafWU;
Favorite Vice;Arthur Nery;2019;Letters Never Sent;Meeks;https://open.spotify.com/track/3FejwInTNiOxTOu0b8V3XX;
Life Puzzle;Arthur Nery;2019;Letters Never Sent;;https://open.spotify.com/track/0fzqQpW4G1vxIC1MTlzeY0;
Higa;Arthur Nery;2019;Letters Never Sent;;https://open.spotify.com/track/7gfrASeOt73YWvpIv1fU8E;
Cotton Candy;Arthur Nery;2019;Letters Never Sent;;https://open.spotify.com/track/5eyQmt4Ba7ZzudMIqA6yKo;
Na naman;Arthur Nery;2024;II: The second;;https://open.spotify.com/track/3EMWqEJSk0wqwi5JUYA9l1;
I Gotchu;Arthur Nery;2024;II: The second;;https://open.spotify.com/track/1CsqHMbiESJ3WNivRPxJqj;
Di Nakakasawa;Arthur Nery;2024;II: The second;Kiyo;https://open.spotify.com/track/60mzK1F8VTNfWGaSFprYfI;
Lullaby;Arthur Nery;2024;II: The second;Jolianne;https://open.spotify.com/track/0aYQkDnWVFHScyvs1PmTN8;
Get Going;Arthur Nery;2024;II: The second;jon mejia;https://open.spotify.com/track/5vls9X7yraBXvqfAFYpTuU;
o ninanais;Arthur Nery;2024;II: The second;;https://open.spotify.com/track/2PCEvnMVqgUgq9RmmXWHvk;
Segundo, Siguro;Arthur Nery;2024;II: The second;;https://open.spotify.com/track/62nyaBKPLRSJnoz5xgVsaP;
Nasa'king Damdamin;Arthur Nery;2024;II: The second;;https://open.spotify.com/track/47Nu8iP24s6dzATvqHOYkH;
Foolish;Arthur Nery;2024;II: The second;;https://open.spotify.com/track/6CBECmTOulQcPCw3ufGtNk;
Paalam Lang Ang Palagi;Arthur Nery;2024;II: The second;;https://open.spotify.com/track/1Y5hN1zjgXTtssEYOrFciH;
Happy w u;Arthur Nery;2020;Single;Jason Dhakal;https://open.spotify.com/track/1n94XVEMS40MCW52AyLGDs;
TAKE ALL THE LOVE;Arthur Nery;2021;Single;;https://open.spotify.com/track/2v6jmF6VQWS96x6tSg05IC;
Pagsamo;Arthur Nery;2021;Single;;https://open.spotify.com/track/0WZqHCoOBXqgCCIsUZLC2a;
Isa lang;Arthur Nery;2021;Single;;https://open.spotify.com/track/0HAG6nIiEKd75yGpovuSJQ;
Sinag;Arthur Nery;2022;Single;Sam Benwick;https://open.spotify.com/track/5DARNIgi6aaJxGD5SKAUal;
Mikasa;Arthur Nery;2024;Single;Janine Berdin;https://open.spotify.com/track/12TuXwmfjap9XnPVtBHS8B;
Ayaw Baya;Arthur Nery;2025;Single;;https://open.spotify.com/track/42Xk3IBopZoqG5R9YSctGS;
Paralisado;Arthur Nery;2026;Single;Adie;https://open.spotify.com/track/0uLaVOitbCPo8xOnFbYcfD;
Higa;Arthur Nery;2024;Elevator (OST);;https://open.spotify.com/track/3EJpFH1jtgsocLynmFDuDm;
Pelikula;Arthur Nery;2021;Single;Janine;https://open.spotify.com/track/663vZfMh88Uo2bfTx6wiE4;
Turbo;Arthur Nery;2023;Single;MANILA GREY;https://open.spotify.com/track/6muijR8MRpGebvqYGirdnH;
Sabik;Arthur Nery;2023;LOVES7AGE;DENY;https://open.spotify.com/track/6vMDpwwkfsvSIsH6EVOgWz;
OYAYI;Arthur Nery;2024;Single;Alisson Shore, Keene Leonor;https://open.spotify.com/track/5iXSkIei0VoKtw8tpsupg3;
Palaisipan;Arthur Nery;2025;Single;Loonie;https://open.spotify.com/track/5Qsa2a1GStao34PdmEJUN2;
Palayo Sa Mundo;Arthur Nery;2025;Single;Jolianne;https://open.spotify.com/track/4FVZYiCvdLIX8NpcY0lzda;
Pagsamo;Arthur Nery;2021;My Husband, My Lover (OST);;https://open.spotify.com/track/7tomn3YvPcgIZZbpXHv8Sd;
Binhi;Arthur Nery;2021;Taya (OST);;https://open.spotify.com/track/1xAjV3G5Kp0nLDyCb09x0M;
TAKE ALL THE LOVE;Arthur Nery;2022;Kitty K7 (OST);;https://open.spotify.com/track/3cC0xDjDjjxNhy1oGQHvcN;
Janice;Dilaw;2021;Janice (Single);;https://open.spotify.com/track/0BewsYUbEIKdJmdap9oI7V;
3019;Dilaw;2022;3019 (Single);;https://open.spotify.com/track/06e64wh6xM9EmFDkzu7S3n;
Kaloy;Dilaw;2022;Kaloy (Single);;https://open.spotify.com/track/655gfZ80siU67IXldvNx5C;
Uhaw;Dilaw;2022;Uhaw (Single);;https://open.spotify.com/track/5SyigMsSY8uAV1m27fhnLD;
Uhaw (Tayong Lahat);Dilaw;2022;Uhaw (Tayong Lahat) (Single);;https://open.spotify.com/track/47OFMuRu5lzJHRbtEXPBbs;
Sansinukob;Dilaw;2023;Sansinukob (EP);;https://open.spotify.com/track/7jOqzJjLxMTg6yScO5nYDb;
Maskara;Dilaw;2023;Sansinukob (EP);;https://open.spotify.com/track/38nyyKG2e1vH9dYXXhbzUl;
Orasa;Dilaw;2023;Orasa (Single);;https://open.spotify.com/track/7tEmYgysfhAr3s5hEa8nlc;
Chinelas;Dilaw;2023;Chinelas (Single);AsianCutie;https://open.spotify.com/track/2vexlgpCphgC1jDSFHUyiB;
Hithit Buwang;Dilaw;2023;Di Ilaw Sa Gabing Mapanglaw (Live at Teatrino);;https://open.spotify.com/track/6PH3500JAAT80LChdRIJAf;
Walwal;Dilaw;2023;Di Ilaw Sa Gabing Mapanglaw (Live at Teatrino);;https://open.spotify.com/track/7CTf09mQUx0tn5i5NbcOmY;
Goodnight Prayer;Dilaw;2023;Di Ilaw Sa Gabing Mapanglaw (Live at Teatrino);;https://open.spotify.com/track/4XH17sGMa7haJ4FFDzaZzo;
Sa Kahapon;Dilaw;2024;Sa Kahapon (Single);Janine Berdin;https://open.spotify.com/track/13MbhFKhfggZCUxZcJjB3b;
Nilalang;Dilaw;2024;Nilalang (Single);;https://open.spotify.com/track/7eMn5OCApyTgqrPPoLJWBq;
YIEE;Dilaw;2024;YIEE (Single);;https://open.spotify.com/track/3Jt1u39DvQbrXJ1FfARklr;
Mahal;Dilaw;2025;Mahal (Single);;https://open.spotify.com/track/17k0CnwqLbTPeR8UL0rNZs;
FLYING KISS;Dilaw;2025;FLYING KISS (Single);;https://open.spotify.com/track/7FM8EdwFO6n4v6vFoHpGDE;
BLACK N' WHITE;Dilaw;2025;BLACK N' WHITE (Single);;https://open.spotify.com/track/463Qg3HAd8KjE1YrSHgm6X;
ALL IN;Dilaw;2025;RARARA;;https://open.spotify.com/track/6RBI05udevzEfIr5pdEKLs;
SEYP;Dilaw;2025;RARARA;;https://open.spotify.com/track/1tONCy1XK4830cTvrk18sK;
LAMYERDA;Dilaw;2025;RARARA;;https://open.spotify.com/track/3GBP45m2RHmMYjcu1VuYle;
!;Dilaw;2025;RARARA;;https://open.spotify.com/track/1dc920Zf2upaX1zlNrWown;
IKAW AT AKO AY;Dilaw;2025;RARARA;;https://open.spotify.com/track/4QUmLoBr3snF495FDrOS8C;
H.O.Y. (HANG OVER YOU);Dilaw;2025;RARARA;;https://open.spotify.com/track/2fzvmKkVkjVG7eCTysetek;
RARARA;Dilaw;2025;RARARA;;https://open.spotify.com/track/29LpgyzY0QsvhsNO6XXQ6c;
AMISTAD;Dilaw;2025;RARARA;;https://open.spotify.com/track/3c3OCi8kwKDsV0b0bAXUCp;
Luha;Adie;2020;Single;;https://open.spotify.com/track/2f0T6IDfPT9sNJqqJxEOTR;
Luha;Adie;2020;Single;;https://open.spotify.com/track/0bkD3c7Z6JUkJ0yERbFLUN;
Paraluman;Adie;2021;Single;;https://open.spotify.com/track/2jbf9EytR7fzpSrPWAYCf9;
Paraluman;Adie;2021;Single;;https://open.spotify.com/track/5Hm2MJQ4ECvQmH5QWCMQrR;
Dungaw;Adie;2021;Single;;https://open.spotify.com/track/0gDzFm0j00WYab5fuFbHW8;
Paraluman;Adie;2021;Paraluman (Original Soundtrack From The Vivamax Movie) - Single;;https://open.spotify.com/track/66TgSkYVUd1ROgqlzYVQcX;
Luha;Adie;2021;Paraluman (Original Soundtrack From The Vivamax Movie) - Single;;https://open.spotify.com/track/3Lk6A2zXuiXN23dZ8XflRq;
Paraluman;Adie;2021;Paraluman (Original Soundtrack from the Vivamax Movie) - EP;;https://open.spotify.com/track/5sj6pEPMrQBrLqdwpSHALU;
Luha;Adie;2021;Paraluman (Original Soundtrack from the Vivamax Movie) - EP;;https://open.spotify.com/track/36vnJoztPL2VS4M2QAxB4R;
Sawa Na;Adie;2021;Single;;https://open.spotify.com/track/1ZpXSfkQVQTwB6MbWpzsZW;
Tahanan;Adie;2021;Single;;https://open.spotify.com/track/0R14hunYxRvkNZue5WL4Oc;
You'll Be Safe Here;Adie;2022;Single;;https://open.spotify.com/track/4whLOE7hwNIAykoMcSZmvO;
You'll Be Safe Here;Adie;2022;366 (Original Soundtrack from the Vivamax Movie);;https://open.spotify.com/track/5aLnnQco1X4HO3Ruixhqi3;
Mahika;Adie;2022;Single;Janine Berdin;https://open.spotify.com/track/47sq83n5WN22ZzYnGn8aTy;
Kabado;Adie;2022;Single;;https://open.spotify.com/track/7oLe1cVRqLpoH2NozJ78mh;
Tinatangi;Adie;2022;Single;Chrstn;https://open.spotify.com/track/5Pgssd39LAfVsR9gvUVwU7;
Kursunada;Adie;2023;Single;;https://open.spotify.com/track/0vDzg5rADviX5YizHGo6UU;
Mahika;Adie;2023;For The Love (Soundtrack from the TV Series);Janine Berdin;https://open.spotify.com/track/6uJAJ35eYvwrjLOHyhM9Ds;
Senaryo;Adie;2023;Senaryo (Album);;https://open.spotify.com/track/2JR5hem9dWtiidDXq7l2mL;
Mahika;Adie;2023;Senaryo (Album);Janine Berdin;https://open.spotify.com/track/2nqlM3gNBMi5Zf9MDzp2Xi;
Kursunada;Adie;2023;Senaryo (Album);;https://open.spotify.com/track/2nFlnxNDXuehBDacr9SLKD;
G.K.Y.A.M.;Adie;2023;Senaryo (Album);;https://open.spotify.com/track/75ehhpTqolwwvZuzCjCXof;
Token;Adie;2023;Senaryo (Album);;https://open.spotify.com/track/38cwyTLnrwh5TjKKJTsPiB;
Paraluman;Adie;2023;Senaryo (Album);;https://open.spotify.com/track/1etOJ1EIVf7Qf51rmm0Zmd;
Kabado;Adie;2023;Senaryo (Album);;https://open.spotify.com/track/4aa8nlykW7j4jeBLeKQRyN;
Tahanan;Adie;2023;Senaryo (Album);;https://open.spotify.com/track/7oMCyUv2mpT7Q4FWHnX2hZ;
Ewan;Adie;2023;Senaryo (Album);;https://open.spotify.com/track/74c7i29BgMJ1pg7ZUcCkgC;
Dungaw;Adie;2023;Senaryo (Album);;https://open.spotify.com/track/2omGykRRSHw5G0zncnY7v0;
Paumanhin;Adie;2023;Senaryo (Album);Flow G;https://open.spotify.com/track/3tSRjmIZdw0d8S36aJDsEu;
Hoy!;Adie;2023;Senaryo (Album);;https://open.spotify.com/track/7kTlnlBIKQvt2dQD1f58kE;
Paralumbay;Adie;2023;Senaryo (Album);;https://open.spotify.com/track/7yPPbO3KrSwryBbGnI8QAW;
Closer You and I;Adie;2024;Single;;https://open.spotify.com/track/4yefFdkOF4T8rN6OAO7RIP;
Oh, Giliw;Adie;2024;Single;;https://open.spotify.com/track/5oV4B6QECdCASfEfElcIQA;
Nobya;Adie;2024;Single;;https://open.spotify.com/track/6eBIvH2ARm4psC3kkbARSn;
balik;Adie;2024;Single;Dom Guyot;https://open.spotify.com/track/0ggYDzLfMhAzbcWqoyXGKX;
Ms. Pakipot;Adie;2025;Single;;https://open.spotify.com/track/0JkoOMtuZZ7wFqq1fnS5v5;
Umpisa;Adie;2025;Single;Moira Dela Torre;https://open.spotify.com/track/54zafUdXhsrckhrBF4PmmP;
Piliin;Adie;2025;Single;;https://open.spotify.com/track/6NTsYsrWYtsXhTPNZAV0Dp;
Paralisado;Adie;2026;Single;Arthur Nery;https://open.spotify.com/track/0uLaVOitbCPo8xOnFbYcfD;
Bibingka;Ben&Ben;2016;Single;;https://open.spotify.com/track/3nmRSlzR7xtAo95GjfIahZ;
Susi (From the Film "GOYO - Ang Batang Heneral");Ben&Ben;2016;Single;;https://open.spotify.com/track/3I572cT9kECh41bZz2xPhy;
Ride Home;Ben&Ben;2017;Single;;https://open.spotify.com/track/1fXHTDYsJiFOjVWITaFp1j;
Kathang Isip;Ben&Ben;2017;Single;;https://open.spotify.com/track/3WUEs51GpcvlgU7lehLgLh;
Leaves;Ben&Ben;2017;Single;;https://open.spotify.com/track/6wdCelHrPh7UfliNjwRTUv;
Maybe The Night;Ben&Ben;2017;Single;;https://open.spotify.com/track/1yDiru08Q6omDOGkZMPnei;
SUNRISE;Ben&Ben;2018;Single;;https://open.spotify.com/track/3pO8AS9mXlI85OsHbJa4Jf;
Branches;Ben&Ben;2018;Single;;https://open.spotify.com/track/3rheINeddqah49dElHlqbZ;
Ours;Ben&Ben;2018;Single;HARV;https://open.spotify.com/track/2Bb9MjP3gY9oaUXXJLFDVi;
Balik-Balikan;Ben&Ben;2018;Single;Sam Concepcion;https://open.spotify.com/track/3qHu91QoBFiGZL9yDSsOXY;
Bibingka;Ben&Ben;2018;Single;Sam Concepcion;https://open.spotify.com/track/7shxLPcozkKTGeJXl4Jett;
Dati (Cover Version);Ben&Ben;2018;Single;;https://open.spotify.com/track/48Utf6gNBC9rewCPEvL5ja;
Limasawa Street (Steve Lillywhite Mix);Ben&Ben;2019;LIMASAWA STREET;;https://open.spotify.com/track/7A3polZVo6cZW3CcrMGFvn;
Pagtingin;Ben&Ben;2019;LIMASAWA STREET;;https://open.spotify.com/track/5l9g7py8RCblcvbZgGQgSd;
Fall;Ben&Ben;2019;LIMASAWA STREET;;https://open.spotify.com/track/4SQ3HwsAiGTikY7gOAybwH;
Talaarawan;Ben&Ben;2019;LIMASAWA STREET;;https://open.spotify.com/track/65qee5VaBdavyP76V47Wr2;
Hummingbird;Ben&Ben;2019;LIMASAWA STREET;;https://open.spotify.com/track/7xzHDGXxOdIJcg2cyysE8i;
Mitsa (Salamat);Ben&Ben;2019;LIMASAWA STREET;;https://open.spotify.com/track/1PUWUlqe6m5HqX754lN3Bs;
Baka Sakali;Ben&Ben;2019;LIMASAWA STREET;Ebe Dancel;https://open.spotify.com/track/10LPu1YBDjhYOtEew5g5Of;
Lucena;Ben&Ben;2019;LIMASAWA STREET;;https://open.spotify.com/track/46FyIhNpuWTIxtKjALlZ9Y;
Sampaguita;Ben&Ben;2019;LIMASAWA STREET;;https://open.spotify.com/track/3uSLCrfK2gvBZ6OUuAdawA;
War;Ben&Ben;2019;LIMASAWA STREET;;https://open.spotify.com/track/1EEsKj8lQKZwaFXJ5GFsdk;
Godsent;Ben&Ben;2019;LIMASAWA STREET;;https://open.spotify.com/track/5KwhZikeUYYF6qzFZPsC2l;
Roots;Ben&Ben;2019;LIMASAWA STREET;;https://open.spotify.com/track/4m9kyXFCkyQewLshQBI9mC;
Araw-Araw;Ben&Ben;2019;LIMASAWA STREET;;https://open.spotify.com/track/4rG3h1QwgjSSWz8EIjCFrm;
Masyado Pang Maaga;Ben&Ben;2019;Single;;https://open.spotify.com/track/0luyrm1L6gjtoLekHOf67t;
Make It With You;Ben&Ben;2019;Single;;https://open.spotify.com/track/2Mo4pOpCYXOu33856sMQLh;
Sa Susunod na Habang Buhay;Ben&Ben;2020;Single;;https://open.spotify.com/track/3PgjBOoA5OytNGkglObpOd;
Doors;Ben&Ben;2020;Single;;https://open.spotify.com/track/37WFUZgkjJKLaISRcX0269;
Lifetime;Ben&Ben;2020;Single;;https://open.spotify.com/track/3X9c4tBzSdGhlO4Fx3WYgW;
Nakikinig Ka Ba Sa Akin;Ben&Ben;2020;Single;;https://open.spotify.com/track/74jVIbukOhR0Am7YXKiJMM;
Di Ka Sayang;Ben&Ben;2020;Single;;https://open.spotify.com/track/0V9rj37SqxF06EOV809odq;
Kuwaderno;Ben&Ben;2021;Pebble House, Vol. 1: Kuwaderno;;https://open.spotify.com/track/1kORxnBnxk57ZDioKp9pQD;
Kasayaw;Ben&Ben;2021;Pebble House, Vol. 1: Kuwaderno;;https://open.spotify.com/track/6pfFeZffoaxQGmvYSLM8wI;
Swimming Pool;Ben&Ben;2021;Pebble House, Vol. 1: Kuwaderno;Chito Miranda;https://open.spotify.com/track/6qS0J555KgzxQ01E8x6vux;
Elyu;Ben&Ben;2021;Pebble House, Vol. 1: Kuwaderno;;https://open.spotify.com/track/5otb0YFuK5z8ffisicdQfs;
Pasalubong;Ben&Ben;2021;Pebble House, Vol. 1: Kuwaderno;Moira Dela Torre;https://open.spotify.com/track/3HQirj18HMpG93YJBHGBl1;
Magpahinga;Ben&Ben;2021;Pebble House, Vol. 1: Kuwaderno;;https://open.spotify.com/track/1n36QJt9f05UqZkHyIEkVh;
Lunod;Ben&Ben;2021;Pebble House, Vol. 1: Kuwaderno;Zild, Juan Karlos;https://open.spotify.com/track/4vAYg1rLGyJiXUiU5LMdg3;
Sabel;Ben&Ben;2021;Pebble House, Vol. 1: Kuwaderno;KZ Tandingan;https://open.spotify.com/track/5FDLm9oybqGymDWXMRcGk9;
Kapangyarihan;Ben&Ben;2021;Pebble House, Vol. 1: Kuwaderno;SB19;https://open.spotify.com/track/6FFtbC1K2aNeCS376paoHN;
Sugat;Ben&Ben;2021;Pebble House, Vol. 1: Kuwaderno;Munimuni;https://open.spotify.com/track/52op5RbA65JSr7NnWCTWoi;
Upuan;Ben&Ben;2021;Pebble House, Vol. 1: Kuwaderno;;https://open.spotify.com/track/0G8EG6iSIvoeRwoFs0R89v;
Ilang Tulog Na Lang;Ben&Ben;2021;Pebble House, Vol. 1: Kuwaderno;;https://open.spotify.com/track/1wizf5O3ngQkyEIVlzTgW9;
Kayumanggi;Ben&Ben;2021;Pebble House, Vol. 1: Kuwaderno;;https://open.spotify.com/track/5YGnsANs7t65udKqIwtEGv;
Inevitable;Ben&Ben;2021;Single;;https://open.spotify.com/track/5eTytSrtW2P1pchAEfSTta;
Tuloy Na Tuloy Pa Rin Ang Pasko;Ben&Ben;2021;Single;;https://open.spotify.com/track/5ddSry66y3GorJF4P59a2p;
Leaves (feat. Young K);Ben&Ben;2021;Single;Young K;https://open.spotify.com/track/2zDCJxQALaKymrn3LdBFd0;
The Ones We Once Loved;Ben&Ben;2022;Single;;https://open.spotify.com/track/6YjKd9oPXKqjLUVPo4Y0oi;
Langyang Pag-Ibig;Ben&Ben;2022;Single;;https://open.spotify.com/track/3NxCPoPvxK6QQgmMCX6QYV;
Paninindigan Kita;Ben&Ben;2022;Single;;https://open.spotify.com/track/5d9Rka4T0szdC1MobhtXrV;
Mag-ingat;Ben&Ben;2022;Single;;https://open.spotify.com/track/5H7Q6oBminCDk7Xx99dJhp;
Dear;Ben&Ben;2022;Single;;https://open.spotify.com/track/3OlYxhUI4YtdVw2zZ85Syr;
Courage (Acoustic Ver.);Ben&Ben;2023;Single;;https://open.spotify.com/track/2qsd9R4G0g1dZwVejfGowK;
The Traveller;Ben&Ben;2024;The Traveller Across Dimensions;;https://open.spotify.com/track/0nBvB8v88wR1stvOPYy0EE;
Could Be Something;Ben&Ben;2024;The Traveller Across Dimensions;;https://open.spotify.com/track/2YB0SVIghSbQ729pyZPVk5;
Supernatural;Ben&Ben;2024;The Traveller Across Dimensions;;https://open.spotify.com/track/47gPxNsu5Ulic9yHmsiOXh;
Autumn;Ben&Ben;2024;The Traveller Across Dimensions;;https://open.spotify.com/track/34fLrDNGM9YQ7ucKpqVYwW;
Winter;Ben&Ben;2024;The Traveller Across Dimensions;;https://open.spotify.com/track/29CJeUpFlkOCQLVDaPBefr;
Burn;Ben&Ben;2024;The Traveller Across Dimensions;;https://open.spotify.com/track/1sbjspm4nfOsLIwsgw5Wwe;
Comets;Ben&Ben;2024;The Traveller Across Dimensions;;https://open.spotify.com/track/6C4jFxNkZb0sSPrJlarwTN;
Courage;Ben&Ben;2024;The Traveller Across Dimensions;;https://open.spotify.com/track/1ZnsrLBm0CqMvNiKxtUsZt;
Triumph;Ben&Ben;2024;The Traveller Across Dimensions;;https://open.spotify.com/track/7s7sb46RL04kA8KVqjG7rC;
Peace of Mind;Ben&Ben;2024;The Traveller Across Dimensions;;https://open.spotify.com/track/5x4TPTh8GB2vteHfMfPWjv;
Shutter;Ben&Ben;2024;The Traveller Across Dimensions;;https://open.spotify.com/track/0P6t8jG5y2Q3xHvaCwxs9Y;
Tomorrow With You;Ben&Ben;2024;The Traveller Across Dimensions;;https://open.spotify.com/track/100ZllQ0QNUNG2vwIsZpZ6;
New Dimensions;Ben&Ben;2024;The Traveller Across Dimensions;;https://open.spotify.com/track/2fPTeoTG28JAExuQyoX8b5;
Comets (with Petra Sihombing);Ben&Ben;2024;Single;Petra Sihombing;https://open.spotify.com/track/4DORdPh0YOYXrOlPi1qRG5;
Tomorrow With You (Live at The Traveller Across Dimensions Concert);Ben&Ben;2025;Single;;https://open.spotify.com/track/4c0Vm8K8yJEJXP7JcaffaZ;
Heaven;Ben&Ben;2025;Single;Tilly Birds;https://open.spotify.com/track/3DpLteY0bgkKgpa3OSRBso;
Saranggola;Ben&Ben;2025;Single;;https://open.spotify.com/track/2V3HVXu25O5xCAjmmptYCo;
Kathang Isip (with Angela Ken);Ben&Ben;2025;Single;Angela Ken;https://open.spotify.com/track/4aTRpc0he7xd1YhIktMTRm;
Sa Kapwa Ko Ay Alay;Ben&Ben;2025;Single;;https://open.spotify.com/track/0EhqzN5m29ghtmCiAojESv;
Duyan;Ben&Ben;2026;Single;;https://open.spotify.com/track/4YyVQYnnzEO3y7hHNSn6sg;
Nag-Iisang Muli;Cup of Joe;2019;Single;;https://open.spotify.com/track/3TMiRvIG2vYjmQh8VwZDeH;
Sinderela;Cup of Joe;2019;Single;;https://open.spotify.com/track/4MsOWApwFYowURf1CsztXP;
Alas Dose;Cup of Joe;2019;Single;;https://open.spotify.com/track/3cOgXHh7vFpw2jyj4Ppxxz;
Sagada;Cup of Joe;2020;Single;;https://open.spotify.com/track/2wh4fGevm9QWeZtUXEJYCp;
Hayaan;Cup of Joe;2020;Single;;https://open.spotify.com/track/0GEelfsg0vii5yYCVYsvQ8;
Bukod-Tangi;Cup of Joe;2021;Single;;https://open.spotify.com/track/66tKd60oZUTAK0PdmXJl09;
Ikaw Pa Rin Ang Pipiliin Ko;Cup of Joe;2021;Single;;https://open.spotify.com/track/3LvrJEPQ61Vvj1t3Edg20X;
Tingin;Cup of Joe;2023;Patutunguhan;Janine;https://open.spotify.com/track/3Avsya1f8cxvSzyRlrFIhP;
Patutunguhan;Cup of Joe;2023;Patutunguhan;;https://open.spotify.com/track/1EP2WyCX9Q7y24bKPSZ0tc;
Wag Na Lang;Cup of Joe;2023;Patutunguhan;;https://open.spotify.com/track/7I5o8fJ2W4WWckv6LGQLIo;
Tataya;Cup of Joe;2023;Patutunguhan;;https://open.spotify.com/track/1iySC9sEJX8yfNf6rQrCBf;
Estranghero;Cup of Joe;2023;Patutunguhan;;https://open.spotify.com/track/27x4kbvoIKA4fD9TUnWuoE;
Mananatili;Cup of Joe;2023;Patutunguhan;;https://open.spotify.com/track/5yPLY8rf05g2T3KcBCNFLl;
Lahat Ng Bukas;Cup of Joe;2024;Single;Keanna Mag;https://open.spotify.com/track/3s39TR3Iarc2013cuvDGQ7;
Ikaw;Cup of Joe;2024;Ikaw Pa Rin Ang Pipiliin Ko (OST);;https://open.spotify.com/track/1MFgKlV9XOrqKcVLlDEGIQ;
Ikaw;Cup of Joe;2024;Ikaw Pa Rin Ang Pipiliin Ko (OST);Julia Barretto;https://open.spotify.com/track/28bvkaJWrZVDACONPAIQWg;
Ikaw Pa Rin Ang Pipiliin Ko;Cup of Joe;2024;Ikaw Pa Rin Ang Pipiliin Ko (OST);;https://open.spotify.com/track/34gun9nJelVyrsE2ctZhse;
Misteryoso;Cup of Joe;2024;Single;;https://open.spotify.com/track/0kE1SmlJNLg14dgdo9kJws;
Multo;Cup of Joe;2025;Silakbo;;https://open.spotify.com/track/5tlb0AxuzsMWL2GtEppXGX;
Bagyo;Cup of Joe;2025;Silakbo;;https://open.spotify.com/track/0I2ugiLWhuMPSxpmEeRpZA;
Wine;Cup of Joe;2025;Silakbo;;https://open.spotify.com/track/2BNoUBAaT0H2IxxdZeQIQu;
Kanelang Mata;Cup of Joe;2025;Silakbo;;https://open.spotify.com/track/2ksChKYUmNwaIRsaIdOLca;
Bubog;Cup of Joe;2025;Silakbo;;https://open.spotify.com/track/7n1BbFCtHq4cRA5rXaWOaD;
Siping;Cup of Joe;2025;Silakbo;;https://open.spotify.com/track/1wBb0ntM6p136xh5Y0btw8;
Pahina;Cup of Joe;2025;Silakbo;;https://open.spotify.com/track/0jGL1ApJ7QrVWL7nRqLdij;
'Di Maaari;Cup of Joe;2025;Silakbo;;https://open.spotify.com/track/3if1BKuZFDr3nhxhGBtPfG;
Hinga;Cup of Joe;2025;Silakbo;;https://open.spotify.com/track/1GnKxS0EqOON4xiKTVmFJQ;
Silakbo;Cup of Joe;2025;Silakbo;;https://open.spotify.com/track/0xW6HjCyIEN81xIKpmp6td;
Sandali;Cup of Joe;2025;Single;;https://open.spotify.com/track/01yAdrgd5cjxUyebfX4VGa;
Bagyo - Live;Cup of Joe;2025;Silakbo (Live);;https://open.spotify.com/track/55DxXImh8BhfYNFEcKCAQC;
Wag Na Lang - Live;Cup of Joe;2025;Silakbo (Live);;https://open.spotify.com/track/12x7TSP187cLtNrr2BcAjt;
Patutunguhan - Live;Cup of Joe;2025;Silakbo (Live);;https://open.spotify.com/track/7aZUKE6vnjk6xJWTtyqb7Q;
Wine - Live;Cup of Joe;2025;Silakbo (Live);;https://open.spotify.com/track/1YxR2PvEQKU0oFOUokfeJm;
Kanelang Mata - Live;Cup of Joe;2025;Silakbo (Live);;https://open.spotify.com/track/3W2ejWy1OT93GYehErewsW;
Bubog - Live;Cup of Joe;2025;Silakbo (Live);;https://open.spotify.com/track/2qxRtPJyZ2BZgjb4wxXPTF;
Pahina - Live;Cup of Joe;2025;Silakbo (Live);;https://open.spotify.com/track/5YsvZYuoJGtsLY41E2UcSn;
Siping - Live;Cup of Joe;2025;Silakbo (Live);;https://open.spotify.com/track/6EtDNiyltLziipX02AGT6X;
Lahat Ng Bukas - Live;Cup of Joe;2025;Silakbo (Live);Keanna Mag;https://open.spotify.com/track/7svxM2vHiXNSYj0tLDpw66;
Estranghero - Live;Cup of Joe;2025;Silakbo (Live);;https://open.spotify.com/track/7vhFN8mkUQ3h00s4ChV4R1;
Hayaan - Live;Cup of Joe;2025;Silakbo (Live);;https://open.spotify.com/track/0FvyoJ6Pd4iMaWuDduNfk4;
Tataya - Live;Cup of Joe;2025;Silakbo (Live);;https://open.spotify.com/track/4JYf6mLIn8VhfRbi1VLv2t;
Misteryoso - Live;Cup of Joe;2025;Silakbo (Live);;https://open.spotify.com/track/3UZYQ0rw1EuuVOC0EyQiAV;
Tingin - Live;Cup of Joe;2025;Silakbo (Live);Janine;https://open.spotify.com/track/3JY7kazhPp7qljwi916t3i;
Multo - Live;Cup of Joe;2025;Silakbo (Live);;https://open.spotify.com/track/2FglJMvJovfOdJU72TDqit;
'Di Maaari - Live;Cup of Joe;2025;Silakbo (Live);;https://open.spotify.com/track/4b1V1pOzdkIBHHyzFR5DDe;
Nag-iisang Muli - Live;Cup of Joe;2025;Silakbo (Live);;https://open.spotify.com/track/0GeGkheSINUxlSVMNCj71x;
Sagada - Live;Cup of Joe;2025;Silakbo (Live);;https://open.spotify.com/track/3LYKCBuVTAItncxkcdaUC2;
Hinga - Live;Cup of Joe;2025;Silakbo (Live);;https://open.spotify.com/track/2AkmK7B1f7eD1GvN0RpxaX;
Silakbo - Live;Cup of Joe;2025;Silakbo (Live);;https://open.spotify.com/track/0kE40Al0eC97k4r2p9CoBV;
Mananatili - Live;Cup of Joe;2025;Silakbo (Live);;https://open.spotify.com/track/6khLp1vBQ0WQGBmSvOtAe7;
Sinderela - Live;Cup of Joe;2025;Silakbo (Live);;https://open.spotify.com/track/0WCSlLEM8qju9TU7dz0VWF;
Multo (Stripped Down);Cup of Joe;2026;The Loved One (OST);;https://open.spotify.com/track/1GSv3y0eL50grXOaro8BTn;
Tingin;Cup of Joe;2026;The Loved One (OST);Janine;https://open.spotify.com/track/5O7dHERnvoKGz201gAnVQv;
Multo;Cup of Joe;2026;The Loved One (OST);;https://open.spotify.com/track/0y3JZzwAoXC91c8Z7oW57n;
City Lights;December Avenue;2017;December Avenue;;https://open.spotify.com/track/697IbjmVbS0WHKtnTELl28;
Sleep Tonight;December Avenue;2017;December Avenue;;https://open.spotify.com/track/0KzB2OAG7oYEPOsNcXf6T6;
Fallin';December Avenue;2017;December Avenue;Clara Benin;https://open.spotify.com/track/6uEbzsk9Yd9zXRG2yBIi0n;
Ears and Rhymes;December Avenue;2017;December Avenue;;https://open.spotify.com/track/5BD8R2Pia1PVgigtXzNRgf;
I'll Be Watching You;December Avenue;2017;December Avenue;;https://open.spotify.com/track/4ebS8gRsLGEGj2WuWxoRCw;
Back to Love;December Avenue;2017;December Avenue;;https://open.spotify.com/track/3UWiaiNoFJeAUrfeD1VsxI;
Eroplanong Papel;December Avenue;2017;December Avenue;;https://open.spotify.com/track/7MrDNu3hC1MjczXhi1citM;
Dive;December Avenue;2017;December Avenue;;https://open.spotify.com/track/4pLmH9m91KyK8niExb4FqX;
Forever;December Avenue;2017;December Avenue;;https://open.spotify.com/track/7DoNgStBB6xFiCTZArAN15;
Breathe Again;December Avenue;2017;December Avenue;;https://open.spotify.com/track/6hkF8mX99UDWUoHQ6xwsjK;
Time to Go;December Avenue;2017;December Avenue;;https://open.spotify.com/track/3rUM8jx286gnBExSGYrV8f;
Bulong;December Avenue;2019;Langit Mong Bughaw;;https://open.spotify.com/track/5rV7xueHNNXaZqOLroaUta;
Kung 'Di Rin Lang Ikaw;December Avenue;2019;Langit Mong Bughaw;Moira Dela Torre;https://open.spotify.com/track/2KjZEVkRS7wStfRygdRnso;
Magkunwari ('Di Man Tayo);December Avenue;2019;Langit Mong Bughaw;;https://open.spotify.com/track/3bJy1UduTNMnnk1soBYyrK;
Muling Magbabalik;December Avenue;2019;Langit Mong Bughaw;;https://open.spotify.com/track/0Feg1cg32vp3EmVwEvSYFE;
Sa Ngalan Ng Pag-Ibig;December Avenue;2019;Langit Mong Bughaw;;https://open.spotify.com/track/1FnPkOlWCMwRtfXeAAuhMu;
Sa Paghimig Mo;December Avenue;2019;Langit Mong Bughaw;;https://open.spotify.com/track/5VIXkOeKsZDYye15Xhr5sT;
Dahan;December Avenue;2019;Langit Mong Bughaw;;https://open.spotify.com/track/4kEVDvxSiBOBHxB3hR4iqz;
Kahit Di Mo Alam;December Avenue;2019;Langit Mong Bughaw;;https://open.spotify.com/track/7Ej7MKkFmuDApmawGwSA3S;
Kahit Sa Panaginip;December Avenue;2019;Langit Mong Bughaw;;https://open.spotify.com/track/1n945VPMXC7lDEJsbxK6pE;
Huling Sandali;December Avenue;2019;Langit Mong Bughaw;;https://open.spotify.com/track/6rIx9meOtOHDoo6ryRUdHv;
Sa Dulo Ng Walang Hanggan;December Avenue;2019;Langit Mong Bughaw;;https://open.spotify.com/track/76hY08tpF7iU5yffRwQWQs;
Paskong Alaala;December Avenue;2017;Single;;https://open.spotify.com/track/45pncOQEfx9eVJ5GlyXa1e;
Kung Ako Na Lang Sana;December Avenue;2018;Single;;https://open.spotify.com/track/5bx2Zs9QQ7A8k7RFithoIz;
Sa Dulo Ng Walang Hanggan (Piano Version);December Avenue;2018;Single;;https://open.spotify.com/track/1mTROTnvFi7uxGciL319Kb;
Kahit Sa Panaginip;December Avenue;2019;Single;Khalil Ramos;https://open.spotify.com/track/4Prcmh1dIZvT2DwYk8TC7l;
Bakas Ng Talampakan;December Avenue;2020;Single;;https://open.spotify.com/track/7jTO2Pyavfit1JCdMVrkud;
Umaaraw, Umuulan;December Avenue;2020;Single;;https://open.spotify.com/track/2h2qK7Gf5yw0jx8dOQnUgo;
Polaris;December Avenue;2020;Single;;https://open.spotify.com/track/4qnLsukL6Kkypa0joQSvpD;
Unfamiliar;December Avenue;2021;Single;;https://open.spotify.com/track/0KZResUSg4qEtwSxL1cBqr;
Drive;December Avenue;2021;Single;;https://open.spotify.com/track/6cRu69vqU3lENqlFEULIgH;
Isang Himala;December Avenue;2021;Single;;https://open.spotify.com/track/0jpPRcsopH1lZnIj5uLlyO;
Saksi Ang Langit;December Avenue;2022;Single;;https://open.spotify.com/track/6tPFZRJKj5JR7qO3qWxaVm;
Ilang Beses Kita Mamahalin?;December Avenue;2023;Single;;https://open.spotify.com/track/7qJfJulRbu1GiyAY5svOei;
Wala Nang Iba;December Avenue;2023;Single;Belle Mariano;https://open.spotify.com/track/6wJWjSeyr2usaQBTcvRR0R;
In My Arms Is Where I'll Keep You;December Avenue;2023;Single;;https://open.spotify.com/track/47OktvwapC5hbuJQWO3ukt;
Face of God;December Avenue;2024;Single;;https://open.spotify.com/track/4A9M5nq0KsU8A58nfoFb0q;
Paraya;December Avenue;2024;Single;;https://open.spotify.com/track/5DDS1hu1GcEZppuArUcfUA;
Ahon;December Avenue;2025;Single;Morissette;https://open.spotify.com/track/2ZNUhyHeCLzwKLBMH0m48Y;
I Don't Wanna Wait;December Avenue;2011;90s Music Comes Alive;;https://open.spotify.com/track/076u5BInS1j1pb9QbPfLfV;
Jingle Bells X Deck the Halls;December Avenue;2018;Single;Khalil Ramos;https://open.spotify.com/track/4w1maTceOzURZYKqDzninf;
Summer Song;December Avenue;2019;Single;Gracenote, Autotelic;https://open.spotify.com/track/53P6WL61RfwwS5JSJRFacQ;
Tadhana;December Avenue;2019;Single;Just Hush;https://open.spotify.com/track/68IguCyf7uZU6vNeyMcGCM;
A Perfect Christmas;December Avenue;2019;Spotify Singles - Holiday;Jose Mari Chan, Ben&Ben, I Belong to the Zoo, Julie Anne San Jose, Moira Dela Torre;https://open.spotify.com/track/7n7mTiptQT1iNa7rMhcZS8;
Bulong (Tower Sessions Live);December Avenue;2020;For the Roadies (Live);;https://open.spotify.com/track/1Y9pegQ14qcMi2GAiWTUp6;
Breathe Again (Tower Sessions Live);December Avenue;2020;For the Roadies (Live);;https://open.spotify.com/track/5y8r3Db9EyFROr0xG39byo;
Fallin' (Tower Sessions Live);December Avenue;2020;For the Roadies (Live);;https://open.spotify.com/track/4RXoDDJxTA65sXGXDss3IO;
Kahit 'Di Mo Alam (Tower Sessions Live);December Avenue;2020;For the Roadies (Live);;https://open.spotify.com/track/7mgs5lHtfe0RoRL6VGqO89;
Ears and Rhymes (Tower Sessions Live);December Avenue;2020;For the Roadies (Live);;https://open.spotify.com/track/6umkF5IwWXezRHdNhCSY8J;
Sleep Tonight (Tower Sessions Live);December Avenue;2020;For the Roadies (Live);;https://open.spotify.com/track/3Kx9RVqYHLxBadq4nxbHMl;
Bakas Ng Talampakan (Tower Sessions Live);December Avenue;2020;For the Roadies (Live);;https://open.spotify.com/track/7A6dmyZQB29UcznomZ5KmS;
Huling Sandali (Tower Sessions Live);December Avenue;2020;For the Roadies (Live);;https://open.spotify.com/track/6w4WZm6OWJpYnA9zTZf0E0;
Kung 'Di Rin Lang Ikaw (Tower Sessions Live);December Avenue;2020;For the Roadies (Live);;https://open.spotify.com/track/3b2bQnH9Tm1BwkrHN8GJyG;
Sa Ngalan Ng Pag-Ibig (Tower Sessions Live);December Avenue;2020;For the Roadies (Live);;https://open.spotify.com/track/7wZOmJgsnmfWdsYJCaxZsE;
Intro / Eroplanong Papel (Live);December Avenue;2025;Sa Ilalim Ng Mga Bituin (Live);;https://open.spotify.com/track/0fIHU1Jacnto5jDusWMvL0;
Bulong (Live);December Avenue;2025;Sa Ilalim Ng Mga Bituin (Live);;https://open.spotify.com/track/4NVB5Fvdx2sfC5rpboJFjd;
Kahit 'Di Mo Alam (Live);December Avenue;2025;Sa Ilalim Ng Mga Bituin (Live);;https://open.spotify.com/track/77qvaPsbmB9IIHSSminkbK;
Magkunwari (Live);December Avenue;2025;Sa Ilalim Ng Mga Bituin (Live);;https://open.spotify.com/track/03q8vZ4xQs9nhIgsXbd83T;
Unfamiliar (Live);December Avenue;2025;Sa Ilalim Ng Mga Bituin (Live);;https://open.spotify.com/track/55jesqAXLK96jN2oLfuei5;
I'll Be Watching You (Live);December Avenue;2025;Sa Ilalim Ng Mga Bituin (Live);;https://open.spotify.com/track/3uNMGuvbpigV6WsqYbqmzB;
Sleep Tonight (Live);December Avenue;2025;Sa Ilalim Ng Mga Bituin (Live);;https://open.spotify.com/track/2YT9H1m0mIXv1kcSMrco9P;
City Lights (Live);December Avenue;2025;Sa Ilalim Ng Mga Bituin (Live);;https://open.spotify.com/track/55uIz62HdsNRiSSPeDLrx8;
Fallin' (Live);December Avenue;2025;Sa Ilalim Ng Mga Bituin (Live);;https://open.spotify.com/track/7xgAMj29Hq8eTqVeF6TsXF;
Ears And Rhymes (Live);December Avenue;2025;Sa Ilalim Ng Mga Bituin (Live);;https://open.spotify.com/track/4bwOAxu5LYkQF7oeJIg2H5;
Dahan (Live);December Avenue;2025;Sa Ilalim Ng Mga Bituin (Live);;https://open.spotify.com/track/26zSx0xafv6z2eTMtfWZx4;
Ilang Beses Kita Mamahalin? (Live);December Avenue;2025;Sa Ilalim Ng Mga Bituin (Live);;https://open.spotify.com/track/0hWZ1iCNoD7bDo8U13mUwp;
Muling Magbabalik (Live);December Avenue;2025;Sa Ilalim Ng Mga Bituin (Live);;https://open.spotify.com/track/0uWZRf8ZYGCvqMtgkOboQK;
Wala Nang Iba (Live);December Avenue;2025;Sa Ilalim Ng Mga Bituin (Live);;https://open.spotify.com/track/0mJg5DabAZAszCmymS8iKD;
Paraya (Live);December Avenue;2025;Sa Ilalim Ng Mga Bituin (Live);;https://open.spotify.com/track/5haRqQSJ7ivIV1zOXqihBO;
Tabing Ilog (Live);December Avenue;2025;Sa Ilalim Ng Mga Bituin (Live);Barbie Almalbis;https://open.spotify.com/track/3cPgFrdfSWyQwoqNA6ryjV;
Tulog Na (Live);December Avenue;2025;Sa Ilalim Ng Mga Bituin (Live);Ebe Dancel;https://open.spotify.com/track/2QjmBOrlQtOIdWHrLjwsS3;
'Wag Ka Nang Umiyak (Live);December Avenue;2025;Sa Ilalim Ng Mga Bituin (Live);Ebe Dancel;https://open.spotify.com/track/19RB4pVwq5Y3bOYgmmRJ45;
Ikaw Lamang (Live);December Avenue;2025;Sa Ilalim Ng Mga Bituin (Live);Silent Sanctuary;https://open.spotify.com/track/2iB3tocbaz5aaZTeWGwSbF;
Kundiman (Live);December Avenue;2025;Sa Ilalim Ng Mga Bituin (Live);Silent Sanctuary;https://open.spotify.com/track/5UZb019RGNLWB8NtHodB4A;
Kung 'Di Rin Lang Ikaw (Live);December Avenue;2025;Sa Ilalim Ng Mga Bituin (Live);;https://open.spotify.com/track/5NL3Ttv8Es0zsmz77uXRfR;
Huling Sandali (Live);December Avenue;2025;Sa Ilalim Ng Mga Bituin (Live);;https://open.spotify.com/track/6ICAZwbLKSFlsLc4Qi3Ijt;
Saksi Ang Langit (Live);December Avenue;2025;Sa Ilalim Ng Mga Bituin (Live);;https://open.spotify.com/track/5vTB6tHyr5RXnEFooiJfH8;
Sa Dulo Ng Walang Hanggan / Sa Ngalan Ng Pag-ibig (Live);December Avenue;2025;Sa Ilalim Ng Mga Bituin (Live);;https://open.spotify.com/track/7tBjRuPWel7lyxOuov2Imv;
Easy Ka Lang;Eraserheads;1993;Ultraelectromagneticpop!;;https://open.spotify.com/track/54IQTXCB66XNnqJwZLXwUy;
Maling Akala;Eraserheads;1993;Ultraelectromagneticpop!;;https://open.spotify.com/track/3sapcDx86Nr3Uc3bEQcu21;
Pare Ko;Eraserheads;1993;Ultraelectromagneticpop!;;https://open.spotify.com/track/7uuirrtCr8O8fz7kQS6VUR;
Shake Yer Head;Eraserheads;1993;Ultraelectromagneticpop!;;https://open.spotify.com/track/1wWLp3ZHBp3NU3DUOWpA76;
Ganjazz;Eraserheads;1993;Ultraelectromagneticpop!;;https://open.spotify.com/track/550Pos0IpTkIsExFSl47r0;
Toyang;Eraserheads;1993;Ultraelectromagneticpop!;;https://open.spotify.com/track/0MOcNURhC9dUbQ2pIOEaZe;
Ligaya;Eraserheads;1993;Ultraelectromagneticpop!;;https://open.spotify.com/track/5Ro6MdZGgce4PEuaFCJYPq;
Tindahan Ni Aling Nena;Eraserheads;1993;Ultraelectromagneticpop!;;https://open.spotify.com/track/1FsVa6q1CStHdgqZjaKwNk;
Honky-Toinks Granny;Eraserheads;1993;Ultraelectromagneticpop!;;https://open.spotify.com/track/6OrAVMWL85Uew4SvWV2x3J;
Shirley;Eraserheads;1993;Ultraelectromagneticpop!;;https://open.spotify.com/track/4NUAsaQUuZm8k6CdbdjxRq;
Walang Hiyang Pare Ko;Eraserheads;1993;Ultraelectromagneticpop!;;https://open.spotify.com/track/6drnFu40MUcjdGxzfExIbd;
Combo On The Run;Eraserheads;1993;Ultraelectromagneticpop!;;https://open.spotify.com/track/4pSdKSCXc2kiYKvFQXIAjm;
Bato;Eraserheads;1994;Circus;;https://open.spotify.com/track/6VWq9Q8uToSOe75hCJp38C;
Sembreak;Eraserheads;1994;Circus;;https://open.spotify.com/track/6g5obKN94RJAjha3luUExe;
Alapaap;Eraserheads;1994;Circus;;https://open.spotify.com/track/0GGfPhGuWC2JGc7hlvjLXa;
Hey Jay;Eraserheads;1994;Circus;;https://open.spotify.com/track/77iPHNWpTtjrUYYwa5gaky;
Minsan;Eraserheads;1994;Circus;;https://open.spotify.com/track/4iuAGPs5hlZqsKsS0ZnyWB;
Punk Zappa;Eraserheads;1994;Circus;;https://open.spotify.com/track/0lSYEOcLD7ZM3AQXLetelw;
Insomya;Eraserheads;1994;Circus;;https://open.spotify.com/track/2NUD4FI3nNERL0eEWMQAAs;
With A Smile;Eraserheads;1994;Circus;;https://open.spotify.com/track/1NopgVCMVhCKIm64tF7auX;
Alkohol;Eraserheads;1994;Circus;;https://open.spotify.com/track/5MpIy9GYWw8AWsBL6Bneyi;
Wishing Wells;Eraserheads;1994;Circus;;https://open.spotify.com/track/3T8P0JOPUMN4Wc5fuLAx4l;
Kailan;Eraserheads;1994;Circus;;https://open.spotify.com/track/66LwDCA8wJpTNXXonCMplI;
No Royality Album Filler No. 9;Eraserheads;1994;Circus;;https://open.spotify.com/track/2G0cXs9iFAcFr9O0fNz2q4;
Magasin;Eraserheads;1994;Circus;;https://open.spotify.com/track/1lan3CApvveTezmBBGzsGu;
Butterscotch;Eraserheads;1994;Circus;;https://open.spotify.com/track/11z9XKmqywLusY7r3zPWaB;
Sa Wakas;Eraserheads;1994;Circus;;https://open.spotify.com/track/2oxpnUxDY07G0DSTKYQYvv;
Prof. Banlaoi's Transcendental Medication After Every Six Months or Punk Zappa Three;Eraserheads;1994;Circus;;https://open.spotify.com/track/5JvXHaqchNppElX7JaS4Nc;
Wating;Eraserheads;1994;Circus;;https://open.spotify.com/track/76tlJoc8zjnDktjQttAaPg;
Kailan Lounge;Eraserheads;1994;Circus;;https://open.spotify.com/track/74YaExGhMibH7DDpAVgpPe;
Run Barbi Run;Eraserheads;1995;Single (Run Barbi Run OST);;https://open.spotify.com/track/5JRwSnjp8bip417cVQiYHr;
Superproxy;Eraserheads;1995;Cutterpillow;;https://open.spotify.com/track/0NZmhezRAiqvGQfvWv57hN;
Back2Me;Eraserheads;1995;Cutterpillow;;https://open.spotify.com/track/3sCgZZoLkrojyuoD0C4lhf;
Waiting For The Bus;Eraserheads;1995;Cutterpillow;;https://open.spotify.com/track/3Yb2JVsh33v17rAou2mNnN;
Fine Time;Eraserheads;1995;Cutterpillow;;https://open.spotify.com/track/5aeUAKVIJseJpFQetiDard;
Kamasupra;Eraserheads;1995;Cutterpillow;;https://open.spotify.com/track/4GEOX1Y6efeflmZyYwo2vj;
Overdrive;Eraserheads;1995;Cutterpillow;;https://open.spotify.com/track/0s1FYiiNy57vqAStlQMHsy;
Slo Mo;Eraserheads;1995;Cutterpillow;;https://open.spotify.com/track/4HznNTMxrATnBtKBHaazaz;
Torpedo;Eraserheads;1995;Cutterpillow;;https://open.spotify.com/track/4dyDo6u2t5fqo2OgVZuHSy;
Huwag Mo Nang Itanong;Eraserheads;1995;Cutterpillow;;https://open.spotify.com/track/2A3CzmtFj1sK6W1qQtBz86;
Paru-Parong Ningning;Eraserheads;1995;Cutterpillow;;https://open.spotify.com/track/1J65Q6QUn1ep5WilBY6rbd;
Walang Nagbago;Eraserheads;1995;Cutterpillow;;https://open.spotify.com/track/133CI87OOZMTysivNrd31z;
Poorman's Grave;Eraserheads;1995;Cutterpillow;;https://open.spotify.com/track/6ipDHEjNSklyvKsPlxDnnD;
Yoko;Eraserheads;1995;Cutterpillow;;https://open.spotify.com/track/0o3FQUy5NnspZTQTtJ4Gip;
Fill Her;Eraserheads;1995;Cutterpillow;;https://open.spotify.com/track/6vZY4qmjHQw8BkocWY6LdO;
Ang Huling El Bimbo;Eraserheads;1995;Cutterpillow;;https://open.spotify.com/track/135ggzbjOogZ75IQ0LQi8r;
Cutterpillow;Eraserheads;1995;Cutterpillow;;https://open.spotify.com/track/6ggPAKbdUMkDSFzou2La1B;
Overdrive (Reprise);Eraserheads;1995;Cutterpillow;;https://open.spotify.com/track/2LuPyBiRXfedHG9zXXnUFD;
Fruitcake;Eraserheads;1996;Fruitcake;;https://open.spotify.com/track/720V7AnwXjC8IJnSRLokEw;
Shadow;Eraserheads;1996;Fruitcake;;https://open.spotify.com/track/0XQJBON0zlZAGjAzqECd3K;
Flat Tire;Eraserheads;1996;Fruitcake;;https://open.spotify.com/track/0du5majyJyrdhYenAqJGBb;
Shadow Boxes Accountants;Eraserheads;1996;Fruitcake;;https://open.spotify.com/track/5O7MyPsm7fOsOYpPmhZLCj;
Gatekeeper;Eraserheads;1996;Fruitcake;;https://open.spotify.com/track/5BtSAEDfCXA8cAAutOTTo8;
Old Fashioned Christmas Carol;Eraserheads;1996;Fruitcake;;https://open.spotify.com/track/2UprLQsSW9PhyqOgIIWFy0;
Styrosnow;Eraserheads;1996;Fruitcake;;https://open.spotify.com/track/39SWucsAKRaXoHKm4lyRvA;
Trip To Jerusalem;Eraserheads;1996;Fruitcake;;https://open.spotify.com/track/4D7fbbvwE6os8ZalI8F9c1;
Shadow Reads The News Today, Oh Boy;Eraserheads;1996;Fruitcake;;https://open.spotify.com/track/2jBnFjxyO77tansK0xPmqK;
Fruit Fairy;Eraserheads;1996;Fruitcake;;https://open.spotify.com/track/45mmXueFTbRtbhQCW4XuN5;
The Fabulous Baker Boy;Eraserheads;1996;Fruitcake;;https://open.spotify.com/track/0OOvreGaSu8XHaqOlWMd4c;
Lord Of The Rhum;Eraserheads;1996;Fruitcake;;https://open.spotify.com/track/0CjpFeFR3wLNpm5f75pPvP;
Lightyears;Eraserheads;1996;Fruitcake;;https://open.spotify.com/track/47FBi8vqUr5nH2j2QWD4RR;
Christmas Ball;Eraserheads;1996;Fruitcake;;https://open.spotify.com/track/6Pquz6Huiy0wP5vxSYCS4G;
Mono Virus;Eraserheads;1996;Fruitcake;;https://open.spotify.com/track/0lA4vsPfH4oIQ0T2zRkK6R;
Shadow@Buttholesurfscom;Eraserheads;1996;Fruitcake;;https://open.spotify.com/track/6Sf59ddHOe5uKNgwmIlS91;
Rise And Shine;Eraserheads;1996;Fruitcake;;https://open.spotify.com/track/3A6l9iol2V4QqLZ9BeD6VY;
Santa Ain't Comin' No Mo;Eraserheads;1996;Fruitcake;;https://open.spotify.com/track/60rkq0VvIG13zzwdTFlzdA;
Christmas Party;Eraserheads;1996;Fruitcake;;https://open.spotify.com/track/0keQ1tBbYve33j3D827bAO;
Hitchin' A Ride;Eraserheads;1996;Fruitcake;;https://open.spotify.com/track/5TnQHZnBmcrm3yBR9yTQ36;
Christmas Morning;Eraserheads;1996;Fruitcake;;https://open.spotify.com/track/6TAshhZUKKDhDDdkJOIne2;
Merry Christmas Everybody Happy New Year Too - Reprise;Eraserheads;1996;Fruitcake;;https://open.spotify.com/track/4mUJAobNaCu4FfrlB02rkn;
Harana;Eraserheads;1997;Bananatype EP;;https://open.spotify.com/track/0aui1glEVwPzUIKsThu4YQ;
Tikman;Eraserheads;1997;Bananatype EP;;https://open.spotify.com/track/6qp2TL2GTBChcOzAKsu5Kh;
Police Woman;Eraserheads;1997;Bananatype EP;;https://open.spotify.com/track/5U8gOl7DuQLcIoieeRliY3;
Prologue;Eraserheads;1997;Sticker Happy;;https://open.spotify.com/track/5KQyOnhcHhdo0IM8kpLYaC;
Futuristic;Eraserheads;1997;Sticker Happy;;https://open.spotify.com/track/5ZtAEHXvAjXEmZIb3yJoUH;
Kaliwete;Eraserheads;1997;Sticker Happy;;https://open.spotify.com/track/5hagctxftYOW3FREpLevH7;
Milk An Money;Eraserheads;1997;Sticker Happy;;https://open.spotify.com/track/5Eb45cH374n5p4mogkS2Z4;
Bogchi Hokbu;Eraserheads;1997;Sticker Happy;;https://open.spotify.com/track/1kWaBkEk6RHYexZ6YPTjU4;
Maalalahanin;Eraserheads;1997;Sticker Happy;;https://open.spotify.com/track/1JMAJACFz9fOiVKyB1NGrg;
Balikbayan Box;Eraserheads;1997;Sticker Happy;;https://open.spotify.com/track/6wGyV4BOdrtWYgHY6F9IUD;
Andalusian Dog;Eraserheads;1997;Sticker Happy;;https://open.spotify.com/track/3jsLWr8uc5M5aZbgwK632s;
Ha Ha Ha;Eraserheads;1997;Sticker Happy;;https://open.spotify.com/track/4B4W2YJB2BpeOY9sKJ1ttM;
Downtown;Eraserheads;1997;Sticker Happy;;https://open.spotify.com/track/0MKq7nk2IXFIHHWuXBKz7u;
Kananete;Eraserheads;1997;Sticker Happy;;https://open.spotify.com/track/53Wl4ITtV2cr5EJmG4ycR4;
Hard To Believe;Eraserheads;1997;Sticker Happy;;https://open.spotify.com/track/7lLdrBmH63e9P1BDRx9eQI;
Everything They Say;Eraserheads;1997;Sticker Happy;;https://open.spotify.com/track/0tfHnXl33O1sB9bWM44CT7;
Spoliarium;Eraserheads;1997;Sticker Happy;;https://open.spotify.com/track/0I5Z0p0cLWdyJNC6sqMTwD;
Ambi Dextrose;Eraserheads;1997;Sticker Happy;;https://open.spotify.com/track/1Zw2jBNXfjAiZIysCvsbwB;
Para Sa Masa;Eraserheads;1997;Sticker Happy;;https://open.spotify.com/track/0WNVchaF5OfTe2MpvyWDAp;
Sticker Happy;Eraserheads;1997;Sticker Happy;;https://open.spotify.com/track/6qKgBptHy91O5wbEs5x9on;
Tapsilogue;Eraserheads;1997;Sticker Happy;;https://open.spotify.com/track/4eMq3VfP8tBK2iV08gRiCE;
Julie Tearjerky;Eraserheads;1998;Aloha Milkyway;;https://open.spotify.com/track/2d7NEsj5lvDCTzsK07MRlW;
Tamagotchi Baby;Eraserheads;1998;Aloha Milkyway;;https://open.spotify.com/track/4OfFOwvtRkokLR89c0Zqpc;
Saturn Return;Eraserheads;1998;Aloha Milkyway;;https://open.spotify.com/track/6RNtJftZfryrP69ybCLfq1;
Scorpio Rising;Eraserheads;1998;Aloha Milkyway;;https://open.spotify.com/track/4lHMDy9rVJN9vXkOHBRh3q;
Small Room;Eraserheads;1998;Aloha Milkyway;;https://open.spotify.com/track/0RSvklKFMHUc7k4mm2nSph;
Sinturong Pangkalistasan;Eraserheads;1999;Natin 99;;https://open.spotify.com/track/66BoJm4StYCq5RkVqvMCbp;
Dahan Dahan;Eraserheads;1999;Natin 99;;https://open.spotify.com/track/1MfpBGKm2dScQsUGYVjpWN;
Kahit Ano;Eraserheads;1999;Natin 99;;https://open.spotify.com/track/050Ky8ESC3FxhsvgNRVpvD;
Sino Sa Atin;Eraserheads;1999;Natin 99;;https://open.spotify.com/track/1WancAQivxcGBg0xzHK4Qz;
Maselang Bahaghari;Eraserheads;1999;Natin 99;;https://open.spotify.com/track/4NjS2z98pXSuBTrEQya3w8;
Tama Ka;Eraserheads;1999;Natin 99;;https://open.spotify.com/track/7or6wH5vTLXT01DTWNGvMb;
May Sumasayaw;Eraserheads;1999;Natin 99;;https://open.spotify.com/track/2pUk3d1bcONiSj5n4bafXU;
Peace It Together;Eraserheads;1999;Natin 99;;https://open.spotify.com/track/5N1zuyUhFloFBIYyocYunv;
Salamin;Eraserheads;1999;Natin 99;;https://open.spotify.com/track/24Af4slADatun8WsNs7Uon;
Pop Machine;Eraserheads;1999;Natin 99;;https://open.spotify.com/track/6YqBTDYYT7xTtv2tXNXbXk;
Kilala;Eraserheads;1999;Natin 99;;https://open.spotify.com/track/4VAojOjeTCaTEcTCuBxE0R;
Huwag Kang Matakot;Eraserheads;1999;Natin 99;;https://open.spotify.com/track/6q8Hzgy0AUALt14m5hUb1e;
South Superhighway;Eraserheads;1999;Natin 99;;https://open.spotify.com/track/1ZoSl1BYaW8gpd48SgY17m;
68 Dr. Sixto Antonio Avenue;Eraserheads;1999;Natin 99;;https://open.spotify.com/track/4VvDmNEiUp9id0h4GCovbv;
Game, Tama Na!;Eraserheads;1999;Natin 99;;https://open.spotify.com/track/5xGpAf4yPabwD8gZOpGfZB;
Ultrasound;Eraserheads;2001;Carbon Stereoxide;;https://open.spotify.com/track/2PdYxT9PL8ZCam9wIh2za2;
Maskara;Eraserheads;2001;Carbon Stereoxide;;https://open.spotify.com/track/5qLJ2VnqsSejaXjg4A3Bfr;
How Far Will U Go;Eraserheads;2001;Carbon Stereoxide;;https://open.spotify.com/track/2V293T6T4SUFaVygnpBuFi;
Bloodtest;Eraserheads;2001;Carbon Stereoxide;;https://open.spotify.com/track/6dgFuUn7uNNFP5Dpje0EtN;
Wala;Eraserheads;2001;Carbon Stereoxide;;https://open.spotify.com/track/5gLcKKMyEbUSQoW8EPqf9N;
Hula;Eraserheads;2001;Carbon Stereoxide;;https://open.spotify.com/track/3MYCUm6xNivnd5jfMgUTfq;
Photo Synth;Eraserheads;2001;Carbon Stereoxide;;https://open.spotify.com/track/3tVGTTSjMcSVcDcsbrVLx6;
Palamig;Eraserheads;2001;Carbon Stereoxide;;https://open.spotify.com/track/6ZUqWcjXdChZZVesQyG4sf;
Out Of Sight;Eraserheads;2001;Carbon Stereoxide;;https://open.spotify.com/track/5RlvRQprNBGlRE29saGNK0;
Super Vision;Eraserheads;2001;Carbon Stereoxide;;https://open.spotify.com/track/4kFyfFhOzOb2FYfQlOIYk5;
Paint Stripper;Eraserheads;2001;Carbon Stereoxide;;https://open.spotify.com/track/6Nl0AWb5rDJSfA4Zxsharp;
Escalator Alligator;Eraserheads;2001;Carbon Stereoxide;;https://open.spotify.com/track/0ocLyOx1GZDvQg08MeTwo8;
Playground;Eraserheads;2001;Carbon Stereoxide;;https://open.spotify.com/track/2jNLC56xo5NATdWraVccNT;
Omnesia;Eraserheads;2001;Carbon Stereoxide;;https://open.spotify.com/track/0i2cveVD55FH24T9EteQEI;
OK Comprende;Eraserheads;2001;Carbon Stereoxide;;https://open.spotify.com/track/4pwIUp1Pu3pyUAnasRykZk;
Pula;Eraserheads;2001;Carbon Stereoxide;;https://open.spotify.com/track/4yXIEAYdpyb7LslpPCncFA;
Outside;Eraserheads;2001;Carbon Stereoxide;;https://open.spotify.com/track/3N6k8Uuwu5U2DQCpCFWXe0;
Acid Eyes;Eraserheads;2001;Carbon Stereoxide;;https://open.spotify.com/track/2hR5HlMOevBF0rf4osbVxL;
Tuwing Umuulan At Kapiling Ka;Eraserheads;2004;Anthology;;https://open.spotify.com/track/61jPZwzRkdQ0dZP3bDtyTX;
Sa Tollgate;Eraserheads;2004;Anthology;;https://open.spotify.com/track/1QBqZLhjJhJQ7rYfqAxP5u;
Sabado;Eraserheads;2014;Sabado/1995 Single;;https://open.spotify.com/track/60CLBZiaIJd6xWSN8unUeK;
1995;Eraserheads;2014;Sabado/1995 Single;;https://open.spotify.com/track/1vs6z4nS8JGI6UZ7yqzvc5;
CLAPCLAPCLAP!;IV of Spades;2019;CLAPCLAPCLAP!;;https://open.spotify.com/track/28X5Dji5MyC9W9Nb2IGcAV;
Sweet Shadow;IV of Spades;2019;CLAPCLAPCLAP!;;https://open.spotify.com/track/1u34VUANkmyRjGPRtxLgnA;
Bata, Dahan-Dahan!;IV of Spades;2019;CLAPCLAPCLAP!;;https://open.spotify.com/track/5JFX5HIrFablCo0uEkNtKo;
Bawat Kaluluwa;IV of Spades;2019;CLAPCLAPCLAP!;;https://open.spotify.com/track/2gnVqlNifLIGvinryubyG4;
Not My Energy;IV of Spades;2019;CLAPCLAPCLAP!;;https://open.spotify.com/track/7l5aCorqYz8HtZ3wjSwtOV;
Come Inside Of My Heart;IV of Spades;2019;CLAPCLAPCLAP!;;https://open.spotify.com/track/3Eb5sztvEMa0Mqnb8DUAlU;
The Novel Of My Mind;IV of Spades;2019;CLAPCLAPCLAP!;;https://open.spotify.com/track/0TrBAndl9PJXiGp2rmfdeI;
Dulo Ng Hangganan;IV of Spades;2019;CLAPCLAPCLAP!;;https://open.spotify.com/track/7h4W9blGxYCkKJ3dxPZ84j;
In My Prison;IV of Spades;2019;CLAPCLAPCLAP!;;https://open.spotify.com/track/4Edrtauj7pmOlykfFHLz07;
My Juliana;IV of Spades;2019;CLAPCLAPCLAP!;;https://open.spotify.com/track/5Y33pd27lE5hznJFeD4dAk;
I'm A Butterfly;IV of Spades;2019;CLAPCLAPCLAP!;;https://open.spotify.com/track/1I2pe7KNMnhmjI4VPZ4Oqq;
I Ain't Perfect;IV of Spades;2019;CLAPCLAPCLAP!;;https://open.spotify.com/track/7lD4bwbBCqukPke3Xt1Ncs;
Take That Man;IV of Spades;2019;CLAPCLAPCLAP!;;https://open.spotify.com/track/1SZuNx9TtE5da7twgYkKAq;
Captivated;IV of Spades;2019;CLAPCLAPCLAP!;;https://open.spotify.com/track/39SQ0CjIineoa2mbiJpZdk;
I Would Rather Live Alone (I'm Not Who I'm Today);IV of Spades;2019;CLAPCLAPCLAP!;;https://open.spotify.com/track/5GpNvH7JUU5VdS7Vnmj4El;
Tara;IV of Spades;2025;Andalucia;;https://open.spotify.com/track/2rUKatmRHV97CZtlk600Ne;
Monster;IV of Spades;2025;Andalucia;;https://open.spotify.com/track/2WXfwMREEeDXnuhLF7TLtp;
Paru-Paro;IV of Spades;2025;Andalucia;;https://open.spotify.com/track/4vJoaI1445sreRuSYAdaLW;
Nanaman;IV of Spades;2025;Andalucia;;https://open.spotify.com/track/7MDB2nhlfjqkj6V65dtJ7d;
Konsensya;IV of Spades;2025;Andalucia;;https://open.spotify.com/track/6ANFoxb7wHCGVHnW1T0Oob;
Tamis Ng Pagkakamali;IV of Spades;2025;Andalucia;;https://open.spotify.com/track/0MNcBNDORXiWofBOhlBFAJ;
Aura;IV of Spades;2025;Andalucia;;https://open.spotify.com/track/26DcgZg9O6YCUVuRukGGhQ;
Karma;IV of Spades;2025;Andalucia;;https://open.spotify.com/track/1wvp5uGGwdPt9YtlHRqFSb;
Tangerine Boulevard;IV of Spades;2025;Andalucia;;https://open.spotify.com/track/3Rn2eMu2abaO03lVjN1UtH;
Kabisado;IV of Spades;2025;Andalucia;;https://open.spotify.com/track/4z928BtE4j1bjhcX9RU44M;
Rewind;IV of Spades;2025;Andalucia;;https://open.spotify.com/track/0Z97NVP2APoS2tZEByiF0t;
Suliranin;IV of Spades;2025;Andalucia;;https://open.spotify.com/track/14NPutRGYBVyMWYOUmxsc1;
Ilaw Sa Daan;IV of Spades;2016;Single;;https://open.spotify.com/track/652CegYwXhnFnVz3SgGzTO;
Hey Barbara;IV of Spades;2017;Single;;https://open.spotify.com/track/5RFHiLHCt7dDgKfCAdD5vj;
Where Have You Been, My Disco?;IV of Spades;2017;Single;;https://open.spotify.com/track/3a6DfTvbtUM5KeuDAlRIh6;
Mundo;IV of Spades;2018;Single;;https://open.spotify.com/track/4u8RkgV6P4TLi89SmlUtv8;
Ang Pinagmulan;IV of Spades;2020;Single;;https://open.spotify.com/track/45Nm4dwbrahPabtJQj8Cf0;
Sariling Multo (Sa Panaginip);IV of Spades;2020;Single;;https://open.spotify.com/track/4trnDsgZDTeX09IjfSDyPt;
Sa Kahapon;IV of Spades;2018;Single;Shanti Dope;https://open.spotify.com/track/2HOE4btBbbGgnFA7TpqNU0;
Bata, Dahan-Dahan x Nadarang;IV of Spades;2018;Single;Shanti Dope;https://open.spotify.com/track/6RLpn24GKfV33VttLFfstH;
Namamasko Po;IV of Spades;2018;Single;Shanti Dope;https://open.spotify.com/track/7EUZPD4M6DI29wZGUWWBlC;
Nagbabalik;IV of Spades;2019;Single;Rico Blanco;https://open.spotify.com/track/2K4SNcg5gserGR37nFshj6;
Kung Ayaw Mo Wag Mo;IV of Spades;2019;Spotify Jams;;https://open.spotify.com/track/0BEpSEV02FM1N5gcw2fsJC;
Mundo - Live at Pagsibol;IV of Spades;2023;Pagsibol (Live);Anya Lagman;https://open.spotify.com/track/6ulQd6xDBcC9hNDQpiBlm3;
A Beginning of Something Wonderful;Orange & Lemons;2018;Love in the Land of Rubber Shoes & Dirty Ice Cream (15th Anniversary Edition);;https://open.spotify.com/track/3fJXN14hQ9ZmJKmyO64Paq;
Just Like a Splendid Love Song;Orange & Lemons;2018;Love in the Land of Rubber Shoes & Dirty Ice Cream (15th Anniversary Edition);;https://open.spotify.com/track/5e2YxCroSZ6TdecwSPxRL3;
Kailangan Kita;Orange & Lemons;2018;Love in the Land of Rubber Shoes & Dirty Ice Cream (15th Anniversary Edition);;https://open.spotify.com/track/5B0i07cVGTLqOXGFe6gpGr;
My Butterfly;Orange & Lemons;2018;Love in the Land of Rubber Shoes & Dirty Ice Cream (15th Anniversary Edition);;https://open.spotify.com/track/432to3pc4aVM1dMs43ZBgZ;
Armageddon Is Coming to Town;Orange & Lemons;2018;Love in the Land of Rubber Shoes & Dirty Ice Cream (15th Anniversary Edition);;https://open.spotify.com/track/3gEWrUpXMafaPnwCbaiDEf;
She's Leaving Home;Orange & Lemons;2018;Love in the Land of Rubber Shoes & Dirty Ice Cream (15th Anniversary Edition);;https://open.spotify.com/track/3joPdgp410s5VnNTVrVtzC;
When I'm With You;Orange & Lemons;2018;Love in the Land of Rubber Shoes & Dirty Ice Cream (15th Anniversary Edition);;https://open.spotify.com/track/1YCFpJ2h5r2gY4K2yhEc1j;
Isang Gabi;Orange & Lemons;2018;Love in the Land of Rubber Shoes & Dirty Ice Cream (15th Anniversary Edition);;https://open.spotify.com/track/12odJmlXWnO51UwliXD5Wq;
Hey, Please;Orange & Lemons;2018;Love in the Land of Rubber Shoes & Dirty Ice Cream (15th Anniversary Edition);;https://open.spotify.com/track/0l7cGAmZWbO6nlqUlvskf1;
Days and Nights;Orange & Lemons;2018;Love in the Land of Rubber Shoes & Dirty Ice Cream (15th Anniversary Edition);;https://open.spotify.com/track/6B1n9N3sLtdXHn1Z0c8Qgn;
If I Could Speak My Mind;Orange & Lemons;2018;Love in the Land of Rubber Shoes & Dirty Ice Cream (15th Anniversary Edition);;https://open.spotify.com/track/2zJTKhpRIdHOo6j1kpuTow;
Lovers Go, Lovers Come;Orange & Lemons;2018;Love in the Land of Rubber Shoes & Dirty Ice Cream (15th Anniversary Edition);;https://open.spotify.com/track/6t81EIMoav7skmt1sK5Hsk;
Strike Whilst the Iron Is Hot;Orange & Lemons;2005;Strike Whilst the Iron Is Hot;;https://open.spotify.com/track/0aIPObis8pAFAXs3HjLmdO;
Hanggang Kailan - Umuwi Ka Na Baby;Orange & Lemons;2005;Strike Whilst the Iron Is Hot;;https://open.spotify.com/track/69u8qQcaA3o0A7Ko87juqp;
Cycle of Love;Orange & Lemons;2005;Strike Whilst the Iron Is Hot;;https://open.spotify.com/track/3bNTpnQcl4P8ZMvdjQy20t;
Rock-a-Bye;Orange & Lemons;2005;Strike Whilst the Iron Is Hot;;https://open.spotify.com/track/6ogs5XTaiDJXzayKwGeWCu;
Pabango Ng 'Yong Mata;Orange & Lemons;2005;Strike Whilst the Iron Is Hot;;https://open.spotify.com/track/50Ph0l2b5SvDxxh7YITlcD;
Heaven Knows - This Angel Has Flown;Orange & Lemons;2005;Strike Whilst the Iron Is Hot;;https://open.spotify.com/track/0Qra8Ps4tJAZPqRXyehCjc;
Yer so Special;Orange & Lemons;2005;Strike Whilst the Iron Is Hot;;https://open.spotify.com/track/5IEovxDuhfOnplMLNjaiUK;
The Nerve;Orange & Lemons;2005;Strike Whilst the Iron Is Hot;;https://open.spotify.com/track/7p9JRi1sFGCzgZXynKmSHk;
Caught in a Line;Orange & Lemons;2005;Strike Whilst the Iron Is Hot;;https://open.spotify.com/track/2Vf4jqIDpWAnmnBjyjd9Kk;
Lihim;Orange & Lemons;2005;Strike Whilst the Iron Is Hot;;https://open.spotify.com/track/3ySCmMzy6wyk3c1cbauxaI;
Chatter's Tale;Orange & Lemons;2005;Strike Whilst the Iron Is Hot;;https://open.spotify.com/track/6ecu6k6MuESCVT3oiCt9lC;
Tomorrow;Orange & Lemons;2005;Strike Whilst the Iron Is Hot;;https://open.spotify.com/track/3y5Al5gW2Ac7ECekoYWNEL;
Pinoy Ako;Orange & Lemons;2005;Pinoy Ako (Single);;https://open.spotify.com/track/2Hyb5p8yGDkYvwOEOzIjaD;
Huwag Kang Matakot;Orange & Lemons;2005;Ultraelectromagnetic Jam (Compilation);;https://open.spotify.com/track/71zj7v7wxqUOqkHBDHQoIl;
Yakap sa Dilim;Orange & Lemons;2006;Kami Napo Muna (Compilation);;https://open.spotify.com/track/6uDYCYObYXJXoMnCzz8083;
Tuloy Na Tuloy Pa Rin Ang Pasko;Orange & Lemons;2006;OPM Gold Christmas (Compilation);;https://open.spotify.com/track/09WRYUkprsKP2jIL6mqKhz;
Prologue;Orange & Lemons;2007;Moonlane Gardens;;https://open.spotify.com/track/1cBdInOKwph8hcUXlgSWqe;
Moonlane Gardens;Orange & Lemons;2007;Moonlane Gardens;;https://open.spotify.com/track/5rZxXBRjYqtRU3PK3Hi96E;
It's About Time;Orange & Lemons;2007;Moonlane Gardens;;https://open.spotify.com/track/65yghMZ3wCb64o4Qs6SbO8;
Ang Katulad Mong Walang Katulad;Orange & Lemons;2007;Moonlane Gardens;;https://open.spotify.com/track/3uWBeSZW5M0xIr6yJ4UNY3;
Let Me;Orange & Lemons;2007;Moonlane Gardens;;https://open.spotify.com/track/0vlcp3d1lvTl12m6BEj7fR;
Moonjive;Orange & Lemons;2007;Moonlane Gardens;;https://open.spotify.com/track/0Nxq1ZshihCfk7gDHCkhfk;
Eleven Minutes;Orange & Lemons;2007;Moonlane Gardens;;https://open.spotify.com/track/4GNVlgtlNZw6VXuNrsNukF;
Be With You;Orange & Lemons;2007;Moonlane Gardens;;https://open.spotify.com/track/7DVC9SVB0NiGuaiDv0gdGO;
Buhay At Pag-Ibig;Orange & Lemons;2007;Moonlane Gardens;;https://open.spotify.com/track/2lHoUavTjxQArdME4NaYFX;
700 Miles;Orange & Lemons;2007;Moonlane Gardens;;https://open.spotify.com/track/1Ebh1FDtwS4zLmXRB4oyU0;
Ode to Love;Orange & Lemons;2007;Moonlane Gardens;;https://open.spotify.com/track/5zLy7VpFmj3dfagOGkTHgM;
Fade;Orange & Lemons;2007;Moonlane Gardens;;https://open.spotify.com/track/7lVKBQkwrMUO6fxFoTKxq3;
I Feel Good, I Feel Fine;Orange & Lemons;2007;Moonlane Gardens;;https://open.spotify.com/track/2W4PXRFUjvAWRpALFLbg6I;
The Story Must Come to a Sudden End;Orange & Lemons;2007;Moonlane Gardens;;https://open.spotify.com/track/0JKwYO3knwLD04LrmDZecT;
A New Day;Orange & Lemons;2007;Moonlane Gardens;;https://open.spotify.com/track/5manO6tmrtbWuaENzrHdNv;
Epilogue;Orange & Lemons;2007;Moonlane Gardens;;https://open.spotify.com/track/5pcVNDCDm5N2SblWbR3aFq;
One;Orange & Lemons;2007;Orange;;https://open.spotify.com/track/42LB5qR6yFerYLsU1PQo8m;
Two;Orange & Lemons;2007;Orange;;https://open.spotify.com/track/1zIwQpw7RrEXlhPfXvtgjW;
Three;Orange & Lemons;2007;Orange;;https://open.spotify.com/track/4wsCIqPhFuHLoFgs9Ghmzu;
Four;Orange & Lemons;2007;Orange;;https://open.spotify.com/track/7J0mj7RwLDbY7M9RX3FeMH;
Five;Orange & Lemons;2007;Orange;;https://open.spotify.com/track/4cwMMygV7jNnk5z9PZnrMJ;
Six;Orange & Lemons;2007;Orange;;https://open.spotify.com/track/1POW6qbu1M0UAor7l9Fozj;
Seven;Orange & Lemons;2007;Orange;;https://open.spotify.com/track/5qWLl5MPEiUoMCvYVr0XLN;
Eight;Orange & Lemons;2007;Orange;;https://open.spotify.com/track/56crf4tvs0kP69elFfyJRR;
Nine;Orange & Lemons;2007;Orange;;https://open.spotify.com/track/7lPYlHlp0YxPWqu4n9x5tc;
Ten;Orange & Lemons;2007;Orange;;https://open.spotify.com/track/5Xdi17rfTKwFSF2obDVdu2;
Eleven;Orange & Lemons;2007;Orange;;https://open.spotify.com/track/5etLb6ngjwuNQ5s1DsbAbI;
Twelve;Orange & Lemons;2007;Orange;;https://open.spotify.com/track/2UpCGcY5M48GiF6G15YHIf;
Thirteen;Orange & Lemons;2007;Orange;;https://open.spotify.com/track/0ql52A65BaytoX54qqhfJv;
PINOY AKO (Theme from Pinoy Big Brother);Orange & Lemons;2014;Strike Whilst the Iron Is Hot & Moonlane Gardens Collection;;https://open.spotify.com/track/5N3ILMKLwQjE1tIBszfJ8N;
Abot Kamay;Orange & Lemons;2014;Strike Whilst the Iron Is Hot & Moonlane Gardens Collection;;https://open.spotify.com/track/2AfQUfTj9tldldmIv39Dzm;
Blue Moon (Theme from the movie Blue Moon);Orange & Lemons;2014;Strike Whilst the Iron Is Hot & Moonlane Gardens Collection;;https://open.spotify.com/track/3ReRM74uLwrIBNtBSUDjI5;
Lovers Go, Lovers Come;Orange & Lemons;2017;Lovers Go, Lovers Come (Single);;https://open.spotify.com/track/5p4ayzJPoYoJPWibuIJWUf;
Pag-Ibig Sa Tabing Dagat;Orange & Lemons;2019;Pag-Ibig Sa Tabing Dagat (Single);;https://open.spotify.com/track/7AYp7BOVq5wfzOHlrczFDR;
Ikaw Ang Aking Tahanan;Orange & Lemons;2019;Ikaw Ang Aking Tahanan (Single);;https://open.spotify.com/track/5RgaN9jll95T1kTgWhvEAb;
Strike Whilst the Iron Is Hot - 2004 Demo Sessions;Orange & Lemons;2020;Strike Whilst the Iron Is Hot (2004 Demo Sessions);;https://open.spotify.com/track/1f30Kg1yPTavfRxJGT7Olr;
Hanggang Kailan - 2004 Demo Sessions;Orange & Lemons;2020;Strike Whilst the Iron Is Hot (2004 Demo Sessions);;https://open.spotify.com/track/1auT1sBLXp5RnqZJjHRx8q;
Cycle of Love - 2004 Demo Sessions;Orange & Lemons;2020;Strike Whilst the Iron Is Hot (2004 Demo Sessions);;https://open.spotify.com/track/5OnDTME1uNDfjMkFj009IF;
RockaBye - 2004 Demo Sessions;Orange & Lemons;2020;Strike Whilst the Iron Is Hot (2004 Demo Sessions);;https://open.spotify.com/track/5vSRieWE19WXt1yWNTyrkG;
Pabango Ng 'Yong Mata - 2004 Demo Sessions;Orange & Lemons;2020;Strike Whilst the Iron Is Hot (2004 Demo Sessions);;https://open.spotify.com/track/6rKRGNssh1X1S4ez6LiaIp;
Heaven Knows (This Angel Has Flown) - 2004 Demo Sessions;Orange & Lemons;2020;Strike Whilst the Iron Is Hot (2004 Demo Sessions);;https://open.spotify.com/track/64wCFEimDm9zCTvyt3ZUcn;
Yer so Special - 2004 Demo Sessions;Orange & Lemons;2020;Strike Whilst the Iron Is Hot (2004 Demo Sessions);;https://open.spotify.com/track/2QQ20h3OwpiuUPWLaDV4vz;
The Nerve - 2004 Demo Sessions;Orange & Lemons;2020;Strike Whilst the Iron Is Hot (2004 Demo Sessions);;https://open.spotify.com/track/2AX5fbZ6RfKpUHV2GEUOKv;
Caught in a Line - 2004 Demo Sessions;Orange & Lemons;2020;Strike Whilst the Iron Is Hot (2004 Demo Sessions);;https://open.spotify.com/track/74opEQpVT47JrNerS9lVD6;
Lihim - 2004 Demo Sessions;Orange & Lemons;2020;Strike Whilst the Iron Is Hot (2004 Demo Sessions);;https://open.spotify.com/track/2Mo8C0q1LPrcMr6G3n4r2L;
Chatter's Tale - 2004 Demo Sessions;Orange & Lemons;2020;Strike Whilst the Iron Is Hot (2004 Demo Sessions);;https://open.spotify.com/track/1nh1FYUalqYTFVimo8sC1j;
Tomorrow - 2004 Demo Sessions;Orange & Lemons;2020;Strike Whilst the Iron Is Hot (2004 Demo Sessions);;https://open.spotify.com/track/5FOniyJClljoX97fqtRZHY;
You Bring Out My Best;Orange & Lemons;2020;You Bring Out My Best (Single);;https://open.spotify.com/track/0pJd0DjcDbQC3qBKHLw34I;
Yakapin Natin Ang Gabi;Orange & Lemons;2021;Yakapin Natin Ang Gabi (Single);;https://open.spotify.com/track/6PP1RCi6jsz8rJzmuiN1d8;
La Bulaqueña;Orange & Lemons;2022;La Bulaqueña;;https://open.spotify.com/track/15pTC5tWX29z9C1B1UVoeA;
Ikaw Na Walang Hanggan;Orange & Lemons;2022;La Bulaqueña;;https://open.spotify.com/track/6Wt3o0dEAoxZg7aeFTGnr2;
Yakapin Natin Ang Gabi - 2022 Remaster;Orange & Lemons;2022;La Bulaqueña;;https://open.spotify.com/track/1dObGLcLUVzdb2i39mYjli;
Pag-ibig Sa Tabing-Dagat - 2022 Remaster;Orange & Lemons;2022;La Bulaqueña;;https://open.spotify.com/track/1vjkn85EXQsMiVM2ooLNeC;
Bituing Marikit;Orange & Lemons;2022;La Bulaqueña;;https://open.spotify.com/track/0AxHh8qiGSzSWw1W6wKBoh;
Ikaw Ang Aking Tahanan - 2022 Remaster;Orange & Lemons;2022;La Bulaqueña;;https://open.spotify.com/track/0GOlgSkBlLWOtXBNhickp5;
Hele Para Kay Stella;Orange & Lemons;2022;La Bulaqueña;;https://open.spotify.com/track/4flvHjt7k5dwZtcFWcSBq0;
Awit Ni Maria Clara;Orange & Lemons;2022;La Bulaqueña;Lara Maigue;https://open.spotify.com/track/6DKQzDhwPEf6s2QAEnPN6g;
Hindi Ko Sukat Akalain;Orange & Lemons;2022;La Bulaqueña;;https://open.spotify.com/track/3UYELyp7eOR44h7otXNSGI;
Hanggang Sa Paglagot Ng Hininga;Orange & Lemons;2022;La Bulaqueña;;https://open.spotify.com/track/48S05HXqzw2A40SX1D27sx;
Close To You;Orange & Lemons;2025;Close To You (Single);;https://open.spotify.com/track/0AMDUYytQTD9pyyZBNDsI6;
Heart of Ifugao;Orange & Lemons;2025;Heart of Ifugao (Single);Valerie Pawid West;https://open.spotify.com/track/2NRAoOHUypBVoG0GuF4fkq;
Burnout;Sugarfree;2003;Sa Wakas;;https://open.spotify.com/track/0ZCCbW4Aym7b5QdQUKfVdv;
Hintay;Sugarfree;2003;Sa Wakas;;https://open.spotify.com/track/5I4c76Wb6v1rwXTAQEhegk;
Mundong Malungkot;Sugarfree;2003;Sa Wakas;;https://open.spotify.com/track/4d4G1xKOCri19atWZ8bZ7K;
Taguan;Sugarfree;2003;Sa Wakas;;https://open.spotify.com/track/5yC82a54sOtQ2LCCFtvxqB;
Fade Away;Sugarfree;2003;Sa Wakas;;https://open.spotify.com/track/6JAuGCKj3B3nMiE0DSMFW6;
Unang Araw;Sugarfree;2003;Sa Wakas;;https://open.spotify.com/track/6XMbw97Y3AKrupBNYWoMpr;
Mariposa;Sugarfree;2003;Sa Wakas;;https://open.spotify.com/track/0UoD87S2X0X4eIpaYdPggn;
Telepono;Sugarfree;2003;Sa Wakas;;https://open.spotify.com/track/0DYRMkZrtfbsu48tTgMQ7A;
Tummy Ache;Sugarfree;2003;Sa Wakas;;https://open.spotify.com/track/26wmL5RrqCYZtdQdnq6a5Z;
Los Banos;Sugarfree;2003;Sa Wakas;;https://open.spotify.com/track/5DHaC29M4v9UGEtT8QWnUS;
Insomya;Sugarfree;2003;Sa Wakas;;https://open.spotify.com/track/1diwNRGyLEHD4IYJtOKH8F;
The Allan Song;Sugarfree;2003;Sa Wakas;;https://open.spotify.com/track/47m5VLjpp2gWXt2A83DGsh;
Sinta;Sugarfree;2004;Dramachine;;https://open.spotify.com/track/4w04MynsqG8a099v11oqXG;
Prom;Sugarfree;2004;Dramachine;;https://open.spotify.com/track/4wPMIp2wQfJuC8oi8xwM6C;
Kwentuhan;Sugarfree;2004;Dramachine;;https://open.spotify.com/track/2d5fvWIICycBcc0J33z15O;
Martir;Sugarfree;2004;Dramachine;;https://open.spotify.com/track/3FKaW8dU68ecJIjeOQqGUE;
Hari Ng Sablay;Sugarfree;2004;Dramachine;;https://open.spotify.com/track/32A32A7DicwrCUVcwOQZuO;
Tulog Na;Sugarfree;2004;Dramachine;;https://open.spotify.com/track/5ZPlhCh8KnB0bEnElxm1Et;
Limbo;Sugarfree;2004;Dramachine;;https://open.spotify.com/track/1g4cjMHFfmhjX0WavxnqxO;
Kandila;Sugarfree;2004;Dramachine;;https://open.spotify.com/track/5dRpCllltEPQ5h3rltLgxm;
Kwarto;Sugarfree;2004;Dramachine;;https://open.spotify.com/track/2eRjivfFnSuTPfSu0NTjby;
Alinlangan;Sugarfree;2004;Dramachine;;https://open.spotify.com/track/0BJiNTkmYc2ylP1kokor3b;
Tao;Sugarfree;2004;Dramachine;;https://open.spotify.com/track/3PRhdtyp6lfCJTMxOxMlyB;
Dramachine;Sugarfree;2004;Dramachine;;https://open.spotify.com/track/2EiXBSjCHF1dcSQ0hUA3L8;
Reprise;Sugarfree;2004;Dramachine;;https://open.spotify.com/track/0BBLunQSGOyBAVsvHbGfiB;
Cuida;Sugarfree;2006;Cuida (Single);;https://open.spotify.com/track/7909GI7njPhuaW2TUoy4Xl;
Makita Kang Muli;Sugarfree;2006;Makita Kang Muli (Single);;https://open.spotify.com/track/6mNCnQIhnurPP7lhC1zHEU;
Dear Kuya;Sugarfree;2006;Tala-Arawan;;https://open.spotify.com/track/3InHjI5KOvo2AKc57W06Kl;
Kailan Ka Ba?;Sugarfree;2006;Tala-Arawan;;https://open.spotify.com/track/5L5DOZP9hxwgItPy52clJC;
Kung Ayaw Mo Na Sa Akin;Sugarfree;2006;Tala-Arawan;;https://open.spotify.com/track/4VFt5sStQhpOYEYb5ggeuI;
Huling Gabi;Sugarfree;2006;Tala-Arawan;;https://open.spotify.com/track/02yziMGnkCjhU0encuUyi4;
Salamin;Sugarfree;2006;Tala-Arawan;;https://open.spotify.com/track/2Fzfp47z8gA1vrF5A3CqO2;
Nangangawit;Sugarfree;2006;Tala-Arawan;;https://open.spotify.com/track/6nONPhdObKyc8E7qnhFCV9;
Pasyal;Sugarfree;2006;Tala-Arawan;;https://open.spotify.com/track/4meTSK2YLHeewwczorj2b1;
Wari Ko'y;Sugarfree;2006;Tala-Arawan;;https://open.spotify.com/track/4O5gOI25UIjvlen6XmMeE7;
Ang Pinakamagaling Na Tao Sa Balat Ng Lupa;Sugarfree;2006;Tala-Arawan;;https://open.spotify.com/track/4lrnXoDt0YbxELJp0W9zJY;
Reunion;Sugarfree;2006;Tala-Arawan;;https://open.spotify.com/track/1gojE3POljvCBDOmK9TlHD;
Wag Ka Nang Umiyak;Sugarfree;2006;Tala-Arawan;;https://open.spotify.com/track/32ji0OatJNPwRN89IPdoLW;
Ikaw Pala;Sugarfree;2006;Tala-Arawan;;https://open.spotify.com/track/0VBPsMZtuMXAeCTDP2opa3;
Batang-Bata Ka Pa;Sugarfree;2006;Tala-Arawan;;https://open.spotify.com/track/5pH1NVl8xaMxbjPGRHDLby;
Overture (Live);Sugarfree;2008;Sugarfree Live!;;https://open.spotify.com/track/1k4QRBhgQ6k3O7R1RGLN5R;
Prom (Live);Sugarfree;2008;Sugarfree Live!;;https://open.spotify.com/track/32o6A4bLxm0wKXqR912gnw;
Hari Ng Sablay (Live);Sugarfree;2008;Sugarfree Live!;;https://open.spotify.com/track/4YCbkVvQI27mC6LlCegvzm;
Kwentuhan (Live);Sugarfree;2008;Sugarfree Live!;;https://open.spotify.com/track/7a58nQLvMQ2tkR8sAHAqv3;
Kwarto (Live);Sugarfree;2008;Sugarfree Live!;;https://open.spotify.com/track/5jqZHHmJ0ducKsGmed8RUC;
Telepono (Live);Sugarfree;2008;Sugarfree Live!;;https://open.spotify.com/track/4dV13UT6W8Tlcudf7WEcfb;
Kung Ayaw Mo Na Sa Akin (Live);Sugarfree;2008;Sugarfree Live!;;https://open.spotify.com/track/2tN3Y0i7ro3pU3I72E1Yo5;
Still Fighting It (Live);Sugarfree;2008;Sugarfree Live!;;https://open.spotify.com/track/0xACDGohfhzefkiI1Pt3rt;
Tulog Na (Live);Sugarfree;2008;Sugarfree Live!;;https://open.spotify.com/track/5wgaZPDijuMoFGNSRC3UmP;
Mariposa (Live);Sugarfree;2008;Sugarfree Live!;;https://open.spotify.com/track/0nkwaVDcocfnBDR4lsWSZa;
Huling Gabi (Live);Sugarfree;2008;Sugarfree Live!;;https://open.spotify.com/track/1iba95uUJl81aE4FDgIyE1;
Unang Araw (Live);Sugarfree;2008;Sugarfree Live!;;https://open.spotify.com/track/6GT8kyLLjv9gIr52yso0Hr;
Wag Ka Nang Umiyak (Live);Sugarfree;2008;Sugarfree Live!;;https://open.spotify.com/track/63FdPIXDlYh9mcV6vs4uFu;
Kailan Ka Ba (Live);Sugarfree;2008;Sugarfree Live!;;https://open.spotify.com/track/2tMnUo66TjrM6ahd54TOgT;
Ikaw Pala (Live);Sugarfree;2008;Sugarfree Live!;;https://open.spotify.com/track/2nBmOpYsicboMpfNWe2AcU;
Burnout (Live);Sugarfree;2008;Sugarfree Live!;;https://open.spotify.com/track/6ZeVmwL0J0wBNxad1agoqC;
Makita Kang Muli (Live);Sugarfree;2008;Sugarfree Live!;;https://open.spotify.com/track/6dbo6LjHJq26jEu2dYCwKs;
Batang-Bata Ka Pa (Live);Sugarfree;2008;Sugarfree Live!;;https://open.spotify.com/track/3pTRTycKcrcruS71u6yX28;
Dear Kuya (Live);Sugarfree;2008;Sugarfree Live!;;https://open.spotify.com/track/2MomG51WP2LPtqKkAi6Rhi;
Hay Buhay;Sugarfree;2009;Mornings And Airports;;https://open.spotify.com/track/27npF5wEOo6EGHpBxLOrAA;
Feels Like;Sugarfree;2009;Mornings And Airports;;https://open.spotify.com/track/2vnwCZbo21phjwXKDiMnNk;
Mornings and Airports;Sugarfree;2009;Mornings And Airports;;https://open.spotify.com/track/4iP227s3Qod0poExbIS4Xb;
Wala Nang Hihilingin;Sugarfree;2009;Mornings And Airports;;https://open.spotify.com/track/1wydswMxXLMQYKj7TmLp9I;
Hang Over;Sugarfree;2009;Mornings And Airports;;https://open.spotify.com/track/6P5xHX2VBugdRpDW6Cyy5Y;
Patawad;Sugarfree;2009;Mornings And Airports;;https://open.spotify.com/track/6nPmJk7v5GIfRFRtI199lv;
Get Over It;Sugarfree;2009;Mornings And Airports;;https://open.spotify.com/track/3wl9t619yLXCSEBRAIV8Wi;
Pagkatapos Ng Lahat;Sugarfree;2009;Mornings And Airports;;https://open.spotify.com/track/0R3KK2tlyFsgZtcbONF73C;
Wala;Sugarfree;2009;Mornings And Airports;;https://open.spotify.com/track/0M93AR3FXc8sm9KUpfUOHf;
Mamang Driver;Sugarfree;2009;Mornings And Airports;;https://open.spotify.com/track/3KvOPynn3UsAChyEMdGH37;
Heto Na Naman Tayo;Sugarfree;2009;Mornings And Airports;;https://open.spotify.com/track/1hm3q2tFhI7l4yT6rFT6rm;
Where Do We Go;Sugarfree;2009;Mornings And Airports;;https://open.spotify.com/track/2PHrLVCzbtMB3Ea8yRMZvO;
Form Factor;Sugarfree;2009;Mornings And Airports;;https://open.spotify.com/track/1O915sIt5JhFCHOPpx7H9c;
Walang Paalam;Sugarfree;2009;Mornings And Airports;;https://open.spotify.com/track/1efneoC2Ax96tHMbW9UYRR;
Nagkita Muli;Sugarfree;2020;Nagkita Muli (Single);;https://open.spotify.com/track/6r6aJCHyHl7oyI2umeGRvp;
Stay;Cueshé;2005;Half Empty, Half Full;;https://open.spotify.com/track/1jImST6hhs1EV45p78RBpM;
Sorry;Cueshé;2005;Half Empty, Half Full;;https://open.spotify.com/track/36TmbWEYoNKtAk91ch8aY7;
Ulan;Cueshé;2005;Half Empty, Half Full;;https://open.spotify.com/track/6s97fltVQXax4ZFkZJdGdP;
Hump Ahead;Cueshé;2005;Half Empty, Half Full;;https://open.spotify.com/track/6IMPu2N7NIMO0qT9ekbZ7L;
Here For You;Cueshé;2005;Half Empty, Half Full;;https://open.spotify.com/track/6jrqrTzWaGUD5EP6y1fqBN;
Never Leave;Cueshé;2005;Half Empty, Half Full;;https://open.spotify.com/track/62OJVx817GUxEmmqJzfit9;
24 Hours;Cueshé;2005;Half Empty, Half Full;;https://open.spotify.com/track/2QCclKN3S3hWdq3emjWpQQ;
Sky;Cueshé;2005;Half Empty, Half Full;;https://open.spotify.com/track/4I0vz8IVm4WudZ73DUEgQa;
Love Me Now, Hate Me Soon;Cueshé;2005;Half Empty, Half Full;;https://open.spotify.com/track/1oX1vI4QAOwwTYx50PiCGk;
Can't Let You Go;Cueshé;2005;Half Empty, Half Full;;https://open.spotify.com/track/6eYuYqJ9IqYWbH8rFhm7jC;
When I'm With You;Cueshé;2005;Half Empty, Half Full;;https://open.spotify.com/track/4w7AyBnJXm5JU7tvc3j48l;
Stay (Acoustic);Cueshé;2005;Half Empty, Half Full;;https://open.spotify.com/track/12qMGQ5k2lt49NtwA9isOp;
Hard To Believe;Cueshé;2005;Ultraelectromagnetic Jam;;https://open.spotify.com/track/35TvpVB0nRHRk5nQqao1L8;
Borrowed Time;Cueshé;2006;Back To Me;;https://open.spotify.com/track/4rmxojAE3CI7vuIvKVBCkT;
Back To Me;Cueshé;2006;Back To Me;;https://open.spotify.com/track/2naBC3Io7lDTYZEUHu34Or;
I Won't Let You Down;Cueshé;2006;Back To Me;;https://open.spotify.com/track/1cFwqsauMs8aPn1RmXqhMp;
All I Want;Cueshé;2006;Back To Me;;https://open.spotify.com/track/75OEwP50O54w5bWEBrIWZi;
I Do;Cueshé;2006;Back To Me;;https://open.spotify.com/track/4K196gSdvB6CFEbts5Bq4c;
Bakit?;Cueshé;2006;Back To Me;;https://open.spotify.com/track/7IOhHRFxTZZ4CQjBvESowE;
Broken Into Pieces;Cueshé;2006;Back To Me;;https://open.spotify.com/track/4KQhBsm0TQvjCaTjZdTiKp;
Today;Cueshé;2006;Back To Me;;https://open.spotify.com/track/2fhOQFwGrC1P1HkZd7wQYD;
If You Need Me;Cueshé;2006;Back To Me;;https://open.spotify.com/track/5dRwv4yt7bZsYN7IswSRHv;
Missing You;Cueshé;2006;Back To Me;;https://open.spotify.com/track/3z5O5VSNxHJJCtwM0AKEf0;
Pasensya Na;Cueshé;2006;Back To Me;;https://open.spotify.com/track/49pOQUAKwPvjUqQxrZTKfq;
Jealous Guy;Cueshé;2006;Back To Me;;https://open.spotify.com/track/5hzsMzTzK2c35KBd3UUg6Q;
Walang Yamang Mas Hihigit Sa Iyo;Cueshé;2007;Mga Awit Kapuso, Vol. 3;Tata Betita;https://open.spotify.com/track/2p96CyFHfHN4AGBXiO8Ntu;
Laki Sa Layaw;Cueshé;2007;Hopia Mani Popcorn, Vol. 2;;https://open.spotify.com/track/2WZPJQokMEVzQ3TsEzYVrI;
BMD;Cueshé;2008;Driven;;https://open.spotify.com/track/0IcfBtS3auRsjxErGNr0Zi;
Back 2 U;Cueshé;2008;Driven;;https://open.spotify.com/track/0aXV2CwFTPNjXqeNhHr6aI;
Minsan;Cueshé;2008;Driven;;https://open.spotify.com/track/7aWmdiK44GYNa4TaZOFSeO;
Drift;Cueshé;2008;Driven;;https://open.spotify.com/track/2SKHacZx97R2OwOCBikqJ1;
Superstar;Cueshé;2008;Driven;;https://open.spotify.com/track/5xygkKMQl2sF5FZuYdJR74;
Ala-ala;Cueshé;2008;Driven;;https://open.spotify.com/track/0WNKIIMBvrO2ZQK0dxsESo;
Please Naman;Cueshé;2008;Driven;;https://open.spotify.com/track/7LPdZGZ4HNAusuXdrq3eGY;
There Was You;Cueshé;2008;Driven;;https://open.spotify.com/track/1uFn0uyUB1PparQ2Mvvh4X;
One;Cueshé;2008;Driven;;https://open.spotify.com/track/1GXwy3iu7ulPnEKG2A5IsU;
Quicksand;Cueshé;2008;Driven;;https://open.spotify.com/track/2SgNagIVXRdVeZIFUHGB1N;
Babe;Cueshé;2008;Driven;;https://open.spotify.com/track/1t6tOyEJRnPMy0OoKprLQH;
Over (Live);Cueshé;2008;Driven;;https://open.spotify.com/track/6MIxvA4QEOKdUXDcGsjbvq;
Pangako;Cueshé;2010;Life;;https://open.spotify.com/track/4ztvNcm17Ol4yhhUElRIBs;
Tara Na;Cueshé;2010;Life;;https://open.spotify.com/track/2kRxJ3KAWNeTj0dCmk2SkF;
Damage;Cueshé;2010;Life;;https://open.spotify.com/track/0NxReqKeprxX2ifwNqXNXu;
Lupit;Cueshé;2010;Life;;https://open.spotify.com/track/59njPOHLwfeGf7V8EYne5t;
Still;Cueshé;2010;Life;;https://open.spotify.com/track/40Q6wc4j5SkG8ft7hjuLCT;
Sana;Cueshé;2010;Life;;https://open.spotify.com/track/2tkIWDMcGrbfu00E0D3Iyq;
Alone;Cueshé;2010;Life;;https://open.spotify.com/track/1I9IaAGSTPISOiT6zkv0s6;
Fade;Cueshé;2010;Life;;https://open.spotify.com/track/50jx6GtcfXHpQUNuMnpzNq;
Sweet Surrender;Cueshé;2010;Life;;https://open.spotify.com/track/0czX6lfqbKbXZX1uAK6bG6;
Breathe;Cueshé;2010;Life;;https://open.spotify.com/track/1STeFDcKMStc2BGa3J4IjM;
Over Now;Cueshé;2010;Life;;https://open.spotify.com/track/2EnLExotwpDCHh5lsVuwdU;
Now;Cueshé;2010;Life;;https://open.spotify.com/track/33Q7pKQOtRykwxILLvs2OT;
Ikaw Lamang;Cueshé;2017;Ikaw Lamang;;https://open.spotify.com/track/6GhUC0cVeltnlJu6jNWmjO;
Layag;Up Dharma Down;2006;Fragmented;;https://open.spotify.com/track/7qdEAh6cYvBlZy2V3XTjat;
Maybe;Up Dharma Down;2006;Fragmented;;https://open.spotify.com/track/5PKFoRRRELAT8G7MVv3aMU;
Lazy Daisy;Up Dharma Down;2006;Fragmented;;https://open.spotify.com/track/1E3h1bB4J4NiDzSErIbISK;
We Give in Sometimes;Up Dharma Down;2006;Fragmented;;https://open.spotify.com/track/78L9YEDPOBFNWQBpVI02Ie;
Oo;Up Dharma Down;2006;Fragmented;;https://open.spotify.com/track/062z5ZMd0a0snMBZ75tOco;
Fragmented;Up Dharma Down;2006;Fragmented;;https://open.spotify.com/track/1cGDbwJCPPRRHohwRy32sK;
June;Up Dharma Down;2006;Fragmented;;https://open.spotify.com/track/3jsgdaNf7jNJGRJc5zRSvi;
Sleeptalk;Up Dharma Down;2006;Fragmented;;https://open.spotify.com/track/0qbkn84yZ345aITKpYKVQ2;
Pag Agos;Up Dharma Down;2006;Fragmented;;https://open.spotify.com/track/6OccnON3LW2jxoXGRTlcJC;
Broken Mirrors and Screaming Turtles;Up Dharma Down;2006;Fragmented;;https://open.spotify.com/track/5n582s5pvgzlavSSgH5ECH;
Malikmata;Up Dharma Down;2006;Fragmented;;https://open.spotify.com/track/4kkbQf6MnAPLmRtTJw0B8X;
The World Is Our Playground;Up Dharma Down;2006;Fragmented;;https://open.spotify.com/track/3q3HNab2XCozAzcSSA6vbH;
Oo (Fragmented Remix);Up Dharma Down;2006;Fragmented;;https://open.spotify.com/track/6JrIHmhzc9y85YhmtxZuTD;
Hiwaga;Up Dharma Down;2006;Fragmented;;https://open.spotify.com/track/6vul22MLIT12mo7Dmf9hrK;
Lazy Daisy (Ascolto Ver);Up Dharma Down;2006;Fragmented;;https://open.spotify.com/track/3i5x8OeKEMgfr1uxnMfYEy;
Blessed;Up Dharma Down;2008;Bipolar;;https://open.spotify.com/track/6xGcVYjElfRT0Yps4hBgDJ;
Clockwork;Up Dharma Down;2008;Bipolar;;https://open.spotify.com/track/1mb72WDX8E3zKQN5Cot5Ei;
Delayed Breathing;Up Dharma Down;2008;Bipolar;;https://open.spotify.com/track/72rzSiF7R8fr90TqGv5EW4;
All Year Round;Up Dharma Down;2008;Bipolar;;https://open.spotify.com/track/1AGzV0I1BaxiVO92YaMOJg;
Taya;Up Dharma Down;2008;Bipolar;;https://open.spotify.com/track/60e1WG1n3inKENNXQksBGa;
Unspoken Definites;Up Dharma Down;2008;Bipolar;;https://open.spotify.com/track/0ZP4k0EBXC2bpKUE2D9GIr;
The Cold Is Warmth;Up Dharma Down;2008;Bipolar;;https://open.spotify.com/track/4uvxvy6GVDRJdZc7midk9f;
Two;Up Dharma Down;2008;Bipolar;;https://open.spotify.com/track/5vruBAUH0NyKel4seYPJ04;
Sana;Up Dharma Down;2008;Bipolar;;https://open.spotify.com/track/3WgYEnpYw6n1o3JOuHPUxF;
Return Saturn Return;Up Dharma Down;2008;Bipolar;;https://open.spotify.com/track/1BdHCSLVKLL3E4v0AE3PFu;
Every First Second;Up Dharma Down;2008;Bipolar;;https://open.spotify.com/track/2hysgxfSDwZnv1TctqfZT5;
Furnace;Up Dharma Down;2008;Bipolar;;https://open.spotify.com/track/0FO3gm9kJuza6aKAex4XcR;
Silid;Up Dharma Down;2008;Bipolar;;https://open.spotify.com/track/4UtIdDlQ3SnkeOFBse5vOD;
Sugarcoats and Heartbeats;Up Dharma Down;2008;Bipolar;;https://open.spotify.com/track/4ViEgP0YLXYvoAPHtkrP2c;
Turn It Well;Up Dharma Down;2012;Capacities;;https://open.spotify.com/track/0YQz5C7xtpK6leZ22et24G;
Luna;Up Dharma Down;2012;Capacities;;https://open.spotify.com/track/5LfXREtoMJpBKpIIcekqOe;
Parks;Up Dharma Down;2012;Capacities;;https://open.spotify.com/track/50BnvQ6zBhnwUrLjWTxbGM;
Indak;Up Dharma Down;2012;Capacities;;https://open.spotify.com/track/1LxBThEXAGZMS6UnBWvex5;
Feelings;Up Dharma Down;2012;Capacities;Paul Buchanan;https://open.spotify.com/track/2PWFZp8w1Y5ILTA3VMRxXs;
Thinker;Up Dharma Down;2012;Capacities;;https://open.spotify.com/track/3vyvlc6oChyrmlB9W6WsSo;
Kulang;Up Dharma Down;2012;Capacities;;https://open.spotify.com/track/7eIAszvtf0uX1WjS4EsNRq;
Tadhana;Up Dharma Down;2012;Capacities;;https://open.spotify.com/track/6NFKf8vBApSvtzkapYmnVR;
Night Drops;Up Dharma Down;2012;Capacities;;https://open.spotify.com/track/0iuG66au8jlBoY2Polrp2D;
Kulang (Los Remix);Up Dharma Down;2016;Single;;https://open.spotify.com/track/3iANkEVyUqLHrdIT61Ylze;
Just a Smile;Up Dharma Down;2016;Single;;https://open.spotify.com/track/218HzfGnFPrEbYr6vpEfzH;
Gusto Ko (Pagsundo);Up Dharma Down;2017;Single;;https://open.spotify.com/track/1r0u9crAlIqyyFJv8dJKy7;
Unti-Unti;Up Dharma Down;2017;Single;;https://open.spotify.com/track/0DdC92EziGIEN6j7kTCKQX;
Maikee's Letters;Up Dharma Down;2018;Single;;https://open.spotify.com/track/4RmVm07CM76fnJbiVak6B5;
Fool Truth;Up Dharma Down;2019;U D D;;https://open.spotify.com/track/1uk7JrWJIeoVakEdm4FpZX;
Sigurado;Up Dharma Down;2019;U D D;;https://open.spotify.com/track/4XCFHies3PCuxqzGJaKsu6;
Tambalan;Up Dharma Down;2019;U D D;;https://open.spotify.com/track/2B4lH05aqoU50eFxTZVWys;
Never;Up Dharma Down;2019;U D D;;https://open.spotify.com/track/0VDZeCbu92uT7jG4Yrjivk;
Anino;Up Dharma Down;2019;U D D;;https://open.spotify.com/track/52Maigg5t1BrM2YaiZ6bro;
Stolen;Up Dharma Down;2019;U D D;;https://open.spotify.com/track/3Vt05PnEkmdfkbE7e5qioe;
Say Nothing;Up Dharma Down;2019;U D D;;https://open.spotify.com/track/7GfwJIGOcbjS3sRfsETjYZ;
Moving on (All the Good Things);Up Dharma Down;2019;U D D;;https://open.spotify.com/track/4MFFIHf1r2waMnH3ISlZQQ;
Unti-Unti;Up Dharma Down;2019;U D D;;https://open.spotify.com/track/1hkvWAHHWJslObD16ug4Nx;
Crying Season;Up Dharma Down;2019;U D D;;https://open.spotify.com/track/1eG6ox0Und1ADpnCtJuQ9f;
Young Again;Up Dharma Down;2019;U D D;;https://open.spotify.com/track/5CTbOUg2R8VuZEMJIVa3e7;
'Di Ka Mawala;Up Dharma Down;2019;Single;Just Hush;https://open.spotify.com/track/6RA3nISkoB5niu1K88QKWr;
Paagi (Netflix Anime Series "Trese" Official Soundtrack);Up Dharma Down;2021;Single;;https://open.spotify.com/track/5t7si7adcZFaAjEvIN5CuL;
run deep;Up Dharma Down;2024;Single;;https://open.spotify.com/track/2r4wA6kzUlDQkzrYgGC1R4;
nanaman;Up Dharma Down;2024;Single;;https://open.spotify.com/track/5O8mdzqp0HIdeN7IaAXkT1;
kapoy;Up Dharma Down;2024;Single;ZOYA;https://open.spotify.com/track/6zvWIAJtrJutkPdQUCMwHf;
gtara;Up Dharma Down;2024;Single;Just Hush;https://open.spotify.com/track/5Dwj64pEjwdWLDIdm7vKrj;
Isang Araw;Gloc-9;2003;G9 (Gloc Nine);;https://open.spotify.com/track/5oDUtdz4R7Jh905SBtVFhZ;
Sikat Na Si Pepe;Gloc-9;2003;G9 (Gloc Nine);;https://open.spotify.com/track/2sLe9x1IaFnBIxIbLo4Jds;
Ayoko Na Sana;Gloc-9;2003;G9 (Gloc Nine);;https://open.spotify.com/track/1dWBtBLd8yJJzV9DzerXaD;
Sayang;Gloc-9;2003;G9 (Gloc Nine);;https://open.spotify.com/track/3zXDhw0Ph6npExKzeDvAaR;
Simpleng Tao;Gloc-9;2003;G9 (Gloc Nine);;https://open.spotify.com/track/7K6g55fp09yQLBhgni3xqV;
Si Raul;Gloc-9;2003;G9 (Gloc Nine);;https://open.spotify.com/track/48zT76HHdYOb9nYAlQIDBu;
Hinahanap Ng Puso;Gloc-9;2003;G9 (Gloc Nine);feat. Hannah Romawac;https://open.spotify.com/track/1r50q0lRt8LhVOrwm8JjRg;
Bakit;Gloc-9;2003;G9 (Gloc Nine);;https://open.spotify.com/track/2VmZhRWy8iDsTTBRGYSTg6;
Laklak;Gloc-9;2003;G9 (Gloc Nine);feat. Dong Abay;https://open.spotify.com/track/7oGqva1pK2EoaVMt9eSyqa;
Masama Yan;Gloc-9;2003;G9 (Gloc Nine);;https://open.spotify.com/track/2XPXCGUdzqC60kjwl0wGqt;
Jologs;Gloc-9;2003;G9 (Gloc Nine);;https://open.spotify.com/track/7dAsOYvF6p428UYk3q52nH;
Ako Si;Gloc-9;2003;G9 (Gloc Nine);;https://open.spotify.com/track/5ZomIq5rXA7xasLWsBFZeV;
D Intro;Gloc-9;2005;Ako Si;;https://open.spotify.com/track/51EDstsQ6H4Za5jv1oCfXz;
Slick n Sly;Gloc-9;2005;Ako Si;feat. Slick N Sly Kane;https://open.spotify.com/track/6kwBCPeEMXsfI6I5WJ7z4X;
Tula;Gloc-9;2005;Ako Si;;https://open.spotify.com/track/7vUMFsED3QnkVJP7Q2faYa;
Ipagpatawad Mo;Gloc-9;2005;Ako Si;feat. Dzing Macanaya;https://open.spotify.com/track/3BqDp6yewmSm2FcmC0jpXa;
Love Story Ko;Gloc-9;2005;Ako Si;;https://open.spotify.com/track/7f3S33lB0WEQCSMGNs0GC4;
English Tracks;Gloc-9;2005;Ako Si;;https://open.spotify.com/track/35J8qVFL9bWPk7KEhFRuSH;
Get 2 Know You;Gloc-9;2005;Ako Si;feat. Keith Martin;https://open.spotify.com/track/5R7ho75ctmwGKbGCUvJhB2;
My Number;Gloc-9;2005;Ako Si;feat. Mitchell;https://open.spotify.com/track/03noRJ4NKNDJgokdH87tGl;
Pa'no Kaya;Gloc-9;2005;Ako Si;feat. Arnold Jr. & Gayle Dizon;https://open.spotify.com/track/0ersHTw5GoDk2Vq500IZiU;
Liwanag;Gloc-9;2005;Ako Si;feat. Francis Magalona;https://open.spotify.com/track/2o8ylmkMiciNuWgAZ4Y8oF;
Usap Tayo;Gloc-9;2005;Ako Si;;https://open.spotify.com/track/5S840AaVQRu57Pvx8XvBc0;
Nag-Iisang Mundo;Gloc-9;2005;Ako Si;;https://open.spotify.com/track/5TOCNI9SqaYGyIr80vBr0n;
Diploma;Gloc-9;2007;Diploma;;https://open.spotify.com/track/6Pb0O4mvgYLSNuLOERodPT;
Lando;Gloc-9;2007;Diploma;feat. Francis M.;https://open.spotify.com/track/2aBUWilZt3uX4wfgHg4g6S;
The Task Is Done;Gloc-9;2007;Diploma;feat. Gobas & Reg Rubio of Greyhoundz;https://open.spotify.com/track/1MJbfEAEI6UzHKTnzUoLrE;
Sumayaw Ka;Gloc-9;2007;Diploma;;https://open.spotify.com/track/3pfXzXbRJNXOT7f2IQ1s2p;
B.I.;Gloc-9;2007;Diploma;;https://open.spotify.com/track/4ZqYzweu17Z92mWBGxOymB;
Lov Na Lov;Gloc-9;2007;Diploma;feat. Lovi Poe;https://open.spotify.com/track/5UczNibiXAHtRFIhMC2BR9;
Blues Niyang Itim;Gloc-9;2007;Diploma;feat. Czarina Rosales;https://open.spotify.com/track/0Nx8WsTv00JASnL4MYpnfH;
Sila;Gloc-9;2007;Diploma;feat. Loonie & Konflick;https://open.spotify.com/track/6FR8JUmXzd816JqDC9uQlU;
Lapis At Papel;Gloc-9;2007;Diploma;;https://open.spotify.com/track/4RkUx7wJWD17fZ7PXrPBCM;
Torpedo;Gloc-9;2007;Diploma;feat. JP of Kiko Machine;https://open.spotify.com/track/5LATqHltRr9AvQj2ZPL5rF;
Kayo;Gloc-9;2007;Diploma;feat. Mitchell;https://open.spotify.com/track/3jp1KiuyujrO5LSuccGeJW;
Lando (feat. Chito Miranda);Gloc-9;2007;Diploma;feat. Chito Miranda;https://open.spotify.com/track/0on6uc9TBfpkHfoSjm3LvN;
Lipat Mo;Gloc-9;2009;Matrikula;;https://open.spotify.com/track/3ju7jg7JRYUoEcSYNaJpkW;
Martilyo;Gloc-9;2009;Matrikula;feat. Dex of Letter Day Story;https://open.spotify.com/track/7LtMm9yR9n5tpQMGkqSPcs;
Tinta;Gloc-9;2009;Matrikula;;https://open.spotify.com/track/4zoyZEOZj9Vxjcs7lQBHki;
Balita;Gloc-9;2009;Matrikula;feat. Gabby Alipe of Urbandub;https://open.spotify.com/track/6aVgfjeJcjELn8D5TJdGJk;
Upuan;Gloc-9;2009;Matrikula;feat. Jeazell Grutas;https://open.spotify.com/track/5sSG2CQBI3perj0gMbhXd1;
Bituwin;Gloc-9;2009;Matrikula;feat. Allan Mitchel;https://open.spotify.com/track/2h72dv2I6rOlAA0vwIIQsk;
Bayad Ko;Gloc-9;2009;Matrikula;feat. Noel Cabangon;https://open.spotify.com/track/1iqdzuc7CeMmutSMeNtyBw;
Bahala Na;Gloc-9;2009;Matrikula;feat. Moymoy Palaboy, Sisa & Biboy of Queso;https://open.spotify.com/track/2ZJMGAsE7H3sZYEv0ckhs3;
The Bobo Song;Gloc-9;2009;Matrikula;feat. Loonie;https://open.spotify.com/track/1I5AovO86hDK002yNCcpOi;
Pangarap;Gloc-9;2009;Matrikula;feat. Raymund Marasigan;https://open.spotify.com/track/2HsrOHBWX6DFEs0ugeyJiX;
Kaibigan Ko;Gloc-9;2009;Matrikula;feat. The Hardware Syndrome, Itoy & Willie;https://open.spotify.com/track/2oI8hPjrIX4q77NFhNxrgm;
Tao;Gloc-9;2009;Matrikula;feat. Cookie Chua of Color It Red;https://open.spotify.com/track/2j3gUSvyhcBe297VZAY9JK;
Buti Na Lang;Gloc-9;2011;Talumpati;feat. Mcoy Fundales of Kenyo;https://open.spotify.com/track/0CRB5oqNbrxXAMRMeIXunh;
Bugtong;Gloc-9;2011;Talumpati;feat. Yeng Constantino;https://open.spotify.com/track/4n13C26lsDX8bjgvnrkgHX;
Akin Lang Naman;Gloc-9;2011;Talumpati;feat. G-Dawg & Gordon Lambatan;https://open.spotify.com/track/3Rbh5VJFeSfZqx590SNDxl;
Walang Natira;Gloc-9;2011;Talumpati;feat. Sheng Belmonte;https://open.spotify.com/track/21FPqoc0NyXVB3wiB3iFRg;
Baon;Gloc-9;2011;Talumpati;feat. Gab Chee Kee of Parokya Ni Edgar;https://open.spotify.com/track/7L27335sVPt1pvXv3NHLXg;
Atik Laham;Gloc-9;2011;Talumpati;feat. Wency Cornejo;https://open.spotify.com/track/5bl0E5aGSapiCO121kEt7y;
Tissue;Gloc-9;2011;Talumpati;;https://open.spotify.com/track/1CBsYh03ZqvCiGLles6fJ5;
Salbahe;Gloc-9;2011;Talumpati;feat. Tanya Markova;https://open.spotify.com/track/3FJvTG8s8de8qlvN9h4Pil;
Elmer;Gloc-9;2011;Talumpati;feat. Jaq Dionisio & Jomal Linao of Kamikazee;https://open.spotify.com/track/6QjV34ahEDX3i7QMyEHQtF;
Gusto Ko;Gloc-9;2011;Talumpati;feat. Sean Daniel & Daniele Shaun;https://open.spotify.com/track/1Mu4WRsDZUauITBSegLkdG;
Kislap;Gloc-9;2011;Talumpati;feat. Aiza Seguerra;https://open.spotify.com/track/4IXBNPnwZr3F39Zln4jUeb;
Talumpati;Gloc-9;2011;Talumpati;feat. Aia De Leon of Imago;https://open.spotify.com/track/4LWwPvFZfgyv1JsQrvo8m2;
Balak Ni Syke;Gloc-9;2012;MKNM (Mga Kwento Ng Makata);feat. Syke;https://open.spotify.com/track/3LMtdT5LauGmSz5UYaGTQ4;
Apatnapungbara;Gloc-9;2012;MKNM (Mga Kwento Ng Makata);feat. Ian Tayao;https://open.spotify.com/track/1iqm3arDhVOPntUvgWrWGv;
Silup;Gloc-9;2012;MKNM (Mga Kwento Ng Makata);feat. Denise Barbacena;https://open.spotify.com/track/2Ta4hJKrhLme4GVmmJI6Rq;
Alalay Ng Hari;Gloc-9;2012;MKNM (Mga Kwento Ng Makata);feat. Allan Mitchell Silonga;https://open.spotify.com/track/33rRIlt2quHU3yyyhXZCmc;
Sirena;Gloc-9;2012;MKNM (Mga Kwento Ng Makata);feat. Ebe Dancel;https://open.spotify.com/track/1y8uWtPF64SEAkU2RWvYpr;
Hindi Mo Nadinig;Gloc-9;2012;MKNM (Mga Kwento Ng Makata);feat. Jay Durias;https://open.spotify.com/track/1Gw9b7z2fbgPhCFpeN1aX8;
Salarin;Gloc-9;2012;MKNM (Mga Kwento Ng Makata);feat. Bamboo Manalac;https://open.spotify.com/track/1kDBhks4IVHqAV27X66YqB;
Inday;Gloc-9;2012;MKNM (Mga Kwento Ng Makata);feat. Cathy Go;https://open.spotify.com/track/5R8b0OHNiXb6Ij2KStAWKV;
Bakit Hindi;Gloc-9;2012;MKNM (Mga Kwento Ng Makata);feat. Billy Crawford;https://open.spotify.com/track/2tr9QT64qmf3A1COnUn5SZ;
Pison;Gloc-9;2012;MKNM (Mga Kwento Ng Makata);feat. Chito Miranda;https://open.spotify.com/track/7oPUOLk4CQzDvP5AQD2qjH;
Thankful;Gloc-9;2012;MKNM (Mga Kwento Ng Makata);feat. Maychelle Baay;https://open.spotify.com/track/0psMtCqZmcFddMCjqKso9n;
Hari Ng Tondo;Gloc-9;2012;MKNM (Mga Kwento Ng Makata);feat. Denise Barbacena;https://open.spotify.com/track/6xI7tHjhXtyw45funQLtO0;
Kung Tama Siya;Gloc-9;2012;MKNM (Mga Kwento Ng Makata);feat. Jaq Dionisio;https://open.spotify.com/track/5EpgViIqC2s17kdnJrHXk8;
Huminahon Ka;Gloc-9;2013;Liham At Lihim;feat. Sly Kane;https://open.spotify.com/track/7wHSA1HERwTBxnU4VTFpcs;
Takip Silim;Gloc-9;2013;Liham At Lihim;feat. Regine Velasquez-Alcasid;https://open.spotify.com/track/0E0hcGdI2AH1i35GCkCta7;
KMT;Gloc-9;2013;Liham At Lihim;feat. Eunice Jorge of Gracenote;https://open.spotify.com/track/7DLKa4O1NrpGS0ab38sBS8;
Magda;Gloc-9;2013;Liham At Lihim;feat. Rico Blanco;https://open.spotify.com/track/3rmvXHlqIGiQndabkh5hxY;
Rap Ka Nga;Gloc-9;2013;Liham At Lihim;;https://open.spotify.com/track/2yCn466IFckhnEa4o401FE;
Kwento Mo;Gloc-9;2013;Liham At Lihim;;https://open.spotify.com/track/0FV14rMuLytdsiaigQSUoQ;
Tsinelas Sa Putikan;Gloc-9;2013;Liham At Lihim;feat. Marc Abaya;https://open.spotify.com/track/2XdDjnxXvjdAuQq2yeLaT5;
Siga;Gloc-9;2013;Liham At Lihim;feat. Quest;https://open.spotify.com/track/26gbGTrAghwsMH4t0ZgxEb;
Hindi Sapat;Gloc-9;2013;Liham At Lihim;feat. Denise Barbacena;https://open.spotify.com/track/3QnJwa8Gs1hGv1nSOILn77;
Katulad Ng Iba;Gloc-9;2013;Liham At Lihim;feat. Zia Quizon;https://open.spotify.com/track/30bcWJHIZwwmjdTnm39D3m;
Kunwari;Gloc-9;2013;Liham At Lihim;feat. Kamikazee & Biboy Garcia of Queso;https://open.spotify.com/track/1uVR17Tx00Ctcy6FAORl7k;
Itak Ni Andres;Gloc-9;2013;Liham At Lihim;;https://open.spotify.com/track/78FzKdEFW69rZScx0JN5mw;
Businessman;Gloc-9;2014;Biyahe Ng Pangarap (Live);feat. Vinci Montaner;https://open.spotify.com/track/5HshOwid7vfMjpN3XxPkjH;
Magda (Acoustic Version);Gloc-9;2014;Single;feat. Rico Blanco;https://open.spotify.com/track/5wyu8spCmlGYPH0W8Aw8mn;
Ito Ang Liga;Gloc-9;2015;Single;feat. Sam Concepcion & Ebe Dancel;https://open.spotify.com/track/4GYomFci7kMaJ7dwFvUXgy;
Barya Lang Intro;Gloc-9;2016;Sukli;;https://open.spotify.com/track/4xydsmQ9o3E1gSRVSvJ6v2;
Hoy;Gloc-9;2016;Sukli;;https://open.spotify.com/track/1bU6pV13d8DlyVJbz6N9WS;
Sukli;Gloc-9;2016;Sukli;feat. Maya;https://open.spotify.com/track/47wQMZvUYKeRN73I6Qg735;
Industriya;Gloc-9;2016;Sukli;feat. KZ Tandingan;https://open.spotify.com/track/68EeBn2gJHvaeDhciiBT38;
Sagwan;Gloc-9;2016;Sukli;feat. Monty Macalino of Mayonnaise;https://open.spotify.com/track/5Gs41kjOuodffD0qsmqWuW;
Kalye;Gloc-9;2016;Sukli;feat. Yosha;https://open.spotify.com/track/0Qa9nup3Yn6altEyv0KC3t;
Payag;Gloc-9;2016;Sukli;;https://open.spotify.com/track/53KHKkcd7p8Hf5ASPMNgf8;
Ang Probinsyano;Gloc-9;2016;Sukli;feat. Ebe Dancel;https://open.spotify.com/track/5gGlJBxEBdZfcGhLqGk4ur;
Rico J;Gloc-9;2017;Rotonda EP;;https://open.spotify.com/track/4MwY00BEtj0htkG6SJLp1r;
Ice Tubig;Gloc-9;2017;Rotonda EP;feat. Mike Luis;https://open.spotify.com/track/4bHJVWRMTqkqiQfA45Wroq;
TRPKNNMN;Gloc-9;2017;Rotonda EP;feat. Agsunta;https://open.spotify.com/track/7LGJxaqmM8vwDBX2TDG90Z;
Norem;Gloc-9;2017;Rotonda EP;feat. Shanti Dope, JKris & Abaddon;https://open.spotify.com/track/1ECl4vFF1IiBcXIF5rNy8X;
Rotonda;Gloc-9;2017;Rotonda EP;feat. Joey Ayala;https://open.spotify.com/track/18zz75MV8zH37xMlCsMn0F;
Ang Panday;Gloc-9;2017;Single;feat. Ebe Dancel;https://open.spotify.com/track/3a7c8dRD2v3afhAPPnFOfp;
Lagi;Gloc-9;2018;Single;feat. Al James;https://open.spotify.com/track/;
Pamaypay;Gloc-9;2018;Single;feat. JKris;https://open.spotify.com/track/7bQUWJgdJQ2nsGTlgPNAx3;
Bintana;Gloc-9;2019;Single;;https://open.spotify.com/track/6gYT8DrUcJ5NnPdr4WLF5H;
Dungaw;Gloc-9;2019;Single;feat. Keiko Necesario;https://open.spotify.com/track/3kijcyXHIMt5ErTq83t3TX;
Maleta;Gloc-9;2019;Single;feat. Julie Anne San Jose;https://open.spotify.com/track/5P9zw8oJG5FZI79KiTuk6Y;
Pulubi;Gloc-9;2019;Single;feat. Lirah;https://open.spotify.com/track/0oOeTAdUwdjpgB3qjpA05Q;
Pati Pato;Gloc-9;2019;Single;feat. Shanti Dope, Chito Miranda & DJ Klumcee;https://open.spotify.com/track/0ufb6vNjoTRv1lG8gwY5SC;
Bahaghari;Gloc-9;2020;Single;feat. Julie Anne San Jose;https://open.spotify.com/track/7wTPhdplnstwbnPjIe8obR;
Halik;Gloc-9;2020;Single;feat. Flow G;https://open.spotify.com/track/340mIDGqsUc0HqBa8CuYKi;
Macho Rap;Gloc-9;2020;Single;;https://open.spotify.com/track/;
Otochun;Gloc-9;2020;Single;feat. Geo Ong;https://open.spotify.com/track/;
Alitaptap;Gloc-9;2021;POOT AT PAG-IBIG EP;;https://open.spotify.com/track/1n5PNCwkHyaAYBRfQwRvxe;
Di Marunong;Gloc-9;2021;POOT AT PAG-IBIG EP;feat. KXLE;https://open.spotify.com/track/2sveuLkxDFMu0pvV2ZxbS2;
Sana;Gloc-9;2021;POOT AT PAG-IBIG EP;feat. Arvy T & elle shaun;https://open.spotify.com/track/19yrc2wSYX1IUHOJXY0T6V;
Payong;Gloc-9;2021;POOT AT PAG-IBIG EP;feat. Perf De Castro;https://open.spotify.com/track/6cMi8y4pDj3GDgWwJ2xztA;
Oka;Gloc-9;2021;POOT AT PAG-IBIG EP;feat. LOIR;https://open.spotify.com/track/7oonHGmiJomoed1DGjBgkj;
B.P.B.;Gloc-9;2021;POOT AT PAG-IBIG EP;feat. Yeoj;https://open.spotify.com/track/27Ws8fDWQv2XtM8cPshpSi;
Langit Lupa;Gloc-9;2021;Single;feat. HELLMERRY;https://open.spotify.com/track/2LZOJykPDpYozSbdzaea6g;
Maulit Man;Gloc-9;2021;Single;feat. Grace Cristobal;https://open.spotify.com/track/;
Pag Nagising Ako;Gloc-9;2021;Single;feat. Jillian Ita-as;https://open.spotify.com/track/6DMWAvjxrjbFTTbqP0nutr;
Pasan;Gloc-9;2021;Single;feat. Hero & Goodson;https://open.spotify.com/track/2ySjZnBAf3B4mulqXipw9t;
Sanib;Gloc-9;2021;Single;feat. LOIR;https://open.spotify.com/track/7z66omaHVmtiKPYKrTGhP5;
Saranggola;Gloc-9;2021;Single;feat. Yuridope;https://open.spotify.com/track/6O0MsheL0s86YyWda1F2hV;
Tablan;Gloc-9;2021;Single;feat. Assembly Generals;https://open.spotify.com/track/;
Tindero;Gloc-9;2021;Single;;https://open.spotify.com/track/6UQIoZhubvbdw5I4G07kpv;
Tunay;Gloc-9;2021;Single;;https://open.spotify.com/track/;
Bahay Yugyugan;Gloc-9;2022;Single;;https://open.spotify.com/track/;
Kagat Ni Eba;Gloc-9;2022;Single;feat. Thyro Alfaro;https://open.spotify.com/track/4ZmYIzCOvxg82j32OLLQ1F;
Halina Sa Arena;Gloc-9;2023;Single;;https://open.spotify.com/track/;
Kwentong Barbero;Gloc-9;2023;Single;feat. Ramdiss;https://open.spotify.com/track/2KZDOdhVulGnuLydmIPpBV;
ABAKADA;Gloc-9;2023;Single;feat. Mark Beats;https://open.spotify.com/track/4S9czi8Xa5eSHePLGgB98N;
Sa Duyan Ng Bayan;Gloc-9;2023;Single;feat. Noel Cabangon & Ebe Dancel;https://open.spotify.com/track/59Wh5D1C1eXpgr6CT9wcck;
Pilak;Gloc-9;2023;Pilak;;https://open.spotify.com/track/4BtBGr5lm4CtiIVFGEI8Fu;
Buhat;Gloc-9;2023;Pilak;;https://open.spotify.com/track/5Q7UvY8IEicx1unql1smm5;
Kamusta Ka Na;Gloc-9;2023;Pilak;;https://open.spotify.com/track/6m5SZunxILQQsndmmNYVhf;
Bahay Yugyugan (feat. Flow G);Gloc-9;2023;Pilak;feat. Flow G;https://open.spotify.com/track/0xlTnx065c58AcFW5Ntkqd;
Di Umiinom;Gloc-9;2023;Pilak;feat. Hero;https://open.spotify.com/track/765oGHywvMXMw5aMX98NfR;
Paliwanag;Gloc-9;2023;Pilak;feat. Yeng Constantino;https://open.spotify.com/track/7fjHvAgoTGFa8nvEZgqNOu;
Buhok;Gloc-9;2023;Pilak;feat. Liezel;https://open.spotify.com/track/0NIkboOpsurwBTtIXcOfWl;
Kumpisal;Gloc-9;2023;Pilak;feat. Skusta Clee;https://open.spotify.com/track/5jeri3XIO8naGP3oor2Xaz;
RESBAK;Gloc-9;2023;Pilak;feat. Shanti Dope, CLR, Omar Baliw & Pricetagg;https://open.spotify.com/track/42VIujSqZczaIWYAAgq7ko;
Walang Pumapalakpak;Gloc-9;2023;Pilak;feat. Gary Valenciano;https://open.spotify.com/track/7KiM2LUbjnFA5M96uRlTJP;
Panulat Mo;Gloc-9;2024;Sari-Sari Story;;https://open.spotify.com/track/4eTB1L2kV6BWeAG0i0oQsi;
Gatas At Asukal;Gloc-9;2024;Sari-Sari Story;;https://open.spotify.com/track/0AdXwkXQ22kD0uccxHVARy;
Utang Clan;Gloc-9;2024;Sari-Sari Story;;https://open.spotify.com/track/3LVYX4Alp7x3HcGD1EJSPc;
Puyat;Gloc-9;2024;Sari-Sari Story;;https://open.spotify.com/track/1Fi5x3n9pDspcYT5RFLVly;
Sagip;Gloc-9;2024;Sari-Sari Story;;https://open.spotify.com/track/2YDSCe6JL99wvUTW4j9Ov1;
Tinda Ni Linda;Gloc-9;2024;Sari-Sari Story;;https://open.spotify.com/track/2A7Thm3V01aLD3r5NiAZlB;
Tatlong Taon;Gloc-9;2024;Sari-Sari Story;;https://open.spotify.com/track/2yxF4j7rXFsIVMpSKJgl19;
Alimpungatan;Gloc-9;2024;Sari-Sari Story;;https://open.spotify.com/track/1wy78gQNMum7uY3votIBgX;
Yakap;Gloc-9;2024;Sari-Sari Story;;https://open.spotify.com/track/6rww4DGMOxPGKCUAxtTBvw;
Idol;Gloc-9;2024;Sari-Sari Story;feat. G Clown, Ramdiss & Hero;https://open.spotify.com/track/1mNkpYJbUCFxbZsROsoApv;
KALAKAL;Gloc-9;2024;Single;feat. SB19;https://open.spotify.com/track/1cFGU7MQu0mHS5uVyD1STP;
4424;Gloc-9;2024;Single;;https://open.spotify.com/track/34YaH5GUiPAEx0nvyJMX4B;
Debu;Gloc-9;2024;Single;feat. Arvy T;https://open.spotify.com/track/2pPQuk15fOOjWVwoJtJHR6;
Labandero;Gloc-9;2024;Single;;https://open.spotify.com/track/0IS7JDrebCNxoCn5G8yOxf;
Naspi;Gloc-9;2024;Single;feat. G-Clown, Arvy T, Hero & Ramdiss;https://open.spotify.com/track/;
Palalo;Gloc-9;2024;Single;feat. Numerhus;https://open.spotify.com/track/4qbzBmKbUvXjHum0hyFCb8;
KB;Gloc-9;2024;Single;feat. Karl Banayad;https://open.spotify.com/track/43aLcHNUwPjxN9AHBniMhS;
Dating Gawi;Gloc-9;2025;Project A;feat. Abaddon;https://open.spotify.com/track/71gWvvuLLKW9Tj7mHaB0LT;
Taksil;Gloc-9;2025;Project A;feat. Abaddon;https://open.spotify.com/track/7DzMukhW3V46jyLBgr6ncA;
Kuya Cesar;Gloc-9;2025;Project A;feat. Abaddon & Astro;https://open.spotify.com/track/42eVkPFejQuGLziRT0R3b6;
Ambag;Gloc-9;2025;Project A;feat. Abaddon & Shockra;https://open.spotify.com/track/0XtXVrzM6FUTKX7kB60NS5;
Halimaw;Gloc-9;2025;Project A;feat. Abaddon, Smugglaz & Hero;https://open.spotify.com/track/0cm8VrhYcuZFnSmnpzdiGC;
Anghel;Gloc-9;2025;Project A;feat. Abaddon & Arvy T;https://open.spotify.com/track/4iKhQocq1mA238f7NKG9f8;
BLGBGN;Gloc-9;2025;Project A;feat. Abaddon;https://open.spotify.com/track/7ki7IIYqmqq6YgDLHFkpee;
Bonethugs;Gloc-9;2025;Project A;feat. Abaddon;https://open.spotify.com/track/2ad7jxmkaE15mEagLaC62D;
Kakampi;Gloc-9;2025;Project A;feat. Abaddon & Hero;https://open.spotify.com/track/18TVarHHqilsCOlQ2f1Esg;
Magarang Kotse;Gloc-9;2025;Project A;feat. Abaddon & Tuglaks;https://open.spotify.com/track/3vLhRis9vHRrkR86qxTnso;
All Day;Gloc-9;2025;Single;feat. Bishnu Paneru;https://open.spotify.com/track/;
Dalaw;Gloc-9;2026;Single;feat. Bishnu Paneru;https://open.spotify.com/track/;
Hilatsa;Gloc-9;2026;Single;feat. CRAINZEE;https://open.spotify.com/track/;
Tagay;Gloc-9;2026;Single;feat. A$tro;https://open.spotify.com/track/;
Aurora Skies;fitterkarma;2019;Single;;https://open.spotify.com/track/0O6A4Wjo3GcwanYNHpxdhb;
Pambihira;fitterkarma;2019;Single;;https://open.spotify.com/track/2lE36J56tNDWrRE7sNmrkl;
pakinggan mo...;fitterkarma;2022;pakinggan mo... (EP);;https://open.spotify.com/track/2TCu6hK0VzFUiHTmNEFICH;
KAMATAYAN!!!;fitterkarma;2022;pakinggan mo... (EP);;https://open.spotify.com/track/5bcH0qGjvkBZ9H2Maw4IHv;
Multo, Pt. 1;fitterkarma;2022;pakinggan mo... (EP);;https://open.spotify.com/track/2AufDrEsHko12Kuq0Uiuh0;
Isang Pangako;fitterkarma;2022;pakinggan mo... (EP);;https://open.spotify.com/track/1TOtcBVUS8PrtoPT5LZW0C;
Multo, Pt. 2;fitterkarma;2022;pakinggan mo... (EP);;https://open.spotify.com/track/6E66NRYTRz3v6ATLONY1nT;
Pambihira - EP Version;fitterkarma;2022;pakinggan mo... (EP);;https://open.spotify.com/track/2Fg1gy28BmRy0pGH8IJeWG;
Kalapastangan;fitterkarma;2023;Single;;https://open.spotify.com/track/1udOOSbJnytCdgvbgYOF5s;
Pag-Ibig ay Kanibalismo II;fitterkarma;2025;Single;;https://open.spotify.com/track/410fyfFghBsxNu45LiNJ24;
Pag-Ibig ay Kanibalismo I;fitterkarma;2025;Single;;https://open.spotify.com/track/1D5QYhOVApBxelGLXSenLC;
Sumpa;fitterkarma;2025;Single;;https://open.spotify.com/track/53TEymid26RSQwfL3UrYru;
Baby I Tried;Rob Deniel;2020;Baby I Tried (Single);;https://open.spotify.com/track/2apKzuGveE4XFji5KRpBNX;
Ulap;Rob Deniel;2020;Ulap (Single);;https://open.spotify.com/track/0yBycfuTYOoDrvfP5wY2Ux;
Gabi;Rob Deniel;2020;Gabi (Single);;https://open.spotify.com/track/7EYCghalyb9OyI2zrEbcQa;
Ang Rosas;Rob Deniel;2021;Ang Rosas (Single);;https://open.spotify.com/track/6tLvshGEzAStJoGu4NRUMA;
Ulap / Miracle Nights;Rob Deniel;2021;Ulap / Miracle Nights (Single);ALLMO$T;https://open.spotify.com/track/1zR9hWzLpNeR4ZcXEPWswl;
Abante;Rob Deniel;2021;Abante (Single);ALLMO$T;https://open.spotify.com/track/5X2idPEuWjcWAHFlmV5Axx;
Darling, Darling;Rob Deniel;2021;Darling, Darling (Single);;https://open.spotify.com/track/0mgbFVGzXKO41p9oxoas0c;
Ulap;Rob Deniel;2021;Ulap (Original Soundtrack from the Vivamax Movie "Sa Haba Ng Gabi");;https://open.spotify.com/track/5B9wx68hXK5IBic4YDTLUr;
Diwa;Rob Deniel;2021;Diwa (Single);;https://open.spotify.com/track/4cIed7uJzUPVbGNGXOuZI7;
Ang Rosas;Rob Deniel;2022;Silip Sa Apoy (Original Soundtrack from the Vivamax Movie);;https://open.spotify.com/track/3zIFQXEmOgl2xqo0PK9OfX;
Kundiman;Rob Deniel;2022;Kundiman (Single);;https://open.spotify.com/track/5o4ahNCar7wJCtcI1wXt54;
Sinta;Rob Deniel;2022;Sinta (Single);;https://open.spotify.com/track/0aCmjkogiWIRu7205eZK6I;
Ang Pag-ibig;Rob Deniel;2023;Ang Pag-ibig (Single);;https://open.spotify.com/track/639Wg7NFfgbwjSwDphqgvz;
Darling, Darling;Rob Deniel;2023;Baby Boy Baby Girl (Original Movie Soundtrack);;https://open.spotify.com/track/2jk2A1Mg85BBLQ6ArcgYqf;
Ang Pag-ibig;Rob Deniel;2023;Wish You Were The One (Original Movie Soundtrack);;https://open.spotify.com/track/1UHvivxQYbWD5mUx2NiBg0;
RomCom;Rob Deniel;2023;RomCom (Single);;https://open.spotify.com/track/67DEADzgSxkFWI3jVlQUL3;
Miss Miss;Rob Deniel;2023;Miss Miss (Single);;https://open.spotify.com/track/2yer0zhfBNd1vxZ4Ug2dEU;
Ang Pag-ibig;Rob Deniel;2024;Dearly Beloved (Original Movie Soundtrack);;https://open.spotify.com/track/3xbqnhwrLvK6SiSOHtNOe5;
Ulap;Rob Deniel;2024;Sem Break (A Viva One Original Series Soundtrack);;https://open.spotify.com/track/2BW42ayZlrZ4RUKlIsVEgX;
Ulap;Rob Deniel;2024;Sem Break (Original Soundtrack);;https://open.spotify.com/track/0XVg99A6JlkHE2tOUX3dM7;
Distansya;Rob Deniel;2024;Distansya (Single);Janine Tenoso;https://open.spotify.com/track/5ckv9XlKXJN6JccRJFjfyv;
Miss Miss;Rob Deniel;2024;40 (Original Motion Picture Soundtrack);;https://open.spotify.com/track/0hfDF2gbfFKT2uvTRXU0T1;
Arrowmance;Rob Deniel;2024;Arrowmance (Single);;https://open.spotify.com/track/7hh6oTg0HAnNa4u1MQUxhq;
Arrowmance;Rob Deniel;2024;Chasing In The Wild (A Viva One Original Series Soundtrack);;https://open.spotify.com/track/6FfPKNx06n49myPB5U0Btv;
Happy Ending;Rob Deniel;2024;Happy Ending (Single);;https://open.spotify.com/track/1hv8gjkImdxHMw98bxXGre;
Miss Miss;Rob Deniel;2025;Ang Mutya Ng Section E (A Viva One Original Series Soundtrack);;https://open.spotify.com/track/2yer0zhfBNd1vxZ4Ug2dEU;
Ikaw Ang Miss Universe Ng Buhay Ko;Rob Deniel;2025;SWABE;;https://open.spotify.com/track/5BcxhLZzZqjH68PrrbJs2c;
Puso;Rob Deniel;2025;Puso (Single);;https://open.spotify.com/track/23GZMUl9aJvSmb2QpBS55j;
Simoy;Rob Deniel;2025;100 Awit Para Kay Stella (Original Movie Soundtrack);;https://open.spotify.com/track/7gJGejlrwrz4GVGBIy2bTs;
Iisang Daan;Rob Deniel;2025;100 Awit Para Kay Stella (Original Movie Soundtrack);Kyle Echarri;https://open.spotify.com/track/3VRvDPGd2U4r6UwMy6xCEo;
Kumusta Na;Rob Deniel;2025;100 Awit Para Kay Stella (Original Movie Soundtrack);;https://open.spotify.com/track/25Kim7f0d7ym54D2e9q2wO;
Sinta;Rob Deniel;2025;Minamahal (Original Movie Soundtrack);;https://open.spotify.com/track/7uCnYq8c3DWszXtGdyRavJ;
Ikaw Sana (Live);Rob Deniel;2025;Ikaw Sana (Live) (Single);;https://open.spotify.com/track/1RtiAzLeYtfJN6VOi2LkxW;
Wala Na Bang Pag-ibig;Rob Deniel;2025;RD Covers (Live);;https://open.spotify.com/track/6D0jXlvOC2llxT2xEEGQBh;
Bakit Ngayon Ka Lang;Rob Deniel;2025;RD Covers (Live);;https://open.spotify.com/track/0jMWZzRWjjLl3oR1RmDYsZ;
Ikaw Sana;Rob Deniel;2025;RD Covers (Live);;https://open.spotify.com/track/2PwhGIudiNm9NnObLcj9kZ;
Nandito Ako;Rob Deniel;2025;RD Covers (Live);;https://open.spotify.com/track/5Ykz2rfupj8lEr5eDumU0X;
Kalawakan;Rob Deniel;2025;Kalawakan (Single);;https://open.spotify.com/track/4L1cUWMpmGgfD5t6s5V5Wy;
Kalawakan;Rob Deniel;2025;Ang Mutya Ng Section E Book 2 (The Dark Side);;https://open.spotify.com/track/4FjxWW5SwGmpqqQEaBIsXQ;
Sinta;Rob Deniel;2026;Hell University (A Viva One Original Series Soundtrack);;https://open.spotify.com/track/31WMUS1MCbp9MGjlpnDzIU;
Star Song;Rob Deniel;2026;Star Song (Single);;https://open.spotify.com/track/5TGaPefQfu1Z2exPWU96Vf;
Tensionado;Soapdish;2005;Soapdish;;https://open.spotify.com/track/10BtDxfJOArEZUDuvwOh7h;
Ewan Ko;Soapdish;2005;Soapdish;;https://open.spotify.com/track/5DiDneDWvqYGywkttP36Wt;
Sandali;Soapdish;2005;Soapdish;;https://open.spotify.com/track/63UMk4N8yRqMk4Qn8aHv1K;
Sana Sinabi;Soapdish;2005;Soapdish;;https://open.spotify.com/track/21I0JyD3ojXpb8ayMk4vR3;
Would You;Soapdish;2005;Soapdish;;https://open.spotify.com/track/6zWRBJE9yzCzvWVPHIrkdz;
Pain Redefined;Soapdish;2005;Soapdish;;https://open.spotify.com/track/426c2HbqXBHpHUyQ5Q3yAm;
Nana Song;Soapdish;2005;Soapdish;;https://open.spotify.com/track/1iDRBD59ypuMOBsqTfzUPl;
Dahil Sa Ulan;Soapdish;2005;Soapdish;;https://open.spotify.com/track/6ERFm2JEWL7Q8ffxJWVY7N;
Aimee;Soapdish;2005;Soapdish;;https://open.spotify.com/track/5R96SO3jc0HA4VyqE86gof;
Higher;Soapdish;2005;Soapdish;;https://open.spotify.com/track/7duN28CrzgWp8n877i2c8B;
Pwede Ba;Soapdish;2005;Soapdish;;https://open.spotify.com/track/6Dp6EgD4BsyRLWGKdKLbPI;
Hintay;Soapdish;2005;Soapdish;;https://open.spotify.com/track/2YICsbZ2uQDI3WNGZjeEXO;
Di Na Bale;Soapdish;2009;Goodluck...goodbye;;https://open.spotify.com/track/6hN1axsQKLicfbHnSGZrbR;
Parang Si Ely Buendia;Soapdish;2009;Goodluck...goodbye;;https://open.spotify.com/track/5tjninOQWlfMQOWZ854pCr;
Adjust;Soapdish;2009;Goodluck...goodbye;;https://open.spotify.com/track/1SSyLzAHbhcnDUAS4WTUhv;
Sinehan;Soapdish;2009;Goodluck...goodbye;;https://open.spotify.com/track/4tMet6TYaZed5sueCvaphK;
Sang Parte?;Soapdish;2009;Goodluck...goodbye;;https://open.spotify.com/track/6k8QN6PbxksGprSeYABlqO;
Like a Star;Soapdish;2009;Goodluck...goodbye;;https://open.spotify.com/track/1etEImw1tKzZZSqmo9lBkA;
As I Fall;Soapdish;2009;Goodluck...goodbye;;https://open.spotify.com/track/3mbYOQ6VUnNq2z5OS8RuUP;
Lahat Ng Sinabi;Soapdish;2009;Goodluck...goodbye;;https://open.spotify.com/track/3VGbjeGpJBVQujQlexlrxt;
I Don't Love You Anymore;Soapdish;2009;Goodluck...goodbye;;https://open.spotify.com/track/4e7K5UrEZRMUHCOLqnFYTA;
Theme from "Goodluck...goodbye";Soapdish;2009;Goodluck...goodbye;;https://open.spotify.com/track/4YqAaITQ9EApTKwl1H8pgq;
Sinehan (feat. Acel Van Ommen);Soapdish;2009;Goodluck...goodbye;Acel Van Ommen;https://open.spotify.com/track/1VXmL9aclQRWXKpqWxKGVH;
Pwede Na;Soapdish;2009;Goodluck...goodbye;;https://open.spotify.com/track/77oJTMuIX7ThVrt5MVexai;
Kung Nandito Ka Sana;Soapdish;2014;Training;;https://open.spotify.com/track/69F8pct2YAm7Td4k0r323g;
Patamisin (Beach Song);Soapdish;2014;Training;;https://open.spotify.com/track/22FH2ANUQZQTlA2UJadNDa;
Wag Ka Sana Munang Umuwi;Soapdish;2014;Training;;https://open.spotify.com/track/4aA97Y8Gu72ffizJqBvqZC;
Training;Soapdish;2014;Training;;https://open.spotify.com/track/0Fbiaz5p93hvMKhp06GMPM;
Kung Pwede Lang;Soapdish;2017;Kung Pwede Lang;;https://open.spotify.com/track/1fl3iYqZuyFnU6yKFZQt2T;
Kahit Maputi Na Ang Buhok Ko;Soapdish;2018;The Best Of Manila Sound Hopia, Mani, Popcorn;;https://open.spotify.com/track/0wS7zXRvaeW5bsDJ95KWHV;
Totoo;Soapdish;2019;Totoo;;https://open.spotify.com/track/0dmWl6bfzyZC3um0dPxqlo;
Bistado Ka!;Soapdish;2022;Bistado Ka!;Tamara;https://open.spotify.com/track/49GsEccKCkjP7IHbceF6QG;
Pinapaasa;Soapdish;2025;Pinapaasa;;https://open.spotify.com/track/5O6hOrPYNaWVhDgwrSppD7;
Tapos Na;Earl Agustin;2021;Tapos Na (Single);;https://open.spotify.com/track/441Ik6xsJZLFtSoMcnxql4;
Dalangin;Earl Agustin;2023;Dalangin (Single);;https://open.spotify.com/track/2cIxxsxXNvOXNFVvDJpF3x;
Tibok;Earl Agustin;2023;Tibok (Single);;https://open.spotify.com/track/2Dhdu4YB3y5U3RiIcCJduv;
Dito Sa'kin;Earl Agustin;2024;Dito Sa'kin (Single);;https://open.spotify.com/track/4g6QB9ktIdyEW5sIfcp71i;
Aya;Earl Agustin;2024;Aya (Single);;https://open.spotify.com/track/6iwojThk8NJYqaN9LUZSON;
Tibok;Earl Agustin;2025;Ang Mutya Ng Section E (A Viva One Original Series Soundtrack);;https://open.spotify.com/track/0Tuo5hZJi0f9InKf4NAtZt;
Pag-ibig ng Ikaw at Ako;Earl Agustin;2025;Pag-ibig ng Ikaw at Ako (Single);;https://open.spotify.com/track/1GqZU8Isnm4Bwx7V3na5tO;
Dalangin;Earl Agustin;2025;Avenues of the Diamond (A Viva One Original Series Soundtrack);;https://open.spotify.com/track/6RXaIvJGrfUMWLvGx58PBS;
A Little Bit;Earl Agustin;2025;SWABE (EP);;https://open.spotify.com/track/4Mk2hfT0oXkuwX8bd5jln0;
Intro;Earl Agustin;2025;Himig at Pag-ibig (Album);;https://open.spotify.com/track/5kfQ5nEVfQKRfOXf0LjTPK;
Tayong Dalawa;Earl Agustin;2025;Himig at Pag-ibig (Album);;https://open.spotify.com/track/0sIoAqI7eBnWUrEDkIgsCI;
Dito Sa'kin;Earl Agustin;2025;Himig at Pag-ibig (Album);;https://open.spotify.com/track/6Owt1G43Ip2DtVnIl7omvI;
Basin Puhon;Earl Agustin;2025;Himig at Pag-ibig (Album);;https://open.spotify.com/track/2R0ol02pGCxiwO7SxwHp34;
Aya;Earl Agustin;2025;Himig at Pag-ibig (Album);;https://open.spotify.com/track/3kLamwtehsN5A7DXXS1fAf;
Dalangin;Earl Agustin;2025;Himig at Pag-ibig (Album);;https://open.spotify.com/track/5dO666voi2S72ZupppSOi4;
Minamahal;Earl Agustin;2025;Himig at Pag-ibig (Album);dana paulene;https://open.spotify.com/track/4p0Lf5VRuU5UMvprWAVZTY;
Tibok;Earl Agustin;2025;Himig at Pag-ibig (Album);;https://open.spotify.com/track/5K6f4gciCEFTZkKTooU5AZ;
Pag-ibig ng Ikaw at Ako;Earl Agustin;2025;Himig at Pag-ibig (Album);;https://open.spotify.com/track/2DABJpDDPUaCWqZ9nMgkw4;
Suntok sa Buwan;Earl Agustin;2025;Himig at Pag-ibig (Album);;https://open.spotify.com/track/2aeylcb7si6ecmrpJuG2Eq;
Pag-ibig ng Ikaw at Ako;Earl Agustin;2025;Seducing Drake Palma (A Viva One Original Series Soundtrack);;https://open.spotify.com/track/4i8Xjhzrqqowm3L4ei9i1A;
Dito Sa'kin;Earl Agustin;2025;Seducing Drake Palma (A Viva One Original Series Soundtrack);;https://open.spotify.com/track/2qHYqoZMSigRWYOMew5FaI;
A Little Bit;Earl Agustin;2025;Avenues of the Diamond (A Viva One Original Series Soundtrack);;https://open.spotify.com/track/07CEwSWwzrxo8ph0OzwIGK;
Minamahal;Earl Agustin;2025;Minamahal (Original Movie Soundtrack);dana paulene;https://open.spotify.com/track/6ot2R8pIOod1w1Dy8K0iAj;
Pag-ibig ng Ikaw at Ako;Earl Agustin;2025;Seducing Drake Palma Vol. 2 (A Viva One Original Series Soundtrack);;https://open.spotify.com/track/0gFmxK5Iu6r22rd8EaD8NP;
Dito Sa'kin;Earl Agustin;2025;Seducing Drake Palma Vol. 2 (A Viva One Original Series Soundtrack);;https://open.spotify.com/track/5Apd7IlJbdW0P4v0P3xgvT;
You Make It Right;Amiel Sol;2020;Single;;https://open.spotify.com/track/4hvxN4lQyBT1IlmVtoPp0D;
Gunita;Amiel Sol;2020;Single;;https://open.spotify.com/track/4mP0YvaBZzFdaExa2oVqoh;
A Day With You;Amiel Sol;2020;Single;;https://open.spotify.com/track/776071VJ3kq5NCWYLQfBDb;
Getting By;Amiel Sol;2020;Single;;https://open.spotify.com/track/56LHyKt04pW2J9UBcWaXfK;
Back Of My Mind;Amiel Sol;2020;Single;;https://open.spotify.com/track/33P6MgPn9UIJCBtlBOc1Kh;
Futures;Amiel Sol;2021;Single;;https://open.spotify.com/track/0PPs7AEcReZbl3Z2X3J57S;
Paglayag;Amiel Sol;2021;Single;;https://open.spotify.com/track/3WG58SLOv0knpDhSNTFcgM;
Stories About Her;Amiel Sol;2021;Single;;https://open.spotify.com/track/0FKFTRfepI88kHmJRAbU9A;
A Day With You;Amiel Sol;2022;L (Liko, Larawan, Lipat) [Original Soundtrack from the Vivamax Movie];;https://open.spotify.com/track/0AU5kCZXCh0iZ7fvO3iDSb;
Gunita;Amiel Sol;2022;L (Liko, Larawan, Lipat) [Original Soundtrack from the Vivamax Movie];;https://open.spotify.com/track/37l0TZHfapeDy9R1hLvyzc;
Fading Away;Amiel Sol;2022;L (Liko, Larawan, Lipat) [Original Soundtrack from the Vivamax Movie];;https://open.spotify.com/track/6Kk5h8KKWWG6yHfiYoPfTR;
Fading Away;Amiel Sol;2022;Single;;https://open.spotify.com/track/6MoH7rBlBs47ioEKP3ayeW;
Di Na Akin;Amiel Sol;2022;Single;;https://open.spotify.com/track/3szCjynFwrruo9wiW8rz0g;
Back Of My Mind;Amiel Sol;2023;Baby Boy Baby Girl (Original Movie Soundtrack);;https://open.spotify.com/track/5w7ajU54S8G6Ghylre3A3p;
Ikaw Lang Patutunguhan;Amiel Sol;2023;Single;;https://open.spotify.com/track/7rpQzmMwS1yW1f0oWxBS9z;
Ngayon at Kailanman;Amiel Sol;2024;Single;;https://open.spotify.com/track/3AIv4AnrINTl4Hk11oFTOX;
Soup;Amiel Sol;2024;Single;;https://open.spotify.com/track/4VfVkUe7wRRRatavXrLo6R;
Sa Bawat Sandali;Amiel Sol;2024;Single;;https://open.spotify.com/track/06IkOr83qPqa3yYvrIjgxp;
Sa Bawat Sandali;Amiel Sol;2025;Ang Mutya Ng Section E (A Viva One Original Series Soundtrack);;https://open.spotify.com/track/36j0S14PwokV6odi07bVm4;
Nahanap Kita;Amiel Sol;2025;Single;;https://open.spotify.com/track/0GD9U8EM8xcPvuaA50Wzpe;
Pagdating Ng Panahon;Amiel Sol;2025;SWABE;;https://open.spotify.com/track/6CagkxivlHOti8g8ULAXBq;
Nahanap Kita;Amiel Sol;2025;Seducing Drake Palma (A Viva One Original Series Soundtrack);;https://open.spotify.com/track/5tUj3wfgZBijMGhJLEBX5c;
Balisong;Amiel Sol;2025;100 Awit Para Kay Stella (Original Movie Soundtrack);Shanne Dandan;https://open.spotify.com/track/1vMgJYXHrt9OuOw6yk2FtS;
Tahimik Na Buhay Kapiling Ka;Amiel Sol;2025;Single;;https://open.spotify.com/track/6C6T5FSG8AZXgKPwZgVcNx;
Tahimik Na Buhay Kapiling Ka;Amiel Sol;2025;I Love You Since 1892 (A Viva One Original Series Soundtrack);;https://open.spotify.com/track/1HkY4xE7EQnq8ds3N5Nf9G;
Pakikinggan Kita;Amiel Sol;2025;Pagsibol EP;;https://open.spotify.com/track/6NV6wEZlMjZCHXtv3b3Ehv;
You Make It Right (You Always Do);Amiel Sol;2025;Pagsibol EP;;https://open.spotify.com/track/0ZUFEQheryIt3ZNj6X6W3o;
Nag-iisa Tayong Dalawa;Amiel Sol;2025;Pagsibol EP;;https://open.spotify.com/track/1vZxWWwQH8fdOfQKk7PSp6;
Tahimik Na Buhay Kapiling Ka;Amiel Sol;2025;Pagsibol EP;;https://open.spotify.com/track/1sqjjxxAZYaBdb89qKMUVj;
Nahanap Kita;Amiel Sol;2025;Pagsibol EP;;https://open.spotify.com/track/6QC94a0b5nf2hNWeMXnCff;
Sa Bawat Sandali;Amiel Sol;2025;Pagsibol EP;;https://open.spotify.com/track/4TC8aEZKsFJNdJeDgZ3qeU;
Pakikinggan Kita;Amiel Sol;2025;Ang Mutya Ng Section E Book 2 (The Dark Side) [A Viva One Original Series Soundtrack];;https://open.spotify.com/track/7L9cdAhFwW9aly8DYHNUGY;
Daleng Dale;GAT;2025;Single;;https://open.spotify.com/track/6QBPJkLxYzVXZXf1rzeQbe;
Kembot;GAT;2025;Single;;https://open.spotify.com/track/1vP1a1JlkSkcpnmZUQKERK;
Kakaiba;GAT;2025;Single;;https://open.spotify.com/track/5yA7COJsAGNjgFM7JPCiIJ;
Huwag Ka Nang Humirit;GAT;2025;Single;;https://open.spotify.com/track/2nopgmtv6GxiRyo5refv0V;
Marikit;GAT;2025;Single;;https://open.spotify.com/track/1ZrokMllXGsvAo6krJpKNd;
Hany;AJAA;2023;4 U (EP);;https://open.spotify.com/track/3mCED5zZ8Xyu37eKzOiwag;
Best Day Ever;AJAA;2023;4 U (EP);;https://open.spotify.com/track/6khGurnuqWYoLtz1KmZRKC;
Cuppy Cake;AJAA;2023;4 U (EP);;https://open.spotify.com/track/25EtUdRkVBIHYlMAUslpEy;
Torpe;AJAA;2023;4 U (EP);;https://open.spotify.com/track/2mALJel7wbr2GWA5avYaKZ;
BES I LUV U;AJAA;2024;BES I LUV U (Single);;https://open.spotify.com/track/7vMPPOzpPsTcLTyJyHZSTc;
Dedma;AJAA;2025;Dedma (Single);;https://open.spotify.com/track/15wI8vpIJd1z1OXhsn8zAn;
Ako Na;AJAA;2025;Ako Na (Single);;https://open.spotify.com/track/6ynIsBg8epou0LT0LKI5QH;
Simpleng Tulad Mo;1621;2024;1621BC EP;;https://open.spotify.com/track/2RyY8rnIHg5c3vJyYPg682;
Bababa;1621;2025;Single;;https://open.spotify.com/track/19BGZtnvH41wHrlW4h6SiG;
Manifest Mo Na 'Yan!;1621;2025;Single;;https://open.spotify.com/track/3MgP5TiGmKcG7jPLCfUV9O;
Diwata;1621;2025;Sapulso EP;;https://open.spotify.com/track/4p5vz0bZDmaV2vJqLUYvkD;
Maria;1621;2025;Sapulso EP;;https://open.spotify.com/track/72OddR6U5q7K6y117BQCvL;
Bling!;Raya;2025;Single;;https://open.spotify.com/track/1YuyneE52MmKXJoEwP0BzeP;
Bongga Ka Day;Raya;2025;Single;;https://open.spotify.com/track/21NqR3XMIgTJlE1r3vw63w;
Diva Diba;Raya;2025;Single;;https://open.spotify.com/track/1sxikOI4GwhpQSxBobyo2U;
Tara Na;Cloud 7;2023;Single;;https://open.spotify.com/track/3kE0EVJutUw7VoG6F26e1z;
Tayo Na;Cloud 7;2024;Single;;https://open.spotify.com/track/0PqPhC40F0yb8EkUjWNHUA;
Silipin Ang Mundo;Cloud 7;2024;Single;;https://open.spotify.com/track/31hiGPKFVeGJq7lzsUIDxz;
Kabataang Pinoy;Cloud 7;2025;Single;;https://open.spotify.com/track/0ixKqYjF3ifGohXwSM9k2s;
Bara-Bara;Cloud 7;2025;Single;;https://open.spotify.com/track/5ABt6SigiY1fhETZTaOjJ1;
Silakbo;VVINK;2024;Single;;https://open.spotify.com/track/2NdzqOikutDNlvDoWqfuHu;
Hiraya;VVINK;2024;Single;;https://open.spotify.com/track/1N0Fgi40v93FMlPjoEUrea;
Baduy;VVINK;2025;Single;;https://open.spotify.com/track/7lWjLBwQUHmaAzYkl9eG8b;
Tulala;VVINK;2025;Single;;https://open.spotify.com/track/1h4HjBPTY2crZXkfyh86EU;
Tatlong Hiling;VVINK;2025;Single;;https://open.spotify.com/track/1q0l294XTsmggN3RqXAzwc;
Bakit Papa?;YARA;2023;Single;;https://open.spotify.com/track/280Mm8m0HB5Qo2yCzzbfBP;
Eksena;YARA;2024;Single;;https://open.spotify.com/track/4B1wztWRQ8yl4oUv40fCnp;
Katawan Flow;YARA;2024;Single;;https://open.spotify.com/track/26O0p253Ig1aIICXCuywD3;
Sabi Ko Na;YARA;2025;Single;;https://open.spotify.com/track/7HdHdHAVMYbCj5KyifFRds;
Sabi Ko Na (Remix);YARA;2025;Single;;https://open.spotify.com/track/5NZYys1u1faca6CagWpgPX;
6oodBoy;6ENSE;2022;Single;;https://open.spotify.com/track/3JO5B8JKwuaORWRBojgdVK;
Hindi Na;6ENSE;2023;Single;;https://open.spotify.com/track/3SyWeqCofHts05tZEpiRUu;
Amin Amin;6ENSE;2024;Single;;https://open.spotify.com/track/1Ulvj3Lni03gYmlMhxcLp0;
H.U.G;6ENSE;2024;Single;;https://open.spotify.com/track/2izNahOo0LdpN875ehUhjX;
Para Sa Iyo;6ENSE;2025;Single;;https://open.spotify.com/track/0kKOwoqoLWcGiqB2VYRMviO;
Muni Muni;6ENSE;2025;Single;;https://open.spotify.com/track/6LJox0N8Nhaplcdk5yGDJ3;
BWAN;6ENSE;2026;Single;;https://open.spotify.com/track/1OfeNfIgZikKba6d9x9L6e;
Shaba Shaba;YGIG;2022;Single;;https://open.spotify.com/track/7iGxw1v7pjyV7ItuLcMxQa;
BB;YGIG;2023;Single;;https://open.spotify.com/track/3HjBYlntbEYBcjCFj1ffbW;
IDKY;YGIG;2023;Single;;https://open.spotify.com/track/6PB7lVr0FfJw9E7LFmSZD3;
Maligaya Ang Pasko;YGIG;2023;Single;;https://open.spotify.com/track/3cqQxBgXgJVz1mfOKlKPer;
Touchdown;YGIG;2024;Single;;https://open.spotify.com/track/1NwDi2O11VyiqRxq1KtWDZ;
Universe;YGIG;2024;Single;;https://open.spotify.com/track/5wGaBU8lZqSguBALMs8Hwx;
Chicka-chick-a;YGIG;2025;Single;;https://open.spotify.com/track/6Pfj1DF8UT1ue2hODSlDNV;
lyk that;YGIG;2025;Single;;https://open.spotify.com/track/2aA5JpvqZz1J3CJRGfVnPo;
DASH;HORI7ON;2023;Single;;https://open.spotify.com/track/6Zt4ODQmPF6TXeWop3zae5;
DASH (Inst.);HORI7ON;2023;Single;;https://open.spotify.com/track/1igXiK2ARGnOlAQizGEoBo;
Salamat;HORI7ON;2023;Single;;https://open.spotify.com/track/4Nac0BDCbmdr2RuvVy6hCw;
Salamat (Inst.);HORI7ON;2023;Single;;https://open.spotify.com/track/3q61fraeyLUQ2dLgfVrjk6;
Lovey Dovey;HORI7ON;2023;Single;;https://open.spotify.com/track/5hWUZ9VTMiXF8YSKiNbH4R;
Lovey Dovey (Inst.);HORI7ON;2023;Single;;https://open.spotify.com/track/0s5JaOjQBc9PmG2FhFCNH7;
METEOR (Prod. Noa of TFN);HORI7ON;2023;Album;;https://open.spotify.com/track/7GGAOCUSXbbb8ts2sQkmrA;
SIX7EEN;HORI7ON;2023;Album;;https://open.spotify.com/track/4RQatob7vigdhQmLTJ5hkz;
Birthday;HORI7ON;2023;Album;;https://open.spotify.com/track/6N5UOpARSFcmmuFLmwgYB9;
Mama;HORI7ON;2023;Album;;https://open.spotify.com/track/1L7SAnwgTIssiVX7QR3Lwm;
How You Feel;HORI7ON;2023;Album;Haeun (Lapillus);https://open.spotify.com/track/3hZJ9hmrK0iU4JucXxJ45L;
Death Or Paradise;HORI7ON;2023;Album;;https://open.spotify.com/track/0hHsAdudG2CoA9G6UbpNF9;
Take My Hand;HORI7ON;2023;Album;;https://open.spotify.com/track/6Iq1ly273NXxBIXz8IWp2M;
Tiger;HORI7ON;2023;Album;;https://open.spotify.com/track/1OzDEwcfVfQqcpNn6COVdF;
Hit Me;HORI7ON;2023;Album;;https://open.spotify.com/track/0ydsMAfs4vTH14IpN0TBbE;
Odd Eye;HORI7ON;2023;Album;;https://open.spotify.com/track/4mSISVPGzDKGMfRwxhWhzC;
Lovey Dovey;HORI7ON;2023;Album;;https://open.spotify.com/track/11CSnBLlPEHlGIEsBTReYw;
SIX7EEN (INST.);HORI7ON;2023;Album;;https://open.spotify.com/track/53dLpbVgcTDGQOCmBvxIKV;
LUCKY;HORI7ON;2024;Single;;https://open.spotify.com/track/4EjGkSYf8kOoLfxDU7Bc0N;
LUCKY (Inst.);HORI7ON;2024;Single;;https://open.spotify.com/track/3VDN1zMDxKq4jasT0REjgF;
SUMAYAW SUMUNOD;HORI7ON;2024;Single;;https://open.spotify.com/track/4LUp3ELFPLXwQ5YyWgDXSL;
SUMAYAW SUMUNOD - Tagalog Version;HORI7ON;2024;Single;;https://open.spotify.com/track/3Je2PZXO7XfBGwQVp8MrEa;
SUMAYAW SUMUNOD - English Version;HORI7ON;2024;Single;;https://open.spotify.com/track/5ulysQOlUzo5uhc3bc2HnN;
SUMAYAW SUMUNOD (Inst.);HORI7ON;2024;Single;;https://open.spotify.com/track/6qkc2xxhvRSlm9xrFMXHiU;
COLD;HORI7ON;2025;Single;;https://open.spotify.com/track/3mlJxXgrE8CuOW58g4QDS3;
COLD (Inst.);HORI7ON;2025;Single;;https://open.spotify.com/track/1csx9tIcbTJn9f1BmEY47N;
Pahinga;HORI7ON;2025;Single;;https://open.spotify.com/track/7KnZY7luSia1CS2pKs5NDN;
Race Car;CALISTA;2022;Single;;https://open.spotify.com/track/5UhQBEV8sUkc2wuokFRuHd;
Race Car;CALISTA;2022;Single;;https://open.spotify.com/track/6nKjUVMtYE0WzNDaXZBRDe;
Don't Have Time;CALISTA;2022;Single;;https://open.spotify.com/track/1PqoK5ckO0XzVbYc0t8WKP;
Christmas Rush;CALISTA;2022;Single;;https://open.spotify.com/track/45tMO5KuVSuFpsjVuvmcQY;
Christmas Rush;CALISTA;2022;Single;;https://open.spotify.com/track/2gvmPwzclwLPWr7jcTZaLN;
Christmas in the Philippines;CALISTA;2022;Single;;https://open.spotify.com/track/6naGU6dWSi9AHnjoXEDsG4;
Ugnayan;CALISTA;2023;Single;;https://open.spotify.com/track/4RfradnUNV7yANUSn2KN2K;
LMK (Let Me Know);CALISTA;2024;Single;;https://open.spotify.com/track/1O3tQTpMDXXz2fsh2JV4Y9;
Ugnayan - Remix;CALISTA;2024;Single;;https://open.spotify.com/track/2LEhj8QCIMFLyGX7JUcFN9;
LMK (Let Me Know);CALISTA;2025;EP - FOUR;;https://open.spotify.com/track/7rY3wYRF5RDMDuaemWCd43;
Bongga Ka Day;CALISTA;2025;EP - FOUR;;https://open.spotify.com/track/0H4wmt3OiHAcUhO5KTajrR;
OOPS MY BAD;CALISTA;2025;EP - FOUR;;https://open.spotify.com/track/2bZnCn4TNQrRuXlPuJJg3D;
Alas Dose;CALISTA;2025;EP - FOUR;;https://open.spotify.com/track/1dPPSQGwHRywRSLWAk6Mk6;
'Wag Na;CALISTA;2025;EP - FOUR;;https://open.spotify.com/track/6enDMHrF0DpwBi713BurRn;
Iced Coffee;Pix!e;2024;Single;;https://open.spotify.com/track/6TgDV3Jn5OCWokHcChhYh;
E.R;New:ID;2023;E.R (Single);;https://open.spotify.com/track/4EC6DCyfcnf25nScqh5DPA;
E.R (Inst.);New:ID;2023;E.R (Single);;https://open.spotify.com/track/3PQu73tG0Nw4OmfVqhEOk6;
Deja vu;New:ID;2023;Deja vu (Single);;https://open.spotify.com/track/2DqBzbwSDj4fEcTjS1nRAH;
Deja vu (Inst.);New:ID;2023;Deja vu (Single);;https://open.spotify.com/track/4BMS5IeBYgsL5Vbhamvm5Y;
GHOST;New:ID;2024;NEW EGO (EP);;https://open.spotify.com/track/7dkQohR1nAZ1V1Fgk39aZg;
The Day We Meet Again (Tagalog VER.);New:ID;2024;NEW EGO (EP);;https://open.spotify.com/track/6M6IXJi9Y74zEX1B7zQ6Ez;
GHOST (Inst.);New:ID;2024;NEW EGO (EP);;https://open.spotify.com/track/5von6MOmkWA6Vh0hyeIOFe;
The Day We Meet Again (Tagalog VER.) (Inst.);New:ID;2024;NEW EGO (EP);;https://open.spotify.com/track/6vEI1lqFmiNdc5nDemLpj3;
KABANATA;BILIB;2023;Single;;https://open.spotify.com/track/1avSRCpz4uFJJ1mmL0QLPz;
Simpleng Pasko;BILIB;2023;Single;;https://open.spotify.com/track/2ZpPiYYgpuO0n5fDTwaJMX;
Tawag;BILIB;2024;Single;;https://open.spotify.com/track/06jtbgFurATYqHmXZU3jxm;
SAY WHATCHA WANNA SAY;BILIB;2024;Single;;https://open.spotify.com/track/5XBJiVQPFKfDw1ipRZAEvg;
Hindi Ka Bibitawan;BILIB;2025;Single;;https://open.spotify.com/track/2ryvOAR2H86HGo0JZoORn9;
Balang Araw;BILIB;2025;Single;;https://open.spotify.com/track/2N8gPf09xljIocUbvVi48x;
Gimme the Music;BILIB;2025;Single;Zéla;https://open.spotify.com/track/0RA3shlEAgC48ldqeYkuqm;
Balang Araw;SY•NC;2024;Single;;https://open.spotify.com/track/5wmnNRPSDdHIXUXTLTklJ4;
Paglipas Ng Ulan;SY•NC;2025;Single;;https://open.spotify.com/track/0Hdvb7w0SGTeEQe3cB8RJK;
PLS;SY•NC;2025;Single;;https://open.spotify.com/track/27JQC8Z5Tl7ALxU249bF2L;
BINGO;ASTER;2024;Single;;https://open.spotify.com/track/11wAuiW5VzDNivSumcqsSc;
A STAR;ASTER;2024;Single;;https://open.spotify.com/track/3pNipIZbDvaR4SYzDM5gwc;
LAYAG;ASTER;2025;Single;;https://open.spotify.com/track/6pzDAmiIU61tKVSyaOm7XD;
Tag-Araw ng Pilipinas;ASTER;2025;Single;;https://open.spotify.com/track/6T8Ddy9HMv3GAmJRc1KXy7;
FEEL THE WIN;ASTER;2025;Single;;https://open.spotify.com/track/2OgQfsksy8NpkOJ1lRUJSK;
Lumayo;DAYDREAM;2021;Single;;https://open.spotify.com/track/1pptXz7MUM2HNWwREg7bdW;
Fallin' 4 U;DAYDREAM;2021;Single;;https://open.spotify.com/track/37ic8YHb6tFmd5j2aMfHjC;
Fallin' 4 U (Dream Version);DAYDREAM;2022;Single;;https://open.spotify.com/track/2KjPP8NMROqq7Yfi8JtN96;
Make Me Better;DAYDREAM;2023;Single;;https://open.spotify.com/track/30Iaqoli8AkDrODEdkoNAa;
STAY STUCK;DAYDREAM;2023;Single;;https://open.spotify.com/track/2Bim4BFqQik4sTwzzbTk6k;
kailan;DAYDREAM;2025;Single;;https://open.spotify.com/track/76hWF0HQoI9s4siFbFL2RF;
Tala (Cover);DESTINI;2024;Single;;https://open.spotify.com/track/0pBZUN0TuZvJ2UfADx9jOu;
Honey My Love So Sweet Girl Group Rendition;DESTINI;2024;Single;;https://open.spotify.com/track/14rI8ZeQYkJX87NUUtiVR9;
Oh My Oh My Oh My Gosh;DESTINI;2024;Single;;https://open.spotify.com/track/5HnRvULWSzCLplDwSAG1pw;
We are your Destini;DESTINI;2024;Single;;https://open.spotify.com/track/1nScIIv7XDF5BB3MofoWQt;
