timestamp;song_title;artist;year;album;collaborating_artists;spotify_link;streams
20260113_120000;'Di Ko Masabi;Stell;2024;Room EP;;https://open.spotify.com/track/3JEE0hhTI6u9CEZCZWalKe;7474178
20260113_120000;'Wag Mong Ikunot Ang Iyong Noo;SB19;2020;Get in the Zone;;https://open.spotify.com/track/5sJxhdzehdLq9iPzNnTR71;9334979
20260113_120000;1999;JOSH CULLEN;2024;Lost & Found;;https://open.spotify.com/track/0PMfgKba5PLGETb02cDcMg;6113278
20260113_120000;8TonBall;SB19;2025;Simula at Wakas;;https://open.spotify.com/track/7AqrfyOdFWPnjQrgzWzcUz;15278081
20260113_120000;AKALA;PABLO;2024;Single;Josue;https://open.spotify.com/track/5w4CLRxwroocAzFiJ568oY;5328506
20260113_120000;Ace Your World;SB19;2023;Promotional (Acer);Acer Philippines, Sarah Geronimo;https://open.spotify.com/track/3lgJ5YAfc6wxVB9xpUDyH9;3059170
20260113_120000;Alab (Burning);SB19;2019;Get in the Zone;;https://open.spotify.com/track/053ZzdU3Rya4NMxiWMPqnq;22376884
20260113_120000;Anino;Stell;2024;Room EP;;https://open.spotify.com/track/5tMJZOyBv8t49i9elHuQZF;6938645
20260113_120000;Ating Pasko;SB19;2024;Promotional;G22;https://open.spotify.com/track/7y5C9pM3gt7WNoiSzFHcGN;2419300
20260113_120000;Bazinga;SB19;2021;Pagsibol;;https://open.spotify.com/track/5QZw4F3N3PvuKNKHm9L20b;31477462
20260113_120000;Blessed;PABLO;2024;LAON;;https://open.spotify.com/track/4hdPboEAxOZjaaHML4q62u;3991856
20260113_120000;Breathe (Outro);PABLO;2024;ALON;;https://open.spotify.com/track/2lKyuf60Q5qSwTF0dl7qM6;1871295
20260113_120000;Bulan;FELIP;2022;Single;;https://open.spotify.com/track/2qYmu6Obx3NW1VeNOiCFMK;6635652
20260113_120000;Burn The Flame;SB19;2025;Single (Honor of Kings);Honor of Kings;https://open.spotify.com/track/3mvN8n8mg7X41CbGvc7xYU;2662816
20260113_120000;Burn The Flame (Instrumental);SB19;2025;Single (Honor of Kings);Honor of Kings;https://open.spotify.com/track/1MLMEY4ahXUjTcmi01s4jA;131870
20260113_120000;Burn The Flame (Karaoke Version);SB19;2025;Single (Honor of Kings);Honor of Kings;https://open.spotify.com/track/38UTDIDP582bP8ZAU20bsT;183350
20260113_120000;Burn The Flame (Taglish Version);SB19;2025;Single (Honor of Kings);Honor of Kings;https://open.spotify.com/track/0aKGIF1iGjV6D6vXYDJgyy;773698
20260113_120000;Butata;PABLO;2024;LAON;;https://open.spotify.com/track/68hXl4L5vCusj8U2QlC73D;6558045
20260113_120000;CRIMINAL;FELIP;2023;COM•PLEX;;https://open.spotify.com/track/4YPz66cDppOl9KVUOCpBV5;6608370
20260113_120000;Christmas Party (SB19 Version);SB19;2022;Single (Cover);;https://open.spotify.com/track/387ZTKanhRfPXazSyzTWUj;4418904
20260113_120000;Classic;Stell;2024;Room EP;;https://open.spotify.com/track/15bdfvbGida1Z8OVZ0YvSQ;6387876
20260113_120000;Crimzone;SB19;2023;Pagtatag!;;https://open.spotify.com/track/5GcS9zT4iIL7l0JrqZeG6O;25039914
20260113_120000;DAM;SB19;2025;Simula at Wakas;;https://open.spotify.com/track/1NNsL6tYk06TqTea3mKB9P;59151809
20260113_120000;DAM (Extended Ver.);SB19;2025;Simula at Wakas;;https://open.spotify.com/track/0pjhHUx21NsPuSCH0H3lW6;18444137
20260113_120000;DAM - From THE FIRST TAKE;SB19;2025;THE FIRST TAKE;;https://open.spotify.com/track/14WOLW4oTwD7Mh9eb0hLDs;1873871
20260113_120000;DETERMINADO;PABLO;2024;Single;Josue;https://open.spotify.com/track/0hQJzMEbXg8ssQwgMbJUbw;6265155
20260113_120000;DRINKSMOKE;FELIP;2023;COM•PLEX;;https://open.spotify.com/track/29UIvWBrkjWtVuSEyexLt1;5223594
20260113_120000;Dobleng GV sa FunPasko (Noon; Ngayon; Palagi);SB19;2021;Promotional (TM);The Juans;https://open.spotify.com/track/5hVNG3wLy8rSSCqShicG4I;668158
20260113_120000;Don't Care;PABLO;2024;LAON;;https://open.spotify.com/track/06YsrZvTJmdPNXY5La1jFK;2742308
20260113_120000;Drowning in the Water;PABLO;2024;ALON;;https://open.spotify.com/track/6065mStxNxs8sCy3yCrg8H;5548438
20260113_120000;Dungka!;SB19;2025;Simula at Wakas;;https://open.spotify.com/track/7mqsPvhSR1CtY6PkTf1YVy;26844150
20260113_120000;FLYYY;FELIP;2024;Single;PLAYERTWO;https://open.spotify.com/track/0PWBx43woMnsyUC72NC1Gl;3484409
20260113_120000;Fake Faces;FELIP;2024;Single;;https://open.spotify.com/track/4ntKnZnztFdovszJpIoeVO;8691699
20260113_120000;Freedom;SB19;2023;Pagtatag!;;https://open.spotify.com/track/2CuYpdcx2f9XbMZhc3ST8E;16196883
20260113_120000;G Pa Rin Ang Pasko;SB19;2021;Promotional (GCash);GCash;https://open.spotify.com/track/0JYEUl8iJovowKP7Xi6mSM;796242
20260113_120000;GENTO - From THE FIRST TAKE;SB19;2023;THE FIRST TAKE;;https://open.spotify.com/track/2h7syqD1QScej4PqMxJfp2;6917817
20260113_120000;Gento;SB19;2023;Pagtatag!;;https://open.spotify.com/track/1o6uF8VmXna99ysHTcQRI2;75160601
20260113_120000;Go Up;SB19;2019;Get in the Zone;;https://open.spotify.com/track/2sGj6gqCUqnT4Y0IZ0oMlY;23411646
20260113_120000;Hanggang Sa Huli;SB19;2020;Get in the Zone;;https://open.spotify.com/track/2WUhR1SraSy0SVIQKohJb6;31981404
20260113_120000;Hanggang Sa Huli (Instrumental);SB19;2020;Get in the Zone;;https://open.spotify.com/track/6JZkWjVjOQAUPzNfGr4Dp0;2299726
20260113_120000;Honest;JOSH CULLEN;2024;Lost & Found;;https://open.spotify.com/track/1Rl5KDAu4wrUsQZZtD2hiy;2602134
20260113_120000;I Want You;SB19;2023;Pagtatag!;;https://open.spotify.com/track/16GGH8OF6LiSUTTbm8421f;31227150
20260113_120000;ID;FELIP;2025;Featured;SKY-HI; RYOKI; RYUKI; JIMMY;https://open.spotify.com/track/2cXkFKFgEW5Myc0yNy6CqL;2364699
20260113_120000;Ikako;SB19;2020;Pagsibol;;https://open.spotify.com/track/5qHUmt5jIvDaOzMXiX533o;14542978
20260113_120000;Ilaw;SB19;2023;Pagtatag!;;https://open.spotify.com/track/4zoqT3f80GyytJvnhVHgEl;19448430
20260113_120000;KALAKAL;SB19;2024;Single;Gloc-9;https://open.spotify.com/track/1cFGU7MQu0mHS5uVyD1STP;21448156
20260113_120000;KAWASAKI;FELIP;2025;Featured;ONE OR EIGHT; thủy;https://open.spotify.com/track/37ifPBg9M2NzlRNHe9WUIy;1617798
20260113_120000;Kabataang Pinoy;SB19;2022;Single;BINI;https://open.spotify.com/track/6aXWWGw7sQJLx82jZndSQZ;9052144
20260113_120000;Kaibigan;justin;2024;Single;;https://open.spotify.com/track/3rwioq6hSNjwynK8rVPCma;8677557
20260113_120000;Kanako;FELIP;2023;Single;;https://open.spotify.com/track/76hOMoRACZOQq5CfqSNU9i;9641253
20260113_120000;Kapangyarihan;SB19;2021;Featured;Ben&Ben;https://open.spotify.com/track/6FFtbC1K2aNeCS376paoHN;22811234
20260113_120000;Kelan;PABLO;2024;ALON;Josue;https://open.spotify.com/track/39aItIaR9sIBz3EP8RXuhs;2398056
20260113_120000;Kumunoy;PABLO;2024;ALON;;https://open.spotify.com/track/6WkQrra0cZQAo42aMxdT2X;3886965
20260113_120000;LIHAM;SB19;2023;Pagtatag!;;https://open.spotify.com/track/5MQ1nQ0MZMRO4yPQWdCeEb;19843394
20260113_120000;La Luna;PABLO;2022;Single;;https://open.spotify.com/track/2UH7vzHodDdXtNyPEeHkb7;17369850
20260113_120000;La Luna;PABLO;2024;ALON;;https://open.spotify.com/track/01NEcBpMXPQNxONQnObJJ3;17347229
20260113_120000;Ligaya;SB19;2021;Single (Christmas);;https://open.spotify.com/track/2lwaPRPgP9EaaMsbzVaZ3O;9617290
20260113_120000;Lights Out;JOSH CULLEN;2024;Lost & Found;Mo Mitchell;https://open.spotify.com/track/2TQQX4gYeQmobxNEXwtrZ3;1916150
20260113_120000;Live It Up;SB19;2021;Promotional (Acer);Acer Philippines;https://open.spotify.com/track/42D9L3kTskZ5anDWGBhtEk;3893560
20260113_120000;Liwanag sa Dilim (from Incognito);PABLO;2025;Single (OST);;https://open.spotify.com/track/3Ynpt5qseTmDdl9bN21FNJ;6214298
20260113_120000;Love Goes;SB19;2020;Get in the Zone;;https://open.spotify.com/track/5p70OUKixtLRpnK5uSdqro;11011085
20260113_120000;Love Goes (EDM Version);SB19;2020;Get in the Zone;;https://open.spotify.com/track/0LAh3hfeuUekvLm3Nq6MmA;7057394
20260113_120000;Love Yours;SB19;2021;Featured;Ohwon Lee;https://open.spotify.com/track/62iq4hiMI4CxLek4nYI14R;5451367
20260113_120000;Love Yours (DIOR & RealBros Remix);SB19;2022;Featured;Ohwon Lee;https://open.spotify.com/track/3qw9D8YC0sezDriUMx5lRG;856701
20260113_120000;MAPA;SB19;2021;Pagsibol;;https://open.spotify.com/track/6Fz2TpxUD0YvAPsuG8nDMJ;85295756
20260113_120000;MAPA (Band Version);SB19;2021;Single;Ben&Ben;https://open.spotify.com/track/0QQoU68nnBRWJqr9ak3mnS;27763989
20260113_120000;MAPA (Indonesian Version);SB19;2025;Single;Aruma;https://open.spotify.com/track/23FJNFAeNLzAuFORNvyBFf;7246688
20260113_120000;MAPA - From THE FIRST TAKE;SB19;2023;THE FIRST TAKE;;https://open.spotify.com/track/4MZbVDIPOYmPkjcVqpPe9v;5088767
20260113_120000;MICTEST;FELIP;2023;COM•PLEX;;https://open.spotify.com/track/5MC8Oxr5FTIQYJ6f7Cg6gR;4191111
20260113_120000;Make It Merry; I-GCash Mo;SB19;2023;Promotional (GCash);GCash;https://open.spotify.com/track/1cTLpJs2LHvA0q5Z6YWzbD;947969
20260113_120000;Make Your Green Mark;SB19;2022;Promotional (Acer);Acer Philippines;https://open.spotify.com/track/0thBJj3R0mM8mLwe2WMJI1;2441886
20260113_120000;Mana;SB19;2021;Pagsibol;;https://open.spotify.com/track/0EtkP3TUHvTeDIgrpgMS8m;20546418
20260113_120000;Merry Munchkins (SB19 Version);SB19;2021;Promotional (Dunkin');Dunkin' Philippines;https://open.spotify.com/track/3r3U5OpESU60BAVT11KuYS;2726465
20260113_120000;Micha!;PABLO;2024;LAON;;https://open.spotify.com/track/7F3NzrsN3zNGcIP2FbUYUo;3396632
20260113_120000;Moonlight;SB19;2024;Single;Ian Asher, Terry Zhong;https://open.spotify.com/track/1xAYG31LamC5qlykRhbWxd;22395238
20260113_120000;Moving Closer;FELIP;2023;Single;;https://open.spotify.com/track/59PCn7ObERln3cPl84CGx6;10223317
20260113_120000;Neumun;PABLO;2024;LAON;;https://open.spotify.com/track/4DF1e91DMTM4oTpW8jgsP2;3605771
20260113_120000;No Control;JOSH CULLEN;2024;Lost & Found;(e)motion engine;https://open.spotify.com/track/0Rg0DIhiShdvZvF7snNZIt;2156203
20260113_120000;No Control (Instrumental);JOSH CULLEN;2024;Lost & Found;;https://open.spotify.com/track/65LG9NubWQtyImpyNXotHo;506813
20260113_120000;No Stopping You;SB19;2021;Single;;https://open.spotify.com/track/3KDOf2p1DrKhiqX78R82sh;8626441
20260113_120000;No Stopping You (Remix);SB19;2021;Single;Jayda;https://open.spotify.com/track/1dPLpa30IWMBqok6sIKDiP;8647691
20260113_120000;Nyebe;SB19;2022;Single;;https://open.spotify.com/track/6aLjE6peuaJQRWRgfjxrRw;17838214
20260113_120000;Pagdali;FELIP;2024;Single;PLAYERTWO;https://open.spotify.com/track/7fMR5ryCo3m38yyj1PCym4;3370401
20260113_120000;Pakiusap Lang;JOSH CULLEN;2023;Single;;https://open.spotify.com/track/6trU06kJgdYaPqRUvz5K9e;5226361
20260113_120000;Palayo;FELIP;2021;Single;;https://open.spotify.com/track/3FvYLNM5ShB5vDCzGw8syX;12258091
20260113_120000;Palayo;justin;2024;Single;;https://open.spotify.com/track/0WoGaGmUip0OPQ662Drdlj;1529781
20260113_120000;Presyon;PABLO;2024;ALON;;https://open.spotify.com/track/7cErqp4Jg64PcqAE0uYeZP;2607050
20260113_120000;Push Ang Pusuan;SB19;2021;Promotional (TM);The Juans, Matthaios;https://open.spotify.com/track/2hUZkOBSRlp6uB9hXvYgPi;3419866
20260113_120000;Puyat;PABLO;2024;LAON;;https://open.spotify.com/track/5EiD5Pk0Wv6dkHS1ZpNvzE;3131057
20260113_120000;Quit;SB19;2025;Simula at Wakas;;https://open.spotify.com/track/7oIQWmbKShhEt2yTSBxNpu;16361861
20260113_120000;ROCKSTA;FELIP;2023;COM•PLEX;;https://open.spotify.com/track/5UhtleGyBZJCvG8cstjLkr;6358078
20260113_120000;Re: Thinkin' About You;JOSH CULLEN;2024;Featured;H1-KEY;https://open.spotify.com/track/2R1CjdVdXz7frvQRwCdQa6;4183402
20260113_120000;Ready;SB19;2024;Single;apl.de.ap;https://open.spotify.com/track/4JZocgyzKHdRF0iSOcodJn;9572209
20260113_120000;Ready; Set; G!;SB19;2022;Promotional (GCash);GCash; GCash Jr.;https://open.spotify.com/track/3RFGJAl8B1MiW4Ti6qvGeq;1134382
20260113_120000;Reset;SB19;2023;Promotional (Acer);Sandara Park;https://open.spotify.com/track/6a7itY9YQTkmb8oMwwmhRp;3144635
20260113_120000;Room;Stell;2024;Room EP;;https://open.spotify.com/track/1PLKN0HC7m5drBHg0jarZE;11779334
20260113_120000;Room (Stripped);Stell;2024;Room EP;;https://open.spotify.com/track/6fwpkEZRQZ8Kr5Ws4q0Kyn;4651983
20260113_120000;SLMT;SB19;2021;Pagsibol;;https://open.spotify.com/track/0AbJoAxuqYgMrmXvtFOc0K;17265982
20260113_120000;STRAYDOGS;FELIP;2023;COM•PLEX;;https://open.spotify.com/track/03aFaNBeCXmFl194HuyWKe;5546201
20260113_120000;SUPERIORITY;FELIP;2023;COM•PLEX;;https://open.spotify.com/track/3Tzmy7ExNOlP0tdDr9sjUT;3659947
20260113_120000;Sampung Mga Daliri;justin;2025;Single;dwta;https://open.spotify.com/track/2MHg2BVPaTgiCUDWp2jZqf;7426043
20260113_120000;See Me;JOSH CULLEN;2024;Lost & Found;;https://open.spotify.com/track/5jH6p468HtmNHdJiubGQ6t;2861760
20260113_120000;Shooting for the Stars;SB19;2025;Simula at Wakas;;https://open.spotify.com/track/6q3qzeZgWgoFrV6DmaZr1R;14301937
20260113_120000;Silangan;justin;2024;Single;;https://open.spotify.com/track/4nnhn2O5oQmPC2HedN5W4b;690347
20260113_120000;Silent Cries;JOSH CULLEN;2024;Lost & Found;;https://open.spotify.com/track/1x0Y2jS5oJW4Q3aU9jZBER;3777713
20260113_120000;Silent Cries (Instrumental);JOSH CULLEN;2024;Lost & Found;;https://open.spotify.com/track/5FQodaxJAZTUPjdpbDT9pa;520123
20260113_120000;Sumaya;JOSH CULLEN;2024;Lost & Found;;https://open.spotify.com/track/2qKu8tPpilCBJqxzGWcOaC;5244809
20260113_120000;Sunday Morning;justin;2024;Single (Cover);;https://open.spotify.com/track/3sp427zYHOXL3LPCYgwuRv;5356176
20260113_120000;Surreal;justin;2024;Single;;https://open.spotify.com/track/5TT4xi1HEPTkVTO59jY3tz;14777772
20260113_120000;TM Doble Dekada (Samahang Pina-Easy);SB19;2021;Promotional (TM);The Juans, Donnalyn, Matthaios;https://open.spotify.com/track/5pSDEveqgXTvPU102hAIY1;2819791
20260113_120000;Tahanan;SB19;2025;Promotional (Acer);Acer Philippines;https://open.spotify.com/track/6XOT8LCjly8StKCooz6pp1;1388783
20260113_120000;Takbuhan;JOSH CULLEN;2024;Featured;Kael Guerrero;https://open.spotify.com/track/3RCVzaTWA7h1SR0nWQtIk1;891700
20260113_120000;Tambol (Ibang Planeta);PABLO;2024;LAON;;https://open.spotify.com/track/753jWXJVBxK6cuYDUVbeux;2465957
20260113_120000;Team Tayo;SB19;2023;Promotional (TM);The Juans;https://open.spotify.com/track/3aKVPphQZ3kjwY7Tn1TUhP;1051267
20260113_120000;The Boy Who Cried Wolf;PABLO;2024;ALON;;https://open.spotify.com/track/3dNKnbTBjliNTwCeLqlMG3;4817818
20260113_120000;The One;SB19;2022;Promotional (Dunkin');Dunkin';https://open.spotify.com/track/5SZPGItm64sVZ8KVYmoV4N;8789488
20260113_120000;Tilaluha;SB19;2018;Get in the Zone;;https://open.spotify.com/track/0fPJsVtCOXqjHxKS9kc13s;23415259
20260113_120000;Tilaluha (Instrumental);SB19;2020;Get in the Zone;;https://open.spotify.com/track/5lMxdErNKHh797tOT3mBvk;2191184
20260113_120000;Time;SB19;2025;Simula at Wakas;;https://open.spotify.com/track/1OvE4CwaIZJ89Eq0qXGCEF;21209569
20260113_120000;Time - From THE FIRST TAKE;SB19;2025;THE FIRST TAKE;;https://open.spotify.com/track/1ctnGFHyklJbmHLyaDYtyg;1954234
20260113_120000;Umaaligid;SB19;2025;Single;Sarah Geronimo;https://open.spotify.com/track/5XYYmsZJG5qIBAniny4bHe;12643006
20260113_120000;Umaaligid (Extended Ver.);SB19;2025;Single;Sarah Geronimo;https://open.spotify.com/track/1XFHLGwXrlL0FpJgRcFYTI;2667242
20260113_120000;WILD TONIGHT;JOSH CULLEN;2023;Single;;https://open.spotify.com/track/4yBwaJUom5dOYp54wU6hA2;9639294
20260113_120000;WYAT (Where You At);SB19;2022;Single;;https://open.spotify.com/track/1z50Hub2XCsAPWo8zgoePu;24841694
20260113_120000;Wala;PABLO;2024;ALON;;https://open.spotify.com/track/5gLNDt687YE0Zgad2yaaAD;2840560
20260113_120000;We Wish You A Merry GCash;SB19;2023;Promotional (GCash);GCash;https://open.spotify.com/track/7H2N6amk6lmn9oahy3qxQl;1311093
20260113_120000;What?;SB19;2021;Pagsibol;;https://open.spotify.com/track/1evZendZnEe8a8eXjd1Bcn;25455462
20260113_120000;What? - Extended Version;SB19;2021;Pagsibol;;https://open.spotify.com/track/7jn2llkeDI9IRROCYNa7sL;6228674
20260113_120000;Win Your Heart;SB19;2022;Single;;https://open.spotify.com/track/0DnNMu0v71ICscsyuQgmu3;10947042
20260113_120000;Yoko Na;JOSH CULLEN;2024;Single;Al James;https://open.spotify.com/track/6SIaYQUPOJpO8XFWeTl5dC;10277271
20260113_120000;ache;FELIP;2024;7sins;;https://open.spotify.com/track/3G3ZYOLBcjbIv0GDlIoZeh;4447134
20260113_120000;edsa;PABLO;2024;Single;;https://open.spotify.com/track/64p2tRd4zsBsJUucEnfWrX;7770538
20260113_120000;envy;FELIP;2024;7sins;;https://open.spotify.com/track/6uJggzzrSE5tK9CRTZejgm;3381909
20260113_120000;foes;FELIP;2024;7sins;;https://open.spotify.com/track/5IyWs6bAMeT9vPUiUVgSdd;2363744
20260113_120000;gluttony;FELIP;2024;7sins;PLAYERTWO;https://open.spotify.com/track/216LlnUj3GfZ0yE2hXZxm0;1698435
20260113_120000;golden hour (SB19 Remix);SB19;2023;Single;JVKE;https://open.spotify.com/track/4cGKycusCcECMX79k4NQwS;20765039
20260113_120000;greed;FELIP;2024;7sins;;https://open.spotify.com/track/3foNAstTb7fdbbfFnKwn28;3266496
20260113_120000;lust;FELIP;2024;7sins;Cyra Gwynth;https://open.spotify.com/track/70kZ4pCeZ0WIanftduEDov;3448009
20260113_120000;pride;FELIP;2024;7sins;;https://open.spotify.com/track/1jZET8rPE5RWZZrkCM2toY;1896892
20260113_120000;sloth;FELIP;2024;7sins;;https://open.spotify.com/track/6PJLoGD9KpyMSx8j7vVWHq;2518526
20260113_120000;wrath;FELIP;2024;7sins;;https://open.spotify.com/track/12VANuhDUHnXRtRG6YP72a;1999737
20260114_120000;'Di Ko Masabi;Stell;2024;Room EP;;https://open.spotify.com/track/3JEE0hhTI6u9CEZCZWalKe;7481763
20260114_120000;'Wag Mong Ikunot Ang Iyong Noo;SB19;2020;Get in the Zone;;https://open.spotify.com/track/5sJxhdzehdLq9iPzNnTR71;9343028
20260114_120000;1999;JOSH CULLEN;2024;Lost & Found;;https://open.spotify.com/track/0PMfgKba5PLGETb02cDcMg;6119957
20260114_120000;8TonBall;SB19;2025;Simula at Wakas;;https://open.spotify.com/track/7AqrfyOdFWPnjQrgzWzcUz;15319323
20260114_120000;AKALA;PABLO;2024;Single;Josue;https://open.spotify.com/track/5w4CLRxwroocAzFiJ568oY;5331720
20260114_120000;Ace Your World;SB19;2023;Promotional (Acer);Acer Philippines, Sarah Geronimo;https://open.spotify.com/track/3lgJ5YAfc6wxVB9xpUDyH9;3060828
20260114_120000;Alab (Burning);SB19;2019;Get in the Zone;;https://open.spotify.com/track/053ZzdU3Rya4NMxiWMPqnq;22389277
20260114_120000;Anino;Stell;2024;Room EP;;https://open.spotify.com/track/5tMJZOyBv8t49i9elHuQZF;6942344
20260114_120000;Ating Pasko;SB19;2024;Promotional;G22;https://open.spotify.com/track/7y5C9pM3gt7WNoiSzFHcGN;2419933
20260114_120000;Bazinga;SB19;2021;Pagsibol;;https://open.spotify.com/track/5QZw4F3N3PvuKNKHm9L20b;31492987
20260114_120000;Blessed;PABLO;2024;LAON;;https://open.spotify.com/track/4hdPboEAxOZjaaHML4q62u;3993981
20260114_120000;Breathe (Outro);PABLO;2024;ALON;;https://open.spotify.com/track/2lKyuf60Q5qSwTF0dl7qM6;1873312
20260114_120000;Bulan;FELIP;2022;Single;;https://open.spotify.com/track/2qYmu6Obx3NW1VeNOiCFMK;6639062
20260114_120000;Burn The Flame;SB19;2025;Single (Honor of Kings);Honor of Kings;https://open.spotify.com/track/3mvN8n8mg7X41CbGvc7xYU;2685850
20260114_120000;Burn The Flame (Instrumental);SB19;2025;Single (Honor of Kings);Honor of Kings;https://open.spotify.com/track/1MLMEY4ahXUjTcmi01s4jA;131957
20260114_120000;Burn The Flame (Karaoke Version);SB19;2025;Single (Honor of Kings);Honor of Kings;https://open.spotify.com/track/38UTDIDP582bP8ZAU20bsT;183457
20260114_120000;Burn The Flame (Taglish Version);SB19;2025;Single (Honor of Kings);Honor of Kings;https://open.spotify.com/track/0aKGIF1iGjV6D6vXYDJgyy;774132
20260114_120000;Butata;PABLO;2024;LAON;;https://open.spotify.com/track/68hXl4L5vCusj8U2QlC73D;6563756
20260114_120000;CRIMINAL;FELIP;2023;COM•PLEX;;https://open.spotify.com/track/4YPz66cDppOl9KVUOCpBV5;6611555
20260114_120000;Christmas Party (SB19 Version);SB19;2022;Single (Cover);;https://open.spotify.com/track/387ZTKanhRfPXazSyzTWUj;4421418
20260114_120000;Classic;Stell;2024;Room EP;;https://open.spotify.com/track/15bdfvbGida1Z8OVZ0YvSQ;6395108
20260114_120000;Crimzone;SB19;2023;Pagtatag!;;https://open.spotify.com/track/5GcS9zT4iIL7l0JrqZeG6O;25057449
20260114_120000;DAM;SB19;2025;Simula at Wakas;;https://open.spotify.com/track/1NNsL6tYk06TqTea3mKB9P;59248751
20260114_120000;DAM (Extended Ver.);SB19;2025;Simula at Wakas;;https://open.spotify.com/track/0pjhHUx21NsPuSCH0H3lW6;18469213
20260114_120000;DAM - From THE FIRST TAKE;SB19;2025;THE FIRST TAKE;;https://open.spotify.com/track/14WOLW4oTwD7Mh9eb0hLDs;1874683
20260114_120000;DETERMINADO;PABLO;2024;Single;Josue;https://open.spotify.com/track/0hQJzMEbXg8ssQwgMbJUbw;6268538
20260114_120000;DRINKSMOKE;FELIP;2023;COM•PLEX;;https://open.spotify.com/track/29UIvWBrkjWtVuSEyexLt1;5225950
20260114_120000;Dobleng GV sa FunPasko (Noon; Ngayon; Palagi);SB19;2021;Promotional (TM);The Juans;https://open.spotify.com/track/5hVNG3wLy8rSSCqShicG4I;668628
20260114_120000;Don't Care;PABLO;2024;LAON;;https://open.spotify.com/track/06YsrZvTJmdPNXY5La1jFK;2744769
20260114_120000;Drowning in the Water;PABLO;2024;ALON;;https://open.spotify.com/track/6065mStxNxs8sCy3yCrg8H;5551608
20260114_120000;Dungka!;SB19;2025;Simula at Wakas;;https://open.spotify.com/track/7mqsPvhSR1CtY6PkTf1YVy;26898549
20260114_120000;FLYYY;FELIP;2024;Single;PLAYERTWO;https://open.spotify.com/track/0PWBx43woMnsyUC72NC1Gl;3485841
20260114_120000;Fake Faces;FELIP;2024;Single;;https://open.spotify.com/track/4ntKnZnztFdovszJpIoeVO;8697553
20260114_120000;Freedom;SB19;2023;Pagtatag!;;https://open.spotify.com/track/2CuYpdcx2f9XbMZhc3ST8E;16211384
20260114_120000;G Pa Rin Ang Pasko;SB19;2021;Promotional (GCash);GCash;https://open.spotify.com/track/0JYEUl8iJovowKP7Xi6mSM;796331
20260114_120000;GENTO - From THE FIRST TAKE;SB19;2023;THE FIRST TAKE;;https://open.spotify.com/track/2h7syqD1QScej4PqMxJfp2;6920815
20260114_120000;Gento;SB19;2023;Pagtatag!;;https://open.spotify.com/track/1o6uF8VmXna99ysHTcQRI2;75199303
20260114_120000;Go Up;SB19;2019;Get in the Zone;;https://open.spotify.com/track/2sGj6gqCUqnT4Y0IZ0oMlY;23424040
20260114_120000;Hanggang Sa Huli;SB19;2020;Get in the Zone;;https://open.spotify.com/track/2WUhR1SraSy0SVIQKohJb6;31996980
20260114_120000;Hanggang Sa Huli (Instrumental);SB19;2020;Get in the Zone;;https://open.spotify.com/track/6JZkWjVjOQAUPzNfGr4Dp0;2301418
20260114_120000;Honest;JOSH CULLEN;2024;Lost & Found;;https://open.spotify.com/track/1Rl5KDAu4wrUsQZZtD2hiy;2604653
20260114_120000;I Want You;SB19;2023;Pagtatag!;;https://open.spotify.com/track/16GGH8OF6LiSUTTbm8421f;31247183
20260114_120000;ID;FELIP;2025;Featured;SKY-HI; RYOKI; RYUKI; JIMMY;https://open.spotify.com/track/2cXkFKFgEW5Myc0yNy6CqL;2367249
20260114_120000;Ikako;SB19;2020;Pagsibol;;https://open.spotify.com/track/5qHUmt5jIvDaOzMXiX533o;14554748
20260114_120000;Ilaw;SB19;2023;Pagtatag!;;https://open.spotify.com/track/4zoqT3f80GyytJvnhVHgEl;19464303
20260114_120000;KALAKAL;SB19;2024;Single;Gloc-9;https://open.spotify.com/track/1cFGU7MQu0mHS5uVyD1STP;21465215
20260114_120000;KAWASAKI;FELIP;2025;Featured;ONE OR EIGHT; thủy;https://open.spotify.com/track/37ifPBg9M2NzlRNHe9WUIy;1620144
20260114_120000;Kabataang Pinoy;SB19;2022;Single;BINI;https://open.spotify.com/track/6aXWWGw7sQJLx82jZndSQZ;9055238
20260114_120000;Kaibigan;justin;2024;Single;;https://open.spotify.com/track/3rwioq6hSNjwynK8rVPCma;8682497
20260114_120000;Kanako;FELIP;2023;Single;;https://open.spotify.com/track/76hOMoRACZOQq5CfqSNU9i;9648157
20260114_120000;Kapangyarihan;SB19;2021;Featured;Ben&Ben;https://open.spotify.com/track/6FFtbC1K2aNeCS376paoHN;22824250
20260114_120000;Kelan;PABLO;2024;ALON;Josue;https://open.spotify.com/track/39aItIaR9sIBz3EP8RXuhs;2400735
20260114_120000;Kumunoy;PABLO;2024;ALON;;https://open.spotify.com/track/6WkQrra0cZQAo42aMxdT2X;3888643
20260114_120000;LIHAM;SB19;2023;Pagtatag!;;https://open.spotify.com/track/5MQ1nQ0MZMRO4yPQWdCeEb;19861548
20260114_120000;La Luna;PABLO;2022;Single;;https://open.spotify.com/track/2UH7vzHodDdXtNyPEeHkb7;17373586
20260114_120000;La Luna;PABLO;2024;ALON;;https://open.spotify.com/track/01NEcBpMXPQNxONQnObJJ3;17355254
20260114_120000;Ligaya;SB19;2021;Single (Christmas);;https://open.spotify.com/track/2lwaPRPgP9EaaMsbzVaZ3O;9623317
20260114_120000;Lights Out;JOSH CULLEN;2024;Lost & Found;Mo Mitchell;https://open.spotify.com/track/2TQQX4gYeQmobxNEXwtrZ3;1917914
20260114_120000;Live It Up;SB19;2021;Promotional (Acer);Acer Philippines;https://open.spotify.com/track/42D9L3kTskZ5anDWGBhtEk;3895950
20260114_120000;Liwanag sa Dilim (from Incognito);PABLO;2025;Single (OST);;https://open.spotify.com/track/3Ynpt5qseTmDdl9bN21FNJ;6222127
20260114_120000;Love Goes;SB19;2020;Get in the Zone;;https://open.spotify.com/track/5p70OUKixtLRpnK5uSdqro;11018801
20260114_120000;Love Goes (EDM Version);SB19;2020;Get in the Zone;;https://open.spotify.com/track/0LAh3hfeuUekvLm3Nq6MmA;7061860
20260114_120000;Love Yours;SB19;2021;Featured;Ohwon Lee;https://open.spotify.com/track/62iq4hiMI4CxLek4nYI14R;5455034
20260114_120000;Love Yours (DIOR & RealBros Remix);SB19;2022;Featured;Ohwon Lee;https://open.spotify.com/track/3qw9D8YC0sezDriUMx5lRG;857146
20260114_120000;MAPA;SB19;2021;Pagsibol;;https://open.spotify.com/track/6Fz2TpxUD0YvAPsuG8nDMJ;85341646
20260114_120000;MAPA (Band Version);SB19;2021;Single;Ben&Ben;https://open.spotify.com/track/0QQoU68nnBRWJqr9ak3mnS;27773782
20260114_120000;MAPA (Indonesian Version);SB19;2025;Single;Aruma;https://open.spotify.com/track/23FJNFAeNLzAuFORNvyBFf;7254266
20260114_120000;MAPA - From THE FIRST TAKE;SB19;2023;THE FIRST TAKE;;https://open.spotify.com/track/4MZbVDIPOYmPkjcVqpPe9v;5091350
20260114_120000;MICTEST;FELIP;2023;COM•PLEX;;https://open.spotify.com/track/5MC8Oxr5FTIQYJ6f7Cg6gR;4193107
20260114_120000;Make It Merry; I-GCash Mo;SB19;2023;Promotional (GCash);GCash;https://open.spotify.com/track/1cTLpJs2LHvA0q5Z6YWzbD;952107
20260114_120000;Make Your Green Mark;SB19;2022;Promotional (Acer);Acer Philippines;https://open.spotify.com/track/0thBJj3R0mM8mLwe2WMJI1;2442745
20260114_120000;Mana;SB19;2021;Pagsibol;;https://open.spotify.com/track/0EtkP3TUHvTeDIgrpgMS8m;20561315
20260114_120000;Merry Munchkins (SB19 Version);SB19;2021;Promotional (Dunkin');Dunkin' Philippines;https://open.spotify.com/track/3r3U5OpESU60BAVT11KuYS;2726932
20260114_120000;Micha!;PABLO;2024;LAON;;https://open.spotify.com/track/7F3NzrsN3zNGcIP2FbUYUo;3398456
20260114_120000;Moonlight;SB19;2024;Single;Ian Asher, Terry Zhong;https://open.spotify.com/track/1xAYG31LamC5qlykRhbWxd;22408287
20260114_120000;Moving Closer;FELIP;2023;Single;;https://open.spotify.com/track/59PCn7ObERln3cPl84CGx6;10230661
20260114_120000;Neumun;PABLO;2024;LAON;;https://open.spotify.com/track/4DF1e91DMTM4oTpW8jgsP2;3610125
20260114_120000;No Control;JOSH CULLEN;2024;Lost & Found;(e)motion engine;https://open.spotify.com/track/0Rg0DIhiShdvZvF7snNZIt;2157837
20260114_120000;No Control (Instrumental);JOSH CULLEN;2024;Lost & Found;;https://open.spotify.com/track/65LG9NubWQtyImpyNXotHo;507393
20260114_120000;No Stopping You;SB19;2021;Single;;https://open.spotify.com/track/3KDOf2p1DrKhiqX78R82sh;8634439
20260114_120000;No Stopping You (Remix);SB19;2021;Single;Jayda;https://open.spotify.com/track/1dPLpa30IWMBqok6sIKDiP;8651667
20260114_120000;Nyebe;SB19;2022;Single;;https://open.spotify.com/track/6aLjE6peuaJQRWRgfjxrRw;17853461
20260114_120000;Pagdali;FELIP;2024;Single;PLAYERTWO;https://open.spotify.com/track/7fMR5ryCo3m38yyj1PCym4;3372568
20260114_120000;Pakiusap Lang;JOSH CULLEN;2023;Single;;https://open.spotify.com/track/6trU06kJgdYaPqRUvz5K9e;5228421
20260114_120000;Palayo;FELIP;2021;Single;;https://open.spotify.com/track/3FvYLNM5ShB5vDCzGw8syX;12262059
20260114_120000;Palayo;justin;2024;Single;;https://open.spotify.com/track/0WoGaGmUip0OPQ662Drdlj;1530646
20260114_120000;Presyon;PABLO;2024;ALON;;https://open.spotify.com/track/7cErqp4Jg64PcqAE0uYeZP;2609427
20260114_120000;Push Ang Pusuan;SB19;2021;Promotional (TM);The Juans, Matthaios;https://open.spotify.com/track/2hUZkOBSRlp6uB9hXvYgPi;3423507
20260114_120000;Puyat;PABLO;2024;LAON;;https://open.spotify.com/track/5EiD5Pk0Wv6dkHS1ZpNvzE;3135088
20260114_120000;Quit;SB19;2025;Simula at Wakas;;https://open.spotify.com/track/7oIQWmbKShhEt2yTSBxNpu;16402151
20260114_120000;ROCKSTA;FELIP;2023;COM•PLEX;;https://open.spotify.com/track/5UhtleGyBZJCvG8cstjLkr;6360951
20260114_120000;Re: Thinkin' About You;JOSH CULLEN;2024;Featured;H1-KEY;https://open.spotify.com/track/2R1CjdVdXz7frvQRwCdQa6;4187749
20260114_120000;Ready;SB19;2024;Single;apl.de.ap;https://open.spotify.com/track/4JZocgyzKHdRF0iSOcodJn;9581511
20260114_120000;Ready; Set; G!;SB19;2022;Promotional (GCash);GCash; GCash Jr.;https://open.spotify.com/track/3RFGJAl8B1MiW4Ti6qvGeq;1134480
20260114_120000;Reset;SB19;2023;Promotional (Acer);Sandara Park;https://open.spotify.com/track/6a7itY9YQTkmb8oMwwmhRp;3146200
20260114_120000;Room;Stell;2024;Room EP;;https://open.spotify.com/track/1PLKN0HC7m5drBHg0jarZE;11788826
20260114_120000;Room (Stripped);Stell;2024;Room EP;;https://open.spotify.com/track/6fwpkEZRQZ8Kr5Ws4q0Kyn;4658296
20260114_120000;SLMT;SB19;2021;Pagsibol;;https://open.spotify.com/track/0AbJoAxuqYgMrmXvtFOc0K;17278795
20260114_120000;STRAYDOGS;FELIP;2023;COM•PLEX;;https://open.spotify.com/track/03aFaNBeCXmFl194HuyWKe;5548545
20260114_120000;SUPERIORITY;FELIP;2023;COM•PLEX;;https://open.spotify.com/track/3Tzmy7ExNOlP0tdDr9sjUT;3661586
20260114_120000;Sampung Mga Daliri;justin;2025;Single;dwta;https://open.spotify.com/track/2MHg2BVPaTgiCUDWp2jZqf;7433121
20260114_120000;See Me;JOSH CULLEN;2024;Lost & Found;;https://open.spotify.com/track/5jH6p468HtmNHdJiubGQ6t;2864992
20260114_120000;Shooting for the Stars;SB19;2025;Simula at Wakas;;https://open.spotify.com/track/6q3qzeZgWgoFrV6DmaZr1R;14339126
20260114_120000;Silangan;justin;2024;Single;;https://open.spotify.com/track/4nnhn2O5oQmPC2HedN5W4b;690730
20260114_120000;Silent Cries;JOSH CULLEN;2024;Lost & Found;;https://open.spotify.com/track/1x0Y2jS5oJW4Q3aU9jZBER;3780481
20260114_120000;Silent Cries (Instrumental);JOSH CULLEN;2024;Lost & Found;;https://open.spotify.com/track/5FQodaxJAZTUPjdpbDT9pa;520725
20260114_120000;Sumaya;JOSH CULLEN;2024;Lost & Found;;https://open.spotify.com/track/2qKu8tPpilCBJqxzGWcOaC;5248806
20260114_120000;Sunday Morning;justin;2024;Single (Cover);;https://open.spotify.com/track/3sp427zYHOXL3LPCYgwuRv;5358622
20260114_120000;Surreal;justin;2024;Single;;https://open.spotify.com/track/5TT4xi1HEPTkVTO59jY3tz;14787345
20260114_120000;TM Doble Dekada (Samahang Pina-Easy);SB19;2021;Promotional (TM);The Juans, Donnalyn, Matthaios;https://open.spotify.com/track/5pSDEveqgXTvPU102hAIY1;2821201
20260114_120000;Tahanan;SB19;2025;Promotional (Acer);Acer Philippines;https://open.spotify.com/track/6XOT8LCjly8StKCooz6pp1;1404613
20260114_120000;Takbuhan;JOSH CULLEN;2024;Featured;Kael Guerrero;https://open.spotify.com/track/3RCVzaTWA7h1SR0nWQtIk1;893178
20260114_120000;Tambol (Ibang Planeta);PABLO;2024;LAON;;https://open.spotify.com/track/753jWXJVBxK6cuYDUVbeux;2468280
20260114_120000;Team Tayo;SB19;2023;Promotional (TM);The Juans;https://open.spotify.com/track/3aKVPphQZ3kjwY7Tn1TUhP;1051668
20260114_120000;The Boy Who Cried Wolf;PABLO;2024;ALON;;https://open.spotify.com/track/3dNKnbTBjliNTwCeLqlMG3;4822880
20260114_120000;The One;SB19;2022;Promotional (Dunkin');Dunkin';https://open.spotify.com/track/5SZPGItm64sVZ8KVYmoV4N;8794764
20260114_120000;Tilaluha;SB19;2018;Get in the Zone;;https://open.spotify.com/track/0fPJsVtCOXqjHxKS9kc13s;23429252
20260114_120000;Tilaluha (Instrumental);SB19;2020;Get in the Zone;;https://open.spotify.com/track/5lMxdErNKHh797tOT3mBvk;2192759
20260114_120000;Time;SB19;2025;Simula at Wakas;;https://open.spotify.com/track/1OvE4CwaIZJ89Eq0qXGCEF;21254971
20260114_120000;Time - From THE FIRST TAKE;SB19;2025;THE FIRST TAKE;;https://open.spotify.com/track/1ctnGFHyklJbmHLyaDYtyg;1955304
20260114_120000;Umaaligid;SB19;2025;Single;Sarah Geronimo;https://open.spotify.com/track/5XYYmsZJG5qIBAniny4bHe;12670372
20260114_120000;Umaaligid (Extended Ver.);SB19;2025;Single;Sarah Geronimo;https://open.spotify.com/track/1XFHLGwXrlL0FpJgRcFYTI;2668635
20260114_120000;WILD TONIGHT;JOSH CULLEN;2023;Single;;https://open.spotify.com/track/4yBwaJUom5dOYp54wU6hA2;9643837
20260114_120000;WYAT (Where You At);SB19;2022;Single;;https://open.spotify.com/track/1z50Hub2XCsAPWo8zgoePu;24853456
20260114_120000;Wala;PABLO;2024;ALON;;https://open.spotify.com/track/5gLNDt687YE0Zgad2yaaAD;2842825
20260114_120000;We Wish You A Merry GCash;SB19;2023;Promotional (GCash);GCash;https://open.spotify.com/track/7H2N6amk6lmn9oahy3qxQl;1312149
20260114_120000;What?;SB19;2021;Pagsibol;;https://open.spotify.com/track/1evZendZnEe8a8eXjd1Bcn;25469497
20260114_120000;What? - Extended Version;SB19;2021;Pagsibol;;https://open.spotify.com/track/7jn2llkeDI9IRROCYNa7sL;6231481
20260114_120000;Win Your Heart;SB19;2022;Single;;https://open.spotify.com/track/0DnNMu0v71ICscsyuQgmu3;10954679
20260114_120000;Yoko Na;JOSH CULLEN;2024;Single;Al James;https://open.spotify.com/track/6SIaYQUPOJpO8XFWeTl5dC;10282694
20260114_120000;ache;FELIP;2024;7sins;;https://open.spotify.com/track/3G3ZYOLBcjbIv0GDlIoZeh;4450927
20260114_120000;edsa;PABLO;2024;Single;;https://open.spotify.com/track/64p2tRd4zsBsJUucEnfWrX;7774072
20260114_120000;envy;FELIP;2024;7sins;;https://open.spotify.com/track/6uJggzzrSE5tK9CRTZejgm;3383574
20260114_120000;foes;FELIP;2024;7sins;;https://open.spotify.com/track/5IyWs6bAMeT9vPUiUVgSdd;2364789
20260114_120000;gluttony;FELIP;2024;7sins;PLAYERTWO;https://open.spotify.com/track/216LlnUj3GfZ0yE2hXZxm0;1699564
20260114_120000;golden hour (SB19 Remix);SB19;2023;Single;JVKE;https://open.spotify.com/track/4cGKycusCcECMX79k4NQwS;20776045
20260114_120000;greed;FELIP;2024;7sins;;https://open.spotify.com/track/3foNAstTb7fdbbfFnKwn28;3269580
20260114_120000;lust;FELIP;2024;7sins;Cyra Gwynth;https://open.spotify.com/track/70kZ4pCeZ0WIanftduEDov;3451355
20260114_120000;pride;FELIP;2024;7sins;;https://open.spotify.com/track/1jZET8rPE5RWZZrkCM2toY;1898598
20260114_120000;sloth;FELIP;2024;7sins;;https://open.spotify.com/track/6PJLoGD9KpyMSx8j7vVWHq;2519750
20260114_120000;wrath;FELIP;2024;7sins;;https://open.spotify.com/track/12VANuhDUHnXRtRG6YP72a;2001668
20260115_120000;'Di Ko Masabi;Stell;2024;Room EP;;https://open.spotify.com/track/3JEE0hhTI6u9CEZCZWalKe;7488990
20260115_120000;'Wag Mong Ikunot Ang Iyong Noo;SB19;2020;Get in the Zone;;https://open.spotify.com/track/5sJxhdzehdLq9iPzNnTR71;9350576
20260115_120000;1999;JOSH CULLEN;2024;Lost & Found;;https://open.spotify.com/track/0PMfgKba5PLGETb02cDcMg;6126523
20260115_120000;8TonBall;SB19;2025;Simula at Wakas;;https://open.spotify.com/track/7AqrfyOdFWPnjQrgzWzcUz;15365165
20260115_120000;AKALA;PABLO;2024;Single;Josue;https://open.spotify.com/track/5w4CLRxwroocAzFiJ568oY;5335188
20260115_120000;Ace Your World;SB19;2023;Promotional (Acer);Acer Philippines, Sarah Geronimo;https://open.spotify.com/track/3lgJ5YAfc6wxVB9xpUDyH9;3062374
20260115_120000;Alab (Burning);SB19;2019;Get in the Zone;;https://open.spotify.com/track/053ZzdU3Rya4NMxiWMPqnq;22403321
20260115_120000;Anino;Stell;2024;Room EP;;https://open.spotify.com/track/5tMJZOyBv8t49i9elHuQZF;6945924
20260115_120000;Ating Pasko;SB19;2024;Promotional;G22;https://open.spotify.com/track/7y5C9pM3gt7WNoiSzFHcGN;2420509
20260115_120000;Bazinga;SB19;2021;Pagsibol;;https://open.spotify.com/track/5QZw4F3N3PvuKNKHm9L20b;31511465
20260115_120000;Blessed;PABLO;2024;LAON;;https://open.spotify.com/track/4hdPboEAxOZjaaHML4q62u;3995740
20260115_120000;Breathe (Outro);PABLO;2024;ALON;;https://open.spotify.com/track/2lKyuf60Q5qSwTF0dl7qM6;1875099
20260115_120000;Bulan;FELIP;2022;Single;;https://open.spotify.com/track/2qYmu6Obx3NW1VeNOiCFMK;6642352
20260115_120000;Burn The Flame;SB19;2025;Single (Honor of Kings);Honor of Kings;https://open.spotify.com/track/3mvN8n8mg7X41CbGvc7xYU;2706313
20260115_120000;Burn The Flame (Instrumental);SB19;2025;Single (Honor of Kings);Honor of Kings;https://open.spotify.com/track/1MLMEY4ahXUjTcmi01s4jA;132067
20260115_120000;Burn The Flame (Karaoke Version);SB19;2025;Single (Honor of Kings);Honor of Kings;https://open.spotify.com/track/38UTDIDP582bP8ZAU20bsT;183569
20260115_120000;Burn The Flame (Taglish Version);SB19;2025;Single (Honor of Kings);Honor of Kings;https://open.spotify.com/track/0aKGIF1iGjV6D6vXYDJgyy;774473
20260115_120000;Butata;PABLO;2024;LAON;;https://open.spotify.com/track/68hXl4L5vCusj8U2QlC73D;6569388
20260115_120000;CRIMINAL;FELIP;2023;COM•PLEX;;https://open.spotify.com/track/4YPz66cDppOl9KVUOCpBV5;6615175
20260115_120000;Christmas Party (SB19 Version);SB19;2022;Single (Cover);;https://open.spotify.com/track/387ZTKanhRfPXazSyzTWUj;4424115
20260115_120000;Classic;Stell;2024;Room EP;;https://open.spotify.com/track/15bdfvbGida1Z8OVZ0YvSQ;6402062
20260115_120000;Crimzone;SB19;2023;Pagtatag!;;https://open.spotify.com/track/5GcS9zT4iIL7l0JrqZeG6O;25076715
20260115_120000;DAM;SB19;2025;Simula at Wakas;;https://open.spotify.com/track/1NNsL6tYk06TqTea3mKB9P;59330879
20260115_120000;DAM (Extended Ver.);SB19;2025;Simula at Wakas;;https://open.spotify.com/track/0pjhHUx21NsPuSCH0H3lW6;18494740
20260115_120000;DAM - From THE FIRST TAKE;SB19;2025;THE FIRST TAKE;;https://open.spotify.com/track/14WOLW4oTwD7Mh9eb0hLDs;1875636
20260115_120000;DETERMINADO;PABLO;2024;Single;Josue;https://open.spotify.com/track/0hQJzMEbXg8ssQwgMbJUbw;6272353
20260115_120000;DRINKSMOKE;FELIP;2023;COM•PLEX;;https://open.spotify.com/track/29UIvWBrkjWtVuSEyexLt1;5228119
20260115_120000;Dobleng GV sa FunPasko (Noon; Ngayon; Palagi);SB19;2021;Promotional (TM);The Juans;https://open.spotify.com/track/5hVNG3wLy8rSSCqShicG4I;669075
20260115_120000;Don't Care;PABLO;2024;LAON;;https://open.spotify.com/track/06YsrZvTJmdPNXY5La1jFK;2747391
20260115_120000;Drowning in the Water;PABLO;2024;ALON;;https://open.spotify.com/track/6065mStxNxs8sCy3yCrg8H;5554575
20260115_120000;Dungka!;SB19;2025;Simula at Wakas;;https://open.spotify.com/track/7mqsPvhSR1CtY6PkTf1YVy;26952270
20260115_120000;FLYYY;FELIP;2024;Single;PLAYERTWO;https://open.spotify.com/track/0PWBx43woMnsyUC72NC1Gl;3487596
20260115_120000;Fake Faces;FELIP;2024;Single;;https://open.spotify.com/track/4ntKnZnztFdovszJpIoeVO;8703343
20260115_120000;Freedom;SB19;2023;Pagtatag!;;https://open.spotify.com/track/2CuYpdcx2f9XbMZhc3ST8E;16225056
20260115_120000;G Pa Rin Ang Pasko;SB19;2021;Promotional (GCash);GCash;https://open.spotify.com/track/0JYEUl8iJovowKP7Xi6mSM;796433
20260115_120000;GENTO - From THE FIRST TAKE;SB19;2023;THE FIRST TAKE;;https://open.spotify.com/track/2h7syqD1QScej4PqMxJfp2;6923869
20260115_120000;Gento;SB19;2023;Pagtatag!;;https://open.spotify.com/track/1o6uF8VmXna99ysHTcQRI2;75243299
20260115_120000;Go Up;SB19;2019;Get in the Zone;;https://open.spotify.com/track/2sGj6gqCUqnT4Y0IZ0oMlY;23436113
20260115_120000;Hanggang Sa Huli;SB19;2020;Get in the Zone;;https://open.spotify.com/track/2WUhR1SraSy0SVIQKohJb6;32016444
20260115_120000;Hanggang Sa Huli (Instrumental);SB19;2020;Get in the Zone;;https://open.spotify.com/track/6JZkWjVjOQAUPzNfGr4Dp0;2302992
20260115_120000;Honest;JOSH CULLEN;2024;Lost & Found;;https://open.spotify.com/track/1Rl5KDAu4wrUsQZZtD2hiy;2607130
20260115_120000;I Want You;SB19;2023;Pagtatag!;;https://open.spotify.com/track/16GGH8OF6LiSUTTbm8421f;31264250
20260115_120000;ID;FELIP;2025;Featured;SKY-HI; RYOKI; RYUKI; JIMMY;https://open.spotify.com/track/2cXkFKFgEW5Myc0yNy6CqL;2369713
20260115_120000;Ikako;SB19;2020;Pagsibol;;https://open.spotify.com/track/5qHUmt5jIvDaOzMXiX533o;14567599
20260115_120000;Ilaw;SB19;2023;Pagtatag!;;https://open.spotify.com/track/4zoqT3f80GyytJvnhVHgEl;19480504
20260115_120000;KALAKAL;SB19;2024;Single;Gloc-9;https://open.spotify.com/track/1cFGU7MQu0mHS5uVyD1STP;21482209
20260115_120000;KAWASAKI;FELIP;2025;Featured;ONE OR EIGHT; thủy;https://open.spotify.com/track/37ifPBg9M2NzlRNHe9WUIy;1622348
20260115_120000;Kabataang Pinoy;SB19;2022;Single;BINI;https://open.spotify.com/track/6aXWWGw7sQJLx82jZndSQZ;9058445
20260115_120000;Kaibigan;justin;2024;Single;;https://open.spotify.com/track/3rwioq6hSNjwynK8rVPCma;8686711
20260115_120000;Kanako;FELIP;2023;Single;;https://open.spotify.com/track/76hOMoRACZOQq5CfqSNU9i;9656064
20260115_120000;Kapangyarihan;SB19;2021;Featured;Ben&Ben;https://open.spotify.com/track/6FFtbC1K2aNeCS376paoHN;22835690
20260115_120000;Kelan;PABLO;2024;ALON;Josue;https://open.spotify.com/track/39aItIaR9sIBz3EP8RXuhs;2403468
20260115_120000;Kumunoy;PABLO;2024;ALON;;https://open.spotify.com/track/6WkQrra0cZQAo42aMxdT2X;3890509
20260115_120000;LIHAM;SB19;2023;Pagtatag!;;https://open.spotify.com/track/5MQ1nQ0MZMRO4yPQWdCeEb;19876501
20260115_120000;La Luna;PABLO;2022;Single;;https://open.spotify.com/track/2UH7vzHodDdXtNyPEeHkb7;17377354
20260115_120000;La Luna;PABLO;2024;ALON;;https://open.spotify.com/track/01NEcBpMXPQNxONQnObJJ3;17364193
20260115_120000;Ligaya;SB19;2021;Single (Christmas);;https://open.spotify.com/track/2lwaPRPgP9EaaMsbzVaZ3O;9629169
20260115_120000;Lights Out;JOSH CULLEN;2024;Lost & Found;Mo Mitchell;https://open.spotify.com/track/2TQQX4gYeQmobxNEXwtrZ3;1919559
20260115_120000;Live It Up;SB19;2021;Promotional (Acer);Acer Philippines;https://open.spotify.com/track/42D9L3kTskZ5anDWGBhtEk;3898621
20260115_120000;Liwanag sa Dilim (from Incognito);PABLO;2025;Single (OST);;https://open.spotify.com/track/3Ynpt5qseTmDdl9bN21FNJ;6229989
20260115_120000;Love Goes;SB19;2020;Get in the Zone;;https://open.spotify.com/track/5p70OUKixtLRpnK5uSdqro;11027238
20260115_120000;Love Goes (EDM Version);SB19;2020;Get in the Zone;;https://open.spotify.com/track/0LAh3hfeuUekvLm3Nq6MmA;7066539
20260115_120000;Love Yours;SB19;2021;Featured;Ohwon Lee;https://open.spotify.com/track/62iq4hiMI4CxLek4nYI14R;5459103
20260115_120000;Love Yours (DIOR & RealBros Remix);SB19;2022;Featured;Ohwon Lee;https://open.spotify.com/track/3qw9D8YC0sezDriUMx5lRG;857589
20260115_120000;MAPA;SB19;2021;Pagsibol;;https://open.spotify.com/track/6Fz2TpxUD0YvAPsuG8nDMJ;85387289
20260115_120000;MAPA (Band Version);SB19;2021;Single;Ben&Ben;https://open.spotify.com/track/0QQoU68nnBRWJqr9ak3mnS;27783036
20260115_120000;MAPA (Indonesian Version);SB19;2025;Single;Aruma;https://open.spotify.com/track/23FJNFAeNLzAuFORNvyBFf;7262051
20260115_120000;MAPA - From THE FIRST TAKE;SB19;2023;THE FIRST TAKE;;https://open.spotify.com/track/4MZbVDIPOYmPkjcVqpPe9v;5093898
20260115_120000;MICTEST;FELIP;2023;COM•PLEX;;https://open.spotify.com/track/5MC8Oxr5FTIQYJ6f7Cg6gR;4194881
20260115_120000;Make It Merry; I-GCash Mo;SB19;2023;Promotional (GCash);GCash;https://open.spotify.com/track/1cTLpJs2LHvA0q5Z6YWzbD;956442
20260115_120000;Make Your Green Mark;SB19;2022;Promotional (Acer);Acer Philippines;https://open.spotify.com/track/0thBJj3R0mM8mLwe2WMJI1;2443703
20260115_120000;Mana;SB19;2021;Pagsibol;;https://open.spotify.com/track/0EtkP3TUHvTeDIgrpgMS8m;20575907
20260115_120000;Merry Munchkins (SB19 Version);SB19;2021;Promotional (Dunkin');Dunkin' Philippines;https://open.spotify.com/track/3r3U5OpESU60BAVT11KuYS;2727424
20260115_120000;Micha!;PABLO;2024;LAON;;https://open.spotify.com/track/7F3NzrsN3zNGcIP2FbUYUo;3400413
20260115_120000;Moonlight;SB19;2024;Single;Ian Asher, Terry Zhong;https://open.spotify.com/track/1xAYG31LamC5qlykRhbWxd;22419798
20260115_120000;Moving Closer;FELIP;2023;Single;;https://open.spotify.com/track/59PCn7ObERln3cPl84CGx6;10238147
20260115_120000;Neumun;PABLO;2024;LAON;;https://open.spotify.com/track/4DF1e91DMTM4oTpW8jgsP2;3614351
20260115_120000;No Control;JOSH CULLEN;2024;Lost & Found;(e)motion engine;https://open.spotify.com/track/0Rg0DIhiShdvZvF7snNZIt;2159462
20260115_120000;No Control (Instrumental);JOSH CULLEN;2024;Lost & Found;;https://open.spotify.com/track/65LG9NubWQtyImpyNXotHo;507963
20260115_120000;No Stopping You;SB19;2021;Single;;https://open.spotify.com/track/3KDOf2p1DrKhiqX78R82sh;8643340
20260115_120000;No Stopping You (Remix);SB19;2021;Single;Jayda;https://open.spotify.com/track/1dPLpa30IWMBqok6sIKDiP;8655789
20260115_120000;Nyebe;SB19;2022;Single;;https://open.spotify.com/track/6aLjE6peuaJQRWRgfjxrRw;17871107
20260115_120000;Pagdali;FELIP;2024;Single;PLAYERTWO;https://open.spotify.com/track/7fMR5ryCo3m38yyj1PCym4;3374961
20260115_120000;Pakiusap Lang;JOSH CULLEN;2023;Single;;https://open.spotify.com/track/6trU06kJgdYaPqRUvz5K9e;5230078
20260115_120000;Palayo;FELIP;2021;Single;;https://open.spotify.com/track/3FvYLNM5ShB5vDCzGw8syX;12266654
20260115_120000;Palayo;justin;2024;Single;;https://open.spotify.com/track/0WoGaGmUip0OPQ662Drdlj;1531479
20260115_120000;Presyon;PABLO;2024;ALON;;https://open.spotify.com/track/7cErqp4Jg64PcqAE0uYeZP;2612354
20260115_120000;Push Ang Pusuan;SB19;2021;Promotional (TM);The Juans, Matthaios;https://open.spotify.com/track/2hUZkOBSRlp6uB9hXvYgPi;3427155
20260115_120000;Puyat;PABLO;2024;LAON;;https://open.spotify.com/track/5EiD5Pk0Wv6dkHS1ZpNvzE;3138797
20260115_120000;Quit;SB19;2025;Simula at Wakas;;https://open.spotify.com/track/7oIQWmbKShhEt2yTSBxNpu;16437001
20260115_120000;ROCKSTA;FELIP;2023;COM•PLEX;;https://open.spotify.com/track/5UhtleGyBZJCvG8cstjLkr;6363406
20260115_120000;Re: Thinkin' About You;JOSH CULLEN;2024;Featured;H1-KEY;https://open.spotify.com/track/2R1CjdVdXz7frvQRwCdQa6;4191856
20260115_120000;Ready;SB19;2024;Single;apl.de.ap;https://open.spotify.com/track/4JZocgyzKHdRF0iSOcodJn;9590831
20260115_120000;Ready; Set; G!;SB19;2022;Promotional (GCash);GCash; GCash Jr.;https://open.spotify.com/track/3RFGJAl8B1MiW4Ti6qvGeq;1134594
20260115_120000;Reset;SB19;2023;Promotional (Acer);Sandara Park;https://open.spotify.com/track/6a7itY9YQTkmb8oMwwmhRp;3147922
20260115_120000;Room;Stell;2024;Room EP;;https://open.spotify.com/track/1PLKN0HC7m5drBHg0jarZE;11798806
20260115_120000;Room (Stripped);Stell;2024;Room EP;;https://open.spotify.com/track/6fwpkEZRQZ8Kr5Ws4q0Kyn;4663748
20260115_120000;SLMT;SB19;2021;Pagsibol;;https://open.spotify.com/track/0AbJoAxuqYgMrmXvtFOc0K;17292658
20260115_120000;STRAYDOGS;FELIP;2023;COM•PLEX;;https://open.spotify.com/track/03aFaNBeCXmFl194HuyWKe;5550878
20260115_120000;SUPERIORITY;FELIP;2023;COM•PLEX;;https://open.spotify.com/track/3Tzmy7ExNOlP0tdDr9sjUT;3663205
20260115_120000;Sampung Mga Daliri;justin;2025;Single;dwta;https://open.spotify.com/track/2MHg2BVPaTgiCUDWp2jZqf;7439990
20260115_120000;See Me;JOSH CULLEN;2024;Lost & Found;;https://open.spotify.com/track/5jH6p468HtmNHdJiubGQ6t;2867734
20260115_120000;Shooting for the Stars;SB19;2025;Simula at Wakas;;https://open.spotify.com/track/6q3qzeZgWgoFrV6DmaZr1R;14381615
20260115_120000;Silangan;justin;2024;Single;;https://open.spotify.com/track/4nnhn2O5oQmPC2HedN5W4b;691040
20260115_120000;Silent Cries;JOSH CULLEN;2024;Lost & Found;;https://open.spotify.com/track/1x0Y2jS5oJW4Q3aU9jZBER;3783442
20260115_120000;Silent Cries (Instrumental);JOSH CULLEN;2024;Lost & Found;;https://open.spotify.com/track/5FQodaxJAZTUPjdpbDT9pa;521291
20260115_120000;Sumaya;JOSH CULLEN;2024;Lost & Found;;https://open.spotify.com/track/2qKu8tPpilCBJqxzGWcOaC;5252252
20260115_120000;Sunday Morning;justin;2024;Single (Cover);;https://open.spotify.com/track/3sp427zYHOXL3LPCYgwuRv;5361537
20260115_120000;Surreal;justin;2024;Single;;https://open.spotify.com/track/5TT4xi1HEPTkVTO59jY3tz;14797706
20260115_120000;TM Doble Dekada (Samahang Pina-Easy);SB19;2021;Promotional (TM);The Juans, Donnalyn, Matthaios;https://open.spotify.com/track/5pSDEveqgXTvPU102hAIY1;2822477
20260115_120000;Tahanan;SB19;2025;Promotional (Acer);Acer Philippines;https://open.spotify.com/track/6XOT8LCjly8StKCooz6pp1;1422271
20260115_120000;Takbuhan;JOSH CULLEN;2024;Featured;Kael Guerrero;https://open.spotify.com/track/3RCVzaTWA7h1SR0nWQtIk1;894627
20260115_120000;Tambol (Ibang Planeta);PABLO;2024;LAON;;https://open.spotify.com/track/753jWXJVBxK6cuYDUVbeux;2470626
20260115_120000;Team Tayo;SB19;2023;Promotional (TM);The Juans;https://open.spotify.com/track/3aKVPphQZ3kjwY7Tn1TUhP;1052073
20260115_120000;The Boy Who Cried Wolf;PABLO;2024;ALON;;https://open.spotify.com/track/3dNKnbTBjliNTwCeLqlMG3;4827204
20260115_120000;The One;SB19;2022;Promotional (Dunkin');Dunkin';https://open.spotify.com/track/5SZPGItm64sVZ8KVYmoV4N;8800609
20260115_120000;Tilaluha;SB19;2018;Get in the Zone;;https://open.spotify.com/track/0fPJsVtCOXqjHxKS9kc13s;23444957
20260115_120000;Tilaluha (Instrumental);SB19;2020;Get in the Zone;;https://open.spotify.com/track/5lMxdErNKHh797tOT3mBvk;2194465
20260115_120000;Time;SB19;2025;Simula at Wakas;;https://open.spotify.com/track/1OvE4CwaIZJ89Eq0qXGCEF;21302883
20260115_120000;Time - From THE FIRST TAKE;SB19;2025;THE FIRST TAKE;;https://open.spotify.com/track/1ctnGFHyklJbmHLyaDYtyg;1956218
20260115_120000;Umaaligid;SB19;2025;Single;Sarah Geronimo;https://open.spotify.com/track/5XYYmsZJG5qIBAniny4bHe;12698522
20260115_120000;Umaaligid (Extended Ver.);SB19;2025;Single;Sarah Geronimo;https://open.spotify.com/track/1XFHLGwXrlL0FpJgRcFYTI;2669981
20260115_120000;WILD TONIGHT;JOSH CULLEN;2023;Single;;https://open.spotify.com/track/4yBwaJUom5dOYp54wU6hA2;9648599
20260115_120000;WYAT (Where You At);SB19;2022;Single;;https://open.spotify.com/track/1z50Hub2XCsAPWo8zgoePu;24864590
20260115_120000;Wala;PABLO;2024;ALON;;https://open.spotify.com/track/5gLNDt687YE0Zgad2yaaAD;2845629
20260115_120000;We Wish You A Merry GCash;SB19;2023;Promotional (GCash);GCash;https://open.spotify.com/track/7H2N6amk6lmn9oahy3qxQl;1313108
20260115_120000;What?;SB19;2021;Pagsibol;;https://open.spotify.com/track/1evZendZnEe8a8eXjd1Bcn;25483142
20260115_120000;What? - Extended Version;SB19;2021;Pagsibol;;https://open.spotify.com/track/7jn2llkeDI9IRROCYNa7sL;6234404
20260115_120000;Win Your Heart;SB19;2022;Single;;https://open.spotify.com/track/0DnNMu0v71ICscsyuQgmu3;10960933
20260115_120000;Yoko Na;JOSH CULLEN;2024;Single;Al James;https://open.spotify.com/track/6SIaYQUPOJpO8XFWeTl5dC;10287689
20260115_120000;ache;FELIP;2024;7sins;;https://open.spotify.com/track/3G3ZYOLBcjbIv0GDlIoZeh;4454879
20260115_120000;edsa;PABLO;2024;Single;;https://open.spotify.com/track/64p2tRd4zsBsJUucEnfWrX;7777585
20260115_120000;envy;FELIP;2024;7sins;;https://open.spotify.com/track/6uJggzzrSE5tK9CRTZejgm;3385519
20260115_120000;foes;FELIP;2024;7sins;;https://open.spotify.com/track/5IyWs6bAMeT9vPUiUVgSdd;2365999
20260115_120000;gluttony;FELIP;2024;7sins;PLAYERTWO;https://open.spotify.com/track/216LlnUj3GfZ0yE2hXZxm0;1700943
20260115_120000;golden hour (SB19 Remix);SB19;2023;Single;JVKE;https://open.spotify.com/track/4cGKycusCcECMX79k4NQwS;20789765
20260115_120000;greed;FELIP;2024;7sins;;https://open.spotify.com/track/3foNAstTb7fdbbfFnKwn28;3273167
20260115_120000;lust;FELIP;2024;7sins;Cyra Gwynth;https://open.spotify.com/track/70kZ4pCeZ0WIanftduEDov;3454764
20260115_120000;pride;FELIP;2024;7sins;;https://open.spotify.com/track/1jZET8rPE5RWZZrkCM2toY;1899961
20260115_120000;sloth;FELIP;2024;7sins;;https://open.spotify.com/track/6PJLoGD9KpyMSx8j7vVWHq;2521164
20260115_120000;wrath;FELIP;2024;7sins;;https://open.spotify.com/track/12VANuhDUHnXRtRG6YP72a;2003548
20260116_120000;'Di Ko Masabi;Stell;2024;Room EP;;https://open.spotify.com/track/3JEE0hhTI6u9CEZCZWalKe;7495834
20260116_120000;'Wag Mong Ikunot Ang Iyong Noo;SB19;2020;Get in the Zone;;https://open.spotify.com/track/5sJxhdzehdLq9iPzNnTR71;9359342
20260116_120000;1999;JOSH CULLEN;2024;Lost & Found;;https://open.spotify.com/track/0PMfgKba5PLGETb02cDcMg;6133300
20260116_120000;8TonBall;SB19;2025;Simula at Wakas;;https://open.spotify.com/track/7AqrfyOdFWPnjQrgzWzcUz;15407274
20260116_120000;AKALA;PABLO;2024;Single;Josue;https://open.spotify.com/track/5w4CLRxwroocAzFiJ568oY;5338762
20260116_120000;Ace Your World;SB19;2023;Promotional (Acer);Acer Philippines, Sarah Geronimo;https://open.spotify.com/track/3lgJ5YAfc6wxVB9xpUDyH9;3064135
20260116_120000;Alab (Burning);SB19;2019;Get in the Zone;;https://open.spotify.com/track/053ZzdU3Rya4NMxiWMPqnq;22416711
20260116_120000;Anino;Stell;2024;Room EP;;https://open.spotify.com/track/5tMJZOyBv8t49i9elHuQZF;6949129
20260116_120000;Ating Pasko;SB19;2024;Promotional;G22;https://open.spotify.com/track/7y5C9pM3gt7WNoiSzFHcGN;2421129
20260116_120000;Bazinga;SB19;2021;Pagsibol;;https://open.spotify.com/track/5QZw4F3N3PvuKNKHm9L20b;31530289
20260116_120000;Blessed;PABLO;2024;LAON;;https://open.spotify.com/track/4hdPboEAxOZjaaHML4q62u;3997550
20260116_120000;Breathe (Outro);PABLO;2024;ALON;;https://open.spotify.com/track/2lKyuf60Q5qSwTF0dl7qM6;1877215
20260116_120000;Bulan;FELIP;2022;Single;;https://open.spotify.com/track/2qYmu6Obx3NW1VeNOiCFMK;6645296
20260116_120000;Burn The Flame;SB19;2025;Single (Honor of Kings);Honor of Kings;https://open.spotify.com/track/3mvN8n8mg7X41CbGvc7xYU;2730854
20260116_120000;Burn The Flame (Instrumental);SB19;2025;Single (Honor of Kings);Honor of Kings;https://open.spotify.com/track/1MLMEY4ahXUjTcmi01s4jA;132180
20260116_120000;Burn The Flame (Karaoke Version);SB19;2025;Single (Honor of Kings);Honor of Kings;https://open.spotify.com/track/38UTDIDP582bP8ZAU20bsT;183676
20260116_120000;Burn The Flame (Taglish Version);SB19;2025;Single (Honor of Kings);Honor of Kings;https://open.spotify.com/track/0aKGIF1iGjV6D6vXYDJgyy;774811
20260116_120000;Butata;PABLO;2024;LAON;;https://open.spotify.com/track/68hXl4L5vCusj8U2QlC73D;6574541
20260116_120000;CRIMINAL;FELIP;2023;COM•PLEX;;https://open.spotify.com/track/4YPz66cDppOl9KVUOCpBV5;6618044
20260116_120000;Christmas Party (SB19 Version);SB19;2022;Single (Cover);;https://open.spotify.com/track/387ZTKanhRfPXazSyzTWUj;4426185
20260116_120000;Classic;Stell;2024;Room EP;;https://open.spotify.com/track/15bdfvbGida1Z8OVZ0YvSQ;6409027
20260116_120000;Crimzone;SB19;2023;Pagtatag!;;https://open.spotify.com/track/5GcS9zT4iIL7l0JrqZeG6O;25098202
20260116_120000;DAM;SB19;2025;Simula at Wakas;;https://open.spotify.com/track/1NNsL6tYk06TqTea3mKB9P;59425125
20260116_120000;DAM (Extended Ver.);SB19;2025;Simula at Wakas;;https://open.spotify.com/track/0pjhHUx21NsPuSCH0H3lW6;18518850
20260116_120000;DAM - From THE FIRST TAKE;SB19;2025;THE FIRST TAKE;;https://open.spotify.com/track/14WOLW4oTwD7Mh9eb0hLDs;1876601
20260116_120000;DETERMINADO;PABLO;2024;Single;Josue;https://open.spotify.com/track/0hQJzMEbXg8ssQwgMbJUbw;6275897
20260116_120000;DRINKSMOKE;FELIP;2023;COM•PLEX;;https://open.spotify.com/track/29UIvWBrkjWtVuSEyexLt1;5230676
20260116_120000;Dobleng GV sa FunPasko (Noon; Ngayon; Palagi);SB19;2021;Promotional (TM);The Juans;https://open.spotify.com/track/5hVNG3wLy8rSSCqShicG4I;669490
20260116_120000;Don't Care;PABLO;2024;LAON;;https://open.spotify.com/track/06YsrZvTJmdPNXY5La1jFK;2750108
20260116_120000;Drowning in the Water;PABLO;2024;ALON;;https://open.spotify.com/track/6065mStxNxs8sCy3yCrg8H;5557549
20260116_120000;Dungka!;SB19;2025;Simula at Wakas;;https://open.spotify.com/track/7mqsPvhSR1CtY6PkTf1YVy;27007195
20260116_120000;FLYYY;FELIP;2024;Single;PLAYERTWO;https://open.spotify.com/track/0PWBx43woMnsyUC72NC1Gl;3489078
20260116_120000;Fake Faces;FELIP;2024;Single;;https://open.spotify.com/track/4ntKnZnztFdovszJpIoeVO;8709274
20260116_120000;Freedom;SB19;2023;Pagtatag!;;https://open.spotify.com/track/2CuYpdcx2f9XbMZhc3ST8E;16237918
20260116_120000;G Pa Rin Ang Pasko;SB19;2021;Promotional (GCash);GCash;https://open.spotify.com/track/0JYEUl8iJovowKP7Xi6mSM;796531
20260116_120000;GENTO - From THE FIRST TAKE;SB19;2023;THE FIRST TAKE;;https://open.spotify.com/track/2h7syqD1QScej4PqMxJfp2;6927170
20260116_120000;Gento;SB19;2023;Pagtatag!;;https://open.spotify.com/track/1o6uF8VmXna99ysHTcQRI2;75287444
20260116_120000;Go Up;SB19;2019;Get in the Zone;;https://open.spotify.com/track/2sGj6gqCUqnT4Y0IZ0oMlY;23449011
20260116_120000;Hanggang Sa Huli;SB19;2020;Get in the Zone;;https://open.spotify.com/track/2WUhR1SraSy0SVIQKohJb6;32035939
20260116_120000;Hanggang Sa Huli (Instrumental);SB19;2020;Get in the Zone;;https://open.spotify.com/track/6JZkWjVjOQAUPzNfGr4Dp0;2304481
20260116_120000;Honest;JOSH CULLEN;2024;Lost & Found;;https://open.spotify.com/track/1Rl5KDAu4wrUsQZZtD2hiy;2609341
20260116_120000;I Want You;SB19;2023;Pagtatag!;;https://open.spotify.com/track/16GGH8OF6LiSUTTbm8421f;31285195
20260116_120000;ID;FELIP;2025;Featured;SKY-HI; RYOKI; RYUKI; JIMMY;https://open.spotify.com/track/2cXkFKFgEW5Myc0yNy6CqL;2372204
20260116_120000;Ikako;SB19;2020;Pagsibol;;https://open.spotify.com/track/5qHUmt5jIvDaOzMXiX533o;14578060
20260116_120000;Ilaw;SB19;2023;Pagtatag!;;https://open.spotify.com/track/4zoqT3f80GyytJvnhVHgEl;19495507
20260116_120000;KALAKAL;SB19;2024;Single;Gloc-9;https://open.spotify.com/track/1cFGU7MQu0mHS5uVyD1STP;21499215
20260116_120000;KAWASAKI;FELIP;2025;Featured;ONE OR EIGHT; thủy;https://open.spotify.com/track/37ifPBg9M2NzlRNHe9WUIy;1624525
20260116_120000;Kabataang Pinoy;SB19;2022;Single;BINI;https://open.spotify.com/track/6aXWWGw7sQJLx82jZndSQZ;9060952
20260116_120000;Kaibigan;justin;2024;Single;;https://open.spotify.com/track/3rwioq6hSNjwynK8rVPCma;8690885
20260116_120000;Kanako;FELIP;2023;Single;;https://open.spotify.com/track/76hOMoRACZOQq5CfqSNU9i;9664132
20260116_120000;Kapangyarihan;SB19;2021;Featured;Ben&Ben;https://open.spotify.com/track/6FFtbC1K2aNeCS376paoHN;22845666
20260116_120000;Kelan;PABLO;2024;ALON;Josue;https://open.spotify.com/track/39aItIaR9sIBz3EP8RXuhs;2406062
20260116_120000;Kumunoy;PABLO;2024;ALON;;https://open.spotify.com/track/6WkQrra0cZQAo42aMxdT2X;3892427
20260116_120000;LIHAM;SB19;2023;Pagtatag!;;https://open.spotify.com/track/5MQ1nQ0MZMRO4yPQWdCeEb;19893692
20260116_120000;La Luna;PABLO;2022;Single;;https://open.spotify.com/track/2UH7vzHodDdXtNyPEeHkb7;17380873
20260116_120000;La Luna;PABLO;2024;ALON;;https://open.spotify.com/track/01NEcBpMXPQNxONQnObJJ3;17371941
20260116_120000;Ligaya;SB19;2021;Single (Christmas);;https://open.spotify.com/track/2lwaPRPgP9EaaMsbzVaZ3O;9634390
20260116_120000;Lights Out;JOSH CULLEN;2024;Lost & Found;Mo Mitchell;https://open.spotify.com/track/2TQQX4gYeQmobxNEXwtrZ3;1921440
20260116_120000;Live It Up;SB19;2021;Promotional (Acer);Acer Philippines;https://open.spotify.com/track/42D9L3kTskZ5anDWGBhtEk;3900911
20260116_120000;Liwanag sa Dilim (from Incognito);PABLO;2025;Single (OST);;https://open.spotify.com/track/3Ynpt5qseTmDdl9bN21FNJ;6237003
20260116_120000;Love Goes;SB19;2020;Get in the Zone;;https://open.spotify.com/track/5p70OUKixtLRpnK5uSdqro;11035053
20260116_120000;Love Goes (EDM Version);SB19;2020;Get in the Zone;;https://open.spotify.com/track/0LAh3hfeuUekvLm3Nq6MmA;7071626
20260116_120000;Love Yours;SB19;2021;Featured;Ohwon Lee;https://open.spotify.com/track/62iq4hiMI4CxLek4nYI14R;5462767
20260116_120000;Love Yours (DIOR & RealBros Remix);SB19;2022;Featured;Ohwon Lee;https://open.spotify.com/track/3qw9D8YC0sezDriUMx5lRG;858028
20260116_120000;MAPA;SB19;2021;Pagsibol;;https://open.spotify.com/track/6Fz2TpxUD0YvAPsuG8nDMJ;85430683
20260116_120000;MAPA (Band Version);SB19;2021;Single;Ben&Ben;https://open.spotify.com/track/0QQoU68nnBRWJqr9ak3mnS;27792476
20260116_120000;MAPA (Indonesian Version);SB19;2025;Single;Aruma;https://open.spotify.com/track/23FJNFAeNLzAuFORNvyBFf;7270626
20260116_120000;MAPA - From THE FIRST TAKE;SB19;2023;THE FIRST TAKE;;https://open.spotify.com/track/4MZbVDIPOYmPkjcVqpPe9v;5096631
20260116_120000;MICTEST;FELIP;2023;COM•PLEX;;https://open.spotify.com/track/5MC8Oxr5FTIQYJ6f7Cg6gR;4196761
20260116_120000;Make It Merry; I-GCash Mo;SB19;2023;Promotional (GCash);GCash;https://open.spotify.com/track/1cTLpJs2LHvA0q5Z6YWzbD;960845
20260116_120000;Make Your Green Mark;SB19;2022;Promotional (Acer);Acer Philippines;https://open.spotify.com/track/0thBJj3R0mM8mLwe2WMJI1;2444603
20260116_120000;Mana;SB19;2021;Pagsibol;;https://open.spotify.com/track/0EtkP3TUHvTeDIgrpgMS8m;20588619
20260116_120000;Merry Munchkins (SB19 Version);SB19;2021;Promotional (Dunkin');Dunkin' Philippines;https://open.spotify.com/track/3r3U5OpESU60BAVT11KuYS;2727995
20260116_120000;Micha!;PABLO;2024;LAON;;https://open.spotify.com/track/7F3NzrsN3zNGcIP2FbUYUo;3402175
20260116_120000;Moonlight;SB19;2024;Single;Ian Asher, Terry Zhong;https://open.spotify.com/track/1xAYG31LamC5qlykRhbWxd;22432854
20260116_120000;Moving Closer;FELIP;2023;Single;;https://open.spotify.com/track/59PCn7ObERln3cPl84CGx6;10245210
20260116_120000;Neumun;PABLO;2024;LAON;;https://open.spotify.com/track/4DF1e91DMTM4oTpW8jgsP2;3618623
20260116_120000;No Control;JOSH CULLEN;2024;Lost & Found;(e)motion engine;https://open.spotify.com/track/0Rg0DIhiShdvZvF7snNZIt;2161420
20260116_120000;No Control (Instrumental);JOSH CULLEN;2024;Lost & Found;;https://open.spotify.com/track/65LG9NubWQtyImpyNXotHo;508661
20260116_120000;No Stopping You;SB19;2021;Single;;https://open.spotify.com/track/3KDOf2p1DrKhiqX78R82sh;8651813
20260116_120000;No Stopping You (Remix);SB19;2021;Single;Jayda;https://open.spotify.com/track/1dPLpa30IWMBqok6sIKDiP;8659664
20260116_120000;Nyebe;SB19;2022;Single;;https://open.spotify.com/track/6aLjE6peuaJQRWRgfjxrRw;17886236
20260116_120000;Pagdali;FELIP;2024;Single;PLAYERTWO;https://open.spotify.com/track/7fMR5ryCo3m38yyj1PCym4;3377111
20260116_120000;Pakiusap Lang;JOSH CULLEN;2023;Single;;https://open.spotify.com/track/6trU06kJgdYaPqRUvz5K9e;5232168
20260116_120000;Palayo;FELIP;2021;Single;;https://open.spotify.com/track/3FvYLNM5ShB5vDCzGw8syX;12270550
20260116_120000;Palayo;justin;2024;Single;;https://open.spotify.com/track/0WoGaGmUip0OPQ662Drdlj;1532327
20260116_120000;Presyon;PABLO;2024;ALON;;https://open.spotify.com/track/7cErqp4Jg64PcqAE0uYeZP;2614696
20260116_120000;Push Ang Pusuan;SB19;2021;Promotional (TM);The Juans, Matthaios;https://open.spotify.com/track/2hUZkOBSRlp6uB9hXvYgPi;3430826
20260116_120000;Puyat;PABLO;2024;LAON;;https://open.spotify.com/track/5EiD5Pk0Wv6dkHS1ZpNvzE;3142869
20260116_120000;Quit;SB19;2025;Simula at Wakas;;https://open.spotify.com/track/7oIQWmbKShhEt2yTSBxNpu;16477422
20260116_120000;ROCKSTA;FELIP;2023;COM•PLEX;;https://open.spotify.com/track/5UhtleGyBZJCvG8cstjLkr;6365889
20260116_120000;Re: Thinkin' About You;JOSH CULLEN;2024;Featured;H1-KEY;https://open.spotify.com/track/2R1CjdVdXz7frvQRwCdQa6;4196465
20260116_120000;Ready;SB19;2024;Single;apl.de.ap;https://open.spotify.com/track/4JZocgyzKHdRF0iSOcodJn;9600260
20260116_120000;Ready; Set; G!;SB19;2022;Promotional (GCash);GCash; GCash Jr.;https://open.spotify.com/track/3RFGJAl8B1MiW4Ti6qvGeq;1134694
20260116_120000;Reset;SB19;2023;Promotional (Acer);Sandara Park;https://open.spotify.com/track/6a7itY9YQTkmb8oMwwmhRp;3149662
20260116_120000;Room;Stell;2024;Room EP;;https://open.spotify.com/track/1PLKN0HC7m5drBHg0jarZE;11808616
20260116_120000;Room (Stripped);Stell;2024;Room EP;;https://open.spotify.com/track/6fwpkEZRQZ8Kr5Ws4q0Kyn;4669283
20260116_120000;SLMT;SB19;2021;Pagsibol;;https://open.spotify.com/track/0AbJoAxuqYgMrmXvtFOc0K;17303605
20260116_120000;STRAYDOGS;FELIP;2023;COM•PLEX;;https://open.spotify.com/track/03aFaNBeCXmFl194HuyWKe;5553148
20260116_120000;SUPERIORITY;FELIP;2023;COM•PLEX;;https://open.spotify.com/track/3Tzmy7ExNOlP0tdDr9sjUT;3664798
20260116_120000;Sampung Mga Daliri;justin;2025;Single;dwta;https://open.spotify.com/track/2MHg2BVPaTgiCUDWp2jZqf;7446465
20260116_120000;See Me;JOSH CULLEN;2024;Lost & Found;;https://open.spotify.com/track/5jH6p468HtmNHdJiubGQ6t;2871037
20260116_120000;Shooting for the Stars;SB19;2025;Simula at Wakas;;https://open.spotify.com/track/6q3qzeZgWgoFrV6DmaZr1R;14415839
20260116_120000;Silangan;justin;2024;Single;;https://open.spotify.com/track/4nnhn2O5oQmPC2HedN5W4b;691421
20260116_120000;Silent Cries;JOSH CULLEN;2024;Lost & Found;;https://open.spotify.com/track/1x0Y2jS5oJW4Q3aU9jZBER;3786500
20260116_120000;Silent Cries (Instrumental);JOSH CULLEN;2024;Lost & Found;;https://open.spotify.com/track/5FQodaxJAZTUPjdpbDT9pa;521904
20260116_120000;Sumaya;JOSH CULLEN;2024;Lost & Found;;https://open.spotify.com/track/2qKu8tPpilCBJqxzGWcOaC;5256739
20260116_120000;Sunday Morning;justin;2024;Single (Cover);;https://open.spotify.com/track/3sp427zYHOXL3LPCYgwuRv;5364172
20260116_120000;Surreal;justin;2024;Single;;https://open.spotify.com/track/5TT4xi1HEPTkVTO59jY3tz;14808190
20260116_120000;TM Doble Dekada (Samahang Pina-Easy);SB19;2021;Promotional (TM);The Juans, Donnalyn, Matthaios;https://open.spotify.com/track/5pSDEveqgXTvPU102hAIY1;2823949
20260116_120000;Tahanan;SB19;2025;Promotional (Acer);Acer Philippines;https://open.spotify.com/track/6XOT8LCjly8StKCooz6pp1;1440204
20260116_120000;Takbuhan;JOSH CULLEN;2024;Featured;Kael Guerrero;https://open.spotify.com/track/3RCVzaTWA7h1SR0nWQtIk1;896027
20260116_120000;Tambol (Ibang Planeta);PABLO;2024;LAON;;https://open.spotify.com/track/753jWXJVBxK6cuYDUVbeux;2472670
20260116_120000;Team Tayo;SB19;2023;Promotional (TM);The Juans;https://open.spotify.com/track/3aKVPphQZ3kjwY7Tn1TUhP;1052448
20260116_120000;The Boy Who Cried Wolf;PABLO;2024;ALON;;https://open.spotify.com/track/3dNKnbTBjliNTwCeLqlMG3;4831742
20260116_120000;The One;SB19;2022;Promotional (Dunkin');Dunkin';https://open.spotify.com/track/5SZPGItm64sVZ8KVYmoV4N;8806199
20260116_120000;Tilaluha;SB19;2018;Get in the Zone;;https://open.spotify.com/track/0fPJsVtCOXqjHxKS9kc13s;23460676
20260116_120000;Tilaluha (Instrumental);SB19;2020;Get in the Zone;;https://open.spotify.com/track/5lMxdErNKHh797tOT3mBvk;2196245
20260116_120000;Time;SB19;2025;Simula at Wakas;;https://open.spotify.com/track/1OvE4CwaIZJ89Eq0qXGCEF;21354771
20260116_120000;Time - From THE FIRST TAKE;SB19;2025;THE FIRST TAKE;;https://open.spotify.com/track/1ctnGFHyklJbmHLyaDYtyg;1957065
20260116_120000;Umaaligid;SB19;2025;Single;Sarah Geronimo;https://open.spotify.com/track/5XYYmsZJG5qIBAniny4bHe;12726757
20260116_120000;Umaaligid (Extended Ver.);SB19;2025;Single;Sarah Geronimo;https://open.spotify.com/track/1XFHLGwXrlL0FpJgRcFYTI;2671501
20260116_120000;WILD TONIGHT;JOSH CULLEN;2023;Single;;https://open.spotify.com/track/4yBwaJUom5dOYp54wU6hA2;9653385
20260116_120000;WYAT (Where You At);SB19;2022;Single;;https://open.spotify.com/track/1z50Hub2XCsAPWo8zgoePu;24876765
20260116_120000;Wala;PABLO;2024;ALON;;https://open.spotify.com/track/5gLNDt687YE0Zgad2yaaAD;2848034
20260116_120000;We Wish You A Merry GCash;SB19;2023;Promotional (GCash);GCash;https://open.spotify.com/track/7H2N6amk6lmn9oahy3qxQl;1314040
20260116_120000;What?;SB19;2021;Pagsibol;;https://open.spotify.com/track/1evZendZnEe8a8eXjd1Bcn;25498448
20260116_120000;What? - Extended Version;SB19;2021;Pagsibol;;https://open.spotify.com/track/7jn2llkeDI9IRROCYNa7sL;6237304
20260116_120000;Win Your Heart;SB19;2022;Single;;https://open.spotify.com/track/0DnNMu0v71ICscsyuQgmu3;10967153
20260116_120000;Yoko Na;JOSH CULLEN;2024;Single;Al James;https://open.spotify.com/track/6SIaYQUPOJpO8XFWeTl5dC;10292848
20260116_120000;ache;FELIP;2024;7sins;;https://open.spotify.com/track/3G3ZYOLBcjbIv0GDlIoZeh;4459106
20260116_120000;edsa;PABLO;2024;Single;;https://open.spotify.com/track/64p2tRd4zsBsJUucEnfWrX;7782064
20260116_120000;envy;FELIP;2024;7sins;;https://open.spotify.com/track/6uJggzzrSE5tK9CRTZejgm;3387102
20260116_120000;foes;FELIP;2024;7sins;;https://open.spotify.com/track/5IyWs6bAMeT9vPUiUVgSdd;2367299
20260116_120000;gluttony;FELIP;2024;7sins;PLAYERTWO;https://open.spotify.com/track/216LlnUj3GfZ0yE2hXZxm0;1702186
20260116_120000;golden hour (SB19 Remix);SB19;2023;Single;JVKE;https://open.spotify.com/track/4cGKycusCcECMX79k4NQwS;20801813
20260116_120000;greed;FELIP;2024;7sins;;https://open.spotify.com/track/3foNAstTb7fdbbfFnKwn28;3276792
20260116_120000;lust;FELIP;2024;7sins;Cyra Gwynth;https://open.spotify.com/track/70kZ4pCeZ0WIanftduEDov;3457627
20260116_120000;pride;FELIP;2024;7sins;;https://open.spotify.com/track/1jZET8rPE5RWZZrkCM2toY;1901393
20260116_120000;sloth;FELIP;2024;7sins;;https://open.spotify.com/track/6PJLoGD9KpyMSx8j7vVWHq;2522475
20260116_120000;wrath;FELIP;2024;7sins;;https://open.spotify.com/track/12VANuhDUHnXRtRG6YP72a;2005011
20260117_120000;'Di Ko Masabi;Stell;2024;Room EP;;https://open.spotify.com/track/3JEE0hhTI6u9CEZCZWalKe;7502350
20260117_120000;'Wag Mong Ikunot Ang Iyong Noo;SB19;2020;Get in the Zone;;https://open.spotify.com/track/5sJxhdzehdLq9iPzNnTR71;9366049
20260117_120000;1999;JOSH CULLEN;2024;Lost & Found;;https://open.spotify.com/track/0PMfgKba5PLGETb02cDcMg;6139065
20260117_120000;8TonBall;SB19;2025;Simula at Wakas;;https://open.spotify.com/track/7AqrfyOdFWPnjQrgzWzcUz;15442144
20260117_120000;AKALA;PABLO;2024;Single;Josue;https://open.spotify.com/track/5w4CLRxwroocAzFiJ568oY;5341886
20260117_120000;Ace Your World;SB19;2023;Promotional (Acer);Acer Philippines, Sarah Geronimo;https://open.spotify.com/track/3lgJ5YAfc6wxVB9xpUDyH9;3066090
20260117_120000;Alab (Burning);SB19;2019;Get in the Zone;;https://open.spotify.com/track/053ZzdU3Rya4NMxiWMPqnq;22431972
20260117_120000;Anino;Stell;2024;Room EP;;https://open.spotify.com/track/5tMJZOyBv8t49i9elHuQZF;6952160
20260117_120000;Ating Pasko;SB19;2024;Promotional;G22;https://open.spotify.com/track/7y5C9pM3gt7WNoiSzFHcGN;2421828
20260117_120000;Bazinga;SB19;2021;Pagsibol;;https://open.spotify.com/track/5QZw4F3N3PvuKNKHm9L20b;31546946
20260117_120000;Blessed;PABLO;2024;LAON;;https://open.spotify.com/track/4hdPboEAxOZjaaHML4q62u;3999730
20260117_120000;Breathe (Outro);PABLO;2024;ALON;;https://open.spotify.com/track/2lKyuf60Q5qSwTF0dl7qM6;1879228
20260117_120000;Bulan;FELIP;2022;Single;;https://open.spotify.com/track/2qYmu6Obx3NW1VeNOiCFMK;6648463
20260117_120000;Burn The Flame;SB19;2025;Single (Honor of Kings);Honor of Kings;https://open.spotify.com/track/3mvN8n8mg7X41CbGvc7xYU;2754936
20260117_120000;Burn The Flame (Instrumental);SB19;2025;Single (Honor of Kings);Honor of Kings;https://open.spotify.com/track/1MLMEY4ahXUjTcmi01s4jA;132288
20260117_120000;Burn The Flame (Karaoke Version);SB19;2025;Single (Honor of Kings);Honor of Kings;https://open.spotify.com/track/38UTDIDP582bP8ZAU20bsT;183775
20260117_120000;Burn The Flame (Taglish Version);SB19;2025;Single (Honor of Kings);Honor of Kings;https://open.spotify.com/track/0aKGIF1iGjV6D6vXYDJgyy;775164
20260117_120000;Butata;PABLO;2024;LAON;;https://open.spotify.com/track/68hXl4L5vCusj8U2QlC73D;6581295
20260117_120000;CRIMINAL;FELIP;2023;COM•PLEX;;https://open.spotify.com/track/4YPz66cDppOl9KVUOCpBV5;6620892
20260117_120000;Christmas Party (SB19 Version);SB19;2022;Single (Cover);;https://open.spotify.com/track/387ZTKanhRfPXazSyzTWUj;4428379
20260117_120000;Classic;Stell;2024;Room EP;;https://open.spotify.com/track/15bdfvbGida1Z8OVZ0YvSQ;6417079
20260117_120000;Crimzone;SB19;2023;Pagtatag!;;https://open.spotify.com/track/5GcS9zT4iIL7l0JrqZeG6O;25117976
20260117_120000;DAM;SB19;2025;Simula at Wakas;;https://open.spotify.com/track/1NNsL6tYk06TqTea3mKB9P;59522018
20260117_120000;DAM (Extended Ver.);SB19;2025;Simula at Wakas;;https://open.spotify.com/track/0pjhHUx21NsPuSCH0H3lW6;18539685
20260117_120000;DAM - From THE FIRST TAKE;SB19;2025;THE FIRST TAKE;;https://open.spotify.com/track/14WOLW4oTwD7Mh9eb0hLDs;1877564
20260117_120000;DETERMINADO;PABLO;2024;Single;Josue;https://open.spotify.com/track/0hQJzMEbXg8ssQwgMbJUbw;6279049
20260117_120000;DRINKSMOKE;FELIP;2023;COM•PLEX;;https://open.spotify.com/track/29UIvWBrkjWtVuSEyexLt1;5233214
20260117_120000;Dobleng GV sa FunPasko (Noon; Ngayon; Palagi);SB19;2021;Promotional (TM);The Juans;https://open.spotify.com/track/5hVNG3wLy8rSSCqShicG4I;669909
20260117_120000;Don't Care;PABLO;2024;LAON;;https://open.spotify.com/track/06YsrZvTJmdPNXY5La1jFK;2752813
20260117_120000;Drowning in the Water;PABLO;2024;ALON;;https://open.spotify.com/track/6065mStxNxs8sCy3yCrg8H;5560302
20260117_120000;Dungka!;SB19;2025;Simula at Wakas;;https://open.spotify.com/track/7mqsPvhSR1CtY6PkTf1YVy;27070605
20260117_120000;FLYYY;FELIP;2024;Single;PLAYERTWO;https://open.spotify.com/track/0PWBx43woMnsyUC72NC1Gl;3490963
20260117_120000;Fake Faces;FELIP;2024;Single;;https://open.spotify.com/track/4ntKnZnztFdovszJpIoeVO;8715034
20260117_120000;Freedom;SB19;2023;Pagtatag!;;https://open.spotify.com/track/2CuYpdcx2f9XbMZhc3ST8E;16250689
20260117_120000;G Pa Rin Ang Pasko;SB19;2021;Promotional (GCash);GCash;https://open.spotify.com/track/0JYEUl8iJovowKP7Xi6mSM;796642
20260117_120000;GENTO - From THE FIRST TAKE;SB19;2023;THE FIRST TAKE;;https://open.spotify.com/track/2h7syqD1QScej4PqMxJfp2;6930404
20260117_120000;Gento;SB19;2023;Pagtatag!;;https://open.spotify.com/track/1o6uF8VmXna99ysHTcQRI2;75323549
20260117_120000;Go Up;SB19;2019;Get in the Zone;;https://open.spotify.com/track/2sGj6gqCUqnT4Y0IZ0oMlY;23460421
20260117_120000;Hanggang Sa Huli;SB19;2020;Get in the Zone;;https://open.spotify.com/track/2WUhR1SraSy0SVIQKohJb6;32051333
20260117_120000;Hanggang Sa Huli (Instrumental);SB19;2020;Get in the Zone;;https://open.spotify.com/track/6JZkWjVjOQAUPzNfGr4Dp0;2305981
20260117_120000;Honest;JOSH CULLEN;2024;Lost & Found;;https://open.spotify.com/track/1Rl5KDAu4wrUsQZZtD2hiy;2611894
20260117_120000;I Want You;SB19;2023;Pagtatag!;;https://open.spotify.com/track/16GGH8OF6LiSUTTbm8421f;31302062
20260117_120000;ID;FELIP;2025;Featured;SKY-HI; RYOKI; RYUKI; JIMMY;https://open.spotify.com/track/2cXkFKFgEW5Myc0yNy6CqL;2374880
20260117_120000;Ikako;SB19;2020;Pagsibol;;https://open.spotify.com/track/5qHUmt5jIvDaOzMXiX533o;14590020
20260117_120000;Ilaw;SB19;2023;Pagtatag!;;https://open.spotify.com/track/4zoqT3f80GyytJvnhVHgEl;19510641
20260117_120000;KALAKAL;SB19;2024;Single;Gloc-9;https://open.spotify.com/track/1cFGU7MQu0mHS5uVyD1STP;21513123
20260117_120000;KAWASAKI;FELIP;2025;Featured;ONE OR EIGHT; thủy;https://open.spotify.com/track/37ifPBg9M2NzlRNHe9WUIy;1626616
20260117_120000;Kabataang Pinoy;SB19;2022;Single;BINI;https://open.spotify.com/track/6aXWWGw7sQJLx82jZndSQZ;9063660
20260117_120000;Kaibigan;justin;2024;Single;;https://open.spotify.com/track/3rwioq6hSNjwynK8rVPCma;8695579
20260117_120000;Kanako;FELIP;2023;Single;;https://open.spotify.com/track/76hOMoRACZOQq5CfqSNU9i;9671929
20260117_120000;Kapangyarihan;SB19;2021;Featured;Ben&Ben;https://open.spotify.com/track/6FFtbC1K2aNeCS376paoHN;22858109
20260117_120000;Kelan;PABLO;2024;ALON;Josue;https://open.spotify.com/track/39aItIaR9sIBz3EP8RXuhs;2408563
20260117_120000;Kumunoy;PABLO;2024;ALON;;https://open.spotify.com/track/6WkQrra0cZQAo42aMxdT2X;3894389
20260117_120000;LIHAM;SB19;2023;Pagtatag!;;https://open.spotify.com/track/5MQ1nQ0MZMRO4yPQWdCeEb;19908783
20260117_120000;La Luna;PABLO;2022;Single;;https://open.spotify.com/track/2UH7vzHodDdXtNyPEeHkb7;17384652
20260117_120000;La Luna;PABLO;2024;ALON;;https://open.spotify.com/track/01NEcBpMXPQNxONQnObJJ3;17380836
20260117_120000;Ligaya;SB19;2021;Single (Christmas);;https://open.spotify.com/track/2lwaPRPgP9EaaMsbzVaZ3O;9639969
20260117_120000;Lights Out;JOSH CULLEN;2024;Lost & Found;Mo Mitchell;https://open.spotify.com/track/2TQQX4gYeQmobxNEXwtrZ3;1923393
20260117_120000;Live It Up;SB19;2021;Promotional (Acer);Acer Philippines;https://open.spotify.com/track/42D9L3kTskZ5anDWGBhtEk;3903054
20260117_120000;Liwanag sa Dilim (from Incognito);PABLO;2025;Single (OST);;https://open.spotify.com/track/3Ynpt5qseTmDdl9bN21FNJ;6244971
20260117_120000;Love Goes;SB19;2020;Get in the Zone;;https://open.spotify.com/track/5p70OUKixtLRpnK5uSdqro;11042048
20260117_120000;Love Goes (EDM Version);SB19;2020;Get in the Zone;;https://open.spotify.com/track/0LAh3hfeuUekvLm3Nq6MmA;7076079
20260117_120000;Love Yours;SB19;2021;Featured;Ohwon Lee;https://open.spotify.com/track/62iq4hiMI4CxLek4nYI14R;5467068
20260117_120000;Love Yours (DIOR & RealBros Remix);SB19;2022;Featured;Ohwon Lee;https://open.spotify.com/track/3qw9D8YC0sezDriUMx5lRG;858398
20260117_120000;MAPA;SB19;2021;Pagsibol;;https://open.spotify.com/track/6Fz2TpxUD0YvAPsuG8nDMJ;85475756
20260117_120000;MAPA (Band Version);SB19;2021;Single;Ben&Ben;https://open.spotify.com/track/0QQoU68nnBRWJqr9ak3mnS;27801660
20260117_120000;MAPA (Indonesian Version);SB19;2025;Single;Aruma;https://open.spotify.com/track/23FJNFAeNLzAuFORNvyBFf;7278890
20260117_120000;MAPA - From THE FIRST TAKE;SB19;2023;THE FIRST TAKE;;https://open.spotify.com/track/4MZbVDIPOYmPkjcVqpPe9v;5099251
20260117_120000;MICTEST;FELIP;2023;COM•PLEX;;https://open.spotify.com/track/5MC8Oxr5FTIQYJ6f7Cg6gR;4198652
20260117_120000;Make It Merry; I-GCash Mo;SB19;2023;Promotional (GCash);GCash;https://open.spotify.com/track/1cTLpJs2LHvA0q5Z6YWzbD;965330
20260117_120000;Make Your Green Mark;SB19;2022;Promotional (Acer);Acer Philippines;https://open.spotify.com/track/0thBJj3R0mM8mLwe2WMJI1;2445447
20260117_120000;Mana;SB19;2021;Pagsibol;;https://open.spotify.com/track/0EtkP3TUHvTeDIgrpgMS8m;20604092
20260117_120000;Merry Munchkins (SB19 Version);SB19;2021;Promotional (Dunkin');Dunkin' Philippines;https://open.spotify.com/track/3r3U5OpESU60BAVT11KuYS;2728578
20260117_120000;Micha!;PABLO;2024;LAON;;https://open.spotify.com/track/7F3NzrsN3zNGcIP2FbUYUo;3403819
20260117_120000;Moonlight;SB19;2024;Single;Ian Asher, Terry Zhong;https://open.spotify.com/track/1xAYG31LamC5qlykRhbWxd;22446713
20260117_120000;Moving Closer;FELIP;2023;Single;;https://open.spotify.com/track/59PCn7ObERln3cPl84CGx6;10252642
20260117_120000;Neumun;PABLO;2024;LAON;;https://open.spotify.com/track/4DF1e91DMTM4oTpW8jgsP2;3623370
20260117_120000;No Control;JOSH CULLEN;2024;Lost & Found;(e)motion engine;https://open.spotify.com/track/0Rg0DIhiShdvZvF7snNZIt;2163240
20260117_120000;No Control (Instrumental);JOSH CULLEN;2024;Lost & Found;;https://open.spotify.com/track/65LG9NubWQtyImpyNXotHo;509369
20260117_120000;No Stopping You;SB19;2021;Single;;https://open.spotify.com/track/3KDOf2p1DrKhiqX78R82sh;8660349
20260117_120000;No Stopping You (Remix);SB19;2021;Single;Jayda;https://open.spotify.com/track/1dPLpa30IWMBqok6sIKDiP;8663727
20260117_120000;Nyebe;SB19;2022;Single;;https://open.spotify.com/track/6aLjE6peuaJQRWRgfjxrRw;17902301
20260117_120000;Pagdali;FELIP;2024;Single;PLAYERTWO;https://open.spotify.com/track/7fMR5ryCo3m38yyj1PCym4;3379338
20260117_120000;Pakiusap Lang;JOSH CULLEN;2023;Single;;https://open.spotify.com/track/6trU06kJgdYaPqRUvz5K9e;5233968
20260117_120000;Palayo;FELIP;2021;Single;;https://open.spotify.com/track/3FvYLNM5ShB5vDCzGw8syX;12275080
20260117_120000;Palayo;justin;2024;Single;;https://open.spotify.com/track/0WoGaGmUip0OPQ662Drdlj;1533110
20260117_120000;Presyon;PABLO;2024;ALON;;https://open.spotify.com/track/7cErqp4Jg64PcqAE0uYeZP;2617412
20260117_120000;Push Ang Pusuan;SB19;2021;Promotional (TM);The Juans, Matthaios;https://open.spotify.com/track/2hUZkOBSRlp6uB9hXvYgPi;3434276
20260117_120000;Puyat;PABLO;2024;LAON;;https://open.spotify.com/track/5EiD5Pk0Wv6dkHS1ZpNvzE;3146864
20260117_120000;Quit;SB19;2025;Simula at Wakas;;https://open.spotify.com/track/7oIQWmbKShhEt2yTSBxNpu;16518176
20260117_120000;ROCKSTA;FELIP;2023;COM•PLEX;;https://open.spotify.com/track/5UhtleGyBZJCvG8cstjLkr;6368678
20260117_120000;Re: Thinkin' About You;JOSH CULLEN;2024;Featured;H1-KEY;https://open.spotify.com/track/2R1CjdVdXz7frvQRwCdQa6;4201064
20260117_120000;Ready;SB19;2024;Single;apl.de.ap;https://open.spotify.com/track/4JZocgyzKHdRF0iSOcodJn;9607492
20260117_120000;Ready; Set; G!;SB19;2022;Promotional (GCash);GCash; GCash Jr.;https://open.spotify.com/track/3RFGJAl8B1MiW4Ti6qvGeq;1134794
20260117_120000;Reset;SB19;2023;Promotional (Acer);Sandara Park;https://open.spotify.com/track/6a7itY9YQTkmb8oMwwmhRp;3151283
20260117_120000;Room;Stell;2024;Room EP;;https://open.spotify.com/track/1PLKN0HC7m5drBHg0jarZE;11818165
20260117_120000;Room (Stripped);Stell;2024;Room EP;;https://open.spotify.com/track/6fwpkEZRQZ8Kr5Ws4q0Kyn;4675896
20260117_120000;SLMT;SB19;2021;Pagsibol;;https://open.spotify.com/track/0AbJoAxuqYgMrmXvtFOc0K;17317488
20260117_120000;STRAYDOGS;FELIP;2023;COM•PLEX;;https://open.spotify.com/track/03aFaNBeCXmFl194HuyWKe;5555122
20260117_120000;SUPERIORITY;FELIP;2023;COM•PLEX;;https://open.spotify.com/track/3Tzmy7ExNOlP0tdDr9sjUT;3666324
20260117_120000;Sampung Mga Daliri;justin;2025;Single;dwta;https://open.spotify.com/track/2MHg2BVPaTgiCUDWp2jZqf;7453816
20260117_120000;See Me;JOSH CULLEN;2024;Lost & Found;;https://open.spotify.com/track/5jH6p468HtmNHdJiubGQ6t;2873735
20260117_120000;Shooting for the Stars;SB19;2025;Simula at Wakas;;https://open.spotify.com/track/6q3qzeZgWgoFrV6DmaZr1R;14449821
20260117_120000;Silangan;justin;2024;Single;;https://open.spotify.com/track/4nnhn2O5oQmPC2HedN5W4b;691785
20260117_120000;Silent Cries;JOSH CULLEN;2024;Lost & Found;;https://open.spotify.com/track/1x0Y2jS5oJW4Q3aU9jZBER;3788787
20260117_120000;Silent Cries (Instrumental);JOSH CULLEN;2024;Lost & Found;;https://open.spotify.com/track/5FQodaxJAZTUPjdpbDT9pa;522487
20260117_120000;Sumaya;JOSH CULLEN;2024;Lost & Found;;https://open.spotify.com/track/2qKu8tPpilCBJqxzGWcOaC;5260915
20260117_120000;Sunday Morning;justin;2024;Single (Cover);;https://open.spotify.com/track/3sp427zYHOXL3LPCYgwuRv;5367111
20260117_120000;Surreal;justin;2024;Single;;https://open.spotify.com/track/5TT4xi1HEPTkVTO59jY3tz;14818849
20260117_120000;TM Doble Dekada (Samahang Pina-Easy);SB19;2021;Promotional (TM);The Juans, Donnalyn, Matthaios;https://open.spotify.com/track/5pSDEveqgXTvPU102hAIY1;2825284
20260117_120000;Tahanan;SB19;2025;Promotional (Acer);Acer Philippines;https://open.spotify.com/track/6XOT8LCjly8StKCooz6pp1;1457097
20260117_120000;Takbuhan;JOSH CULLEN;2024;Featured;Kael Guerrero;https://open.spotify.com/track/3RCVzaTWA7h1SR0nWQtIk1;897654
20260117_120000;Tambol (Ibang Planeta);PABLO;2024;LAON;;https://open.spotify.com/track/753jWXJVBxK6cuYDUVbeux;2475257
20260117_120000;Team Tayo;SB19;2023;Promotional (TM);The Juans;https://open.spotify.com/track/3aKVPphQZ3kjwY7Tn1TUhP;1052799
20260117_120000;The Boy Who Cried Wolf;PABLO;2024;ALON;;https://open.spotify.com/track/3dNKnbTBjliNTwCeLqlMG3;4836547
20260117_120000;The One;SB19;2022;Promotional (Dunkin');Dunkin';https://open.spotify.com/track/5SZPGItm64sVZ8KVYmoV4N;8813254
20260117_120000;Tilaluha;SB19;2018;Get in the Zone;;https://open.spotify.com/track/0fPJsVtCOXqjHxKS9kc13s;23473380
20260117_120000;Tilaluha (Instrumental);SB19;2020;Get in the Zone;;https://open.spotify.com/track/5lMxdErNKHh797tOT3mBvk;2197836
20260117_120000;Time;SB19;2025;Simula at Wakas;;https://open.spotify.com/track/1OvE4CwaIZJ89Eq0qXGCEF;21404171
20260117_120000;Time - From THE FIRST TAKE;SB19;2025;THE FIRST TAKE;;https://open.spotify.com/track/1ctnGFHyklJbmHLyaDYtyg;1958054
20260117_120000;Umaaligid;SB19;2025;Single;Sarah Geronimo;https://open.spotify.com/track/5XYYmsZJG5qIBAniny4bHe;12755311
20260117_120000;Umaaligid (Extended Ver.);SB19;2025;Single;Sarah Geronimo;https://open.spotify.com/track/1XFHLGwXrlL0FpJgRcFYTI;2672870
20260117_120000;WILD TONIGHT;JOSH CULLEN;2023;Single;;https://open.spotify.com/track/4yBwaJUom5dOYp54wU6hA2;9658529
20260117_120000;WYAT (Where You At);SB19;2022;Single;;https://open.spotify.com/track/1z50Hub2XCsAPWo8zgoePu;24890160
20260117_120000;Wala;PABLO;2024;ALON;;https://open.spotify.com/track/5gLNDt687YE0Zgad2yaaAD;2850669
20260117_120000;We Wish You A Merry GCash;SB19;2023;Promotional (GCash);GCash;https://open.spotify.com/track/7H2N6amk6lmn9oahy3qxQl;1315205
20260117_120000;What?;SB19;2021;Pagsibol;;https://open.spotify.com/track/1evZendZnEe8a8eXjd1Bcn;25513534
20260117_120000;What? - Extended Version;SB19;2021;Pagsibol;;https://open.spotify.com/track/7jn2llkeDI9IRROCYNa7sL;6240108
20260117_120000;Win Your Heart;SB19;2022;Single;;https://open.spotify.com/track/0DnNMu0v71ICscsyuQgmu3;10973453
20260117_120000;Yoko Na;JOSH CULLEN;2024;Single;Al James;https://open.spotify.com/track/6SIaYQUPOJpO8XFWeTl5dC;10297819
20260117_120000;ache;FELIP;2024;7sins;;https://open.spotify.com/track/3G3ZYOLBcjbIv0GDlIoZeh;4463111
20260117_120000;edsa;PABLO;2024;Single;;https://open.spotify.com/track/64p2tRd4zsBsJUucEnfWrX;7786466
20260117_120000;envy;FELIP;2024;7sins;;https://open.spotify.com/track/6uJggzzrSE5tK9CRTZejgm;3388791
20260117_120000;foes;FELIP;2024;7sins;;https://open.spotify.com/track/5IyWs6bAMeT9vPUiUVgSdd;2368646
20260117_120000;gluttony;FELIP;2024;7sins;PLAYERTWO;https://open.spotify.com/track/216LlnUj3GfZ0yE2hXZxm0;1703335
20260117_120000;golden hour (SB19 Remix);SB19;2023;Single;JVKE;https://open.spotify.com/track/4cGKycusCcECMX79k4NQwS;20812327
20260117_120000;greed;FELIP;2024;7sins;;https://open.spotify.com/track/3foNAstTb7fdbbfFnKwn28;3279775
20260117_120000;lust;FELIP;2024;7sins;Cyra Gwynth;https://open.spotify.com/track/70kZ4pCeZ0WIanftduEDov;3460528
20260117_120000;pride;FELIP;2024;7sins;;https://open.spotify.com/track/1jZET8rPE5RWZZrkCM2toY;1902787
20260117_120000;sloth;FELIP;2024;7sins;;https://open.spotify.com/track/6PJLoGD9KpyMSx8j7vVWHq;2523909
20260117_120000;wrath;FELIP;2024;7sins;;https://open.spotify.com/track/12VANuhDUHnXRtRG6YP72a;2006743
20260118_120000;Yoko Na;JOSH CULLEN;2024;Single;Al James;https://open.spotify.com/track/6SIaYQUPOJpO8XFWeTl5dC;10302692
20260118_120000;'Di Ko Masabi;Stell;2024;Room EP;;https://open.spotify.com/track/3JEE0hhTI6u9CEZCZWalKe;7510333
20260118_120000;'Wag Mong Ikunot Ang Iyong Noo;SB19;2020;Get in the Zone;;https://open.spotify.com/track/5sJxhdzehdLq9iPzNnTR71;9374642
20260118_120000;1999;JOSH CULLEN;2024;Lost & Found;;https://open.spotify.com/track/0PMfgKba5PLGETb02cDcMg;6145567
20260118_120000;8TonBall;SB19;2025;Simula at Wakas;;https://open.spotify.com/track/7AqrfyOdFWPnjQrgzWzcUz;15481294
20260118_120000;AKALA;PABLO;2024;Single;Josue;https://open.spotify.com/track/5w4CLRxwroocAzFiJ568oY;5344602
20260118_120000;Ace Your World;SB19;2023;Promotional (Acer);Acer Philippines, Sarah Geronimo;https://open.spotify.com/track/3lgJ5YAfc6wxVB9xpUDyH9;3067657
20260118_120000;Alab (Burning);SB19;2019;Get in the Zone;;https://open.spotify.com/track/053ZzdU3Rya4NMxiWMPqnq;22444007
20260118_120000;Anino;Stell;2024;Room EP;;https://open.spotify.com/track/5tMJZOyBv8t49i9elHuQZF;6955346
20260118_120000;Ating Pasko;SB19;2024;Promotional;G22;https://open.spotify.com/track/7y5C9pM3gt7WNoiSzFHcGN;2422438
20260118_120000;Bazinga;SB19;2021;Pagsibol;;https://open.spotify.com/track/5QZw4F3N3PvuKNKHm9L20b;31565609
20260118_120000;Blessed;PABLO;2024;LAON;;https://open.spotify.com/track/4hdPboEAxOZjaaHML4q62u;4001758
20260118_120000;Breathe (Outro);PABLO;2024;ALON;;https://open.spotify.com/track/2lKyuf60Q5qSwTF0dl7qM6;1881033
20260118_120000;Bulan;FELIP;2022;Single;;https://open.spotify.com/track/2qYmu6Obx3NW1VeNOiCFMK;6651342
20260118_120000;Burn The Flame;SB19;2025;Single (Honor of Kings);Honor of Kings;https://open.spotify.com/track/3mvN8n8mg7X41CbGvc7xYU;2776540
20260118_120000;Burn The Flame (Instrumental);SB19;2025;Single (Honor of Kings);Honor of Kings;https://open.spotify.com/track/1MLMEY4ahXUjTcmi01s4jA;132388
20260118_120000;Burn The Flame (Karaoke Version);SB19;2025;Single (Honor of Kings);Honor of Kings;https://open.spotify.com/track/38UTDIDP582bP8ZAU20bsT;183889
20260118_120000;Burn The Flame (Taglish Version);SB19;2025;Single (Honor of Kings);Honor of Kings;https://open.spotify.com/track/0aKGIF1iGjV6D6vXYDJgyy;775525
20260118_120000;Butata;PABLO;2024;LAON;;https://open.spotify.com/track/68hXl4L5vCusj8U2QlC73D;6587001
20260118_120000;CRIMINAL;FELIP;2023;COM•PLEX;;https://open.spotify.com/track/4YPz66cDppOl9KVUOCpBV5;6624018
20260118_120000;Christmas Party (SB19 Version);SB19;2022;Single (Cover);;https://open.spotify.com/track/387ZTKanhRfPXazSyzTWUj;4430860
20260118_120000;Classic;Stell;2024;Room EP;;https://open.spotify.com/track/15bdfvbGida1Z8OVZ0YvSQ;6425251
20260118_120000;Crimzone;SB19;2023;Pagtatag!;;https://open.spotify.com/track/5GcS9zT4iIL7l0JrqZeG6O;25137449
20260118_120000;DAM;SB19;2025;Simula at Wakas;;https://open.spotify.com/track/1NNsL6tYk06TqTea3mKB9P;59606692
20260118_120000;DAM (Extended Ver.);SB19;2025;Simula at Wakas;;https://open.spotify.com/track/0pjhHUx21NsPuSCH0H3lW6;18560075
20260118_120000;DAM - From THE FIRST TAKE;SB19;2025;THE FIRST TAKE;;https://open.spotify.com/track/14WOLW4oTwD7Mh9eb0hLDs;1878581
20260118_120000;DETERMINADO;PABLO;2024;Single;Josue;https://open.spotify.com/track/0hQJzMEbXg8ssQwgMbJUbw;6282505
20260118_120000;DRINKSMOKE;FELIP;2023;COM•PLEX;;https://open.spotify.com/track/29UIvWBrkjWtVuSEyexLt1;5235571
20260118_120000;Dobleng GV sa FunPasko (Noon; Ngayon; Palagi);SB19;2021;Promotional (TM);The Juans;https://open.spotify.com/track/5hVNG3wLy8rSSCqShicG4I;670358
20260118_120000;Don't Care;PABLO;2024;LAON;;https://open.spotify.com/track/06YsrZvTJmdPNXY5La1jFK;2755873
20260118_120000;Drowning in the Water;PABLO;2024;ALON;;https://open.spotify.com/track/6065mStxNxs8sCy3yCrg8H;5563399
20260118_120000;Dungka!;SB19;2025;Simula at Wakas;;https://open.spotify.com/track/7mqsPvhSR1CtY6PkTf1YVy;27131955
20260118_120000;FLYYY;FELIP;2024;Single;PLAYERTWO;https://open.spotify.com/track/0PWBx43woMnsyUC72NC1Gl;3492465
20260118_120000;Fake Faces;FELIP;2024;Single;;https://open.spotify.com/track/4ntKnZnztFdovszJpIoeVO;8721250
20260118_120000;Freedom;SB19;2023;Pagtatag!;;https://open.spotify.com/track/2CuYpdcx2f9XbMZhc3ST8E;16265016
20260118_120000;G Pa Rin Ang Pasko;SB19;2021;Promotional (GCash);GCash;https://open.spotify.com/track/0JYEUl8iJovowKP7Xi6mSM;796732
20260118_120000;GENTO - From THE FIRST TAKE;SB19;2023;THE FIRST TAKE;;https://open.spotify.com/track/2h7syqD1QScej4PqMxJfp2;6933607
20260118_120000;Gento;SB19;2023;Pagtatag!;;https://open.spotify.com/track/1o6uF8VmXna99ysHTcQRI2;75359060
20260118_120000;Go Up;SB19;2019;Get in the Zone;;https://open.spotify.com/track/2sGj6gqCUqnT4Y0IZ0oMlY;23472894
20260118_120000;Hanggang Sa Huli;SB19;2020;Get in the Zone;;https://open.spotify.com/track/2WUhR1SraSy0SVIQKohJb6;32068516
20260118_120000;Hanggang Sa Huli (Instrumental);SB19;2020;Get in the Zone;;https://open.spotify.com/track/6JZkWjVjOQAUPzNfGr4Dp0;2307530
20260118_120000;Honest;JOSH CULLEN;2024;Lost & Found;;https://open.spotify.com/track/1Rl5KDAu4wrUsQZZtD2hiy;2614269
20260118_120000;I Want You;SB19;2023;Pagtatag!;;https://open.spotify.com/track/16GGH8OF6LiSUTTbm8421f;31321801
20260118_120000;ID;FELIP;2025;Featured;SKY-HI; RYOKI; RYUKI; JIMMY;https://open.spotify.com/track/2cXkFKFgEW5Myc0yNy6CqL;2377265
20260118_120000;Ikako;SB19;2020;Pagsibol;;https://open.spotify.com/track/5qHUmt5jIvDaOzMXiX533o;14602853
20260118_120000;Ilaw;SB19;2023;Pagtatag!;;https://open.spotify.com/track/4zoqT3f80GyytJvnhVHgEl;19529731
20260118_120000;KALAKAL;SB19;2024;Single;Gloc-9;https://open.spotify.com/track/1cFGU7MQu0mHS5uVyD1STP;21530305
20260118_120000;KAWASAKI;FELIP;2025;Featured;ONE OR EIGHT; thủy;https://open.spotify.com/track/37ifPBg9M2NzlRNHe9WUIy;1629002
20260118_120000;Kabataang Pinoy;SB19;2022;Single;BINI;https://open.spotify.com/track/6aXWWGw7sQJLx82jZndSQZ;9066679
20260118_120000;Kaibigan;justin;2024;Single;;https://open.spotify.com/track/3rwioq6hSNjwynK8rVPCma;8700565
20260118_120000;Kanako;FELIP;2023;Single;;https://open.spotify.com/track/76hOMoRACZOQq5CfqSNU9i;9678748
20260118_120000;Kapangyarihan;SB19;2021;Featured;Ben&Ben;https://open.spotify.com/track/6FFtbC1K2aNeCS376paoHN;22868887
20260118_120000;Kelan;PABLO;2024;ALON;Josue;https://open.spotify.com/track/39aItIaR9sIBz3EP8RXuhs;2411340
20260118_120000;Kumunoy;PABLO;2024;ALON;;https://open.spotify.com/track/6WkQrra0cZQAo42aMxdT2X;3896350
20260118_120000;LIHAM;SB19;2023;Pagtatag!;;https://open.spotify.com/track/5MQ1nQ0MZMRO4yPQWdCeEb;19925314
20260118_120000;La Luna;PABLO;2022;Single;;https://open.spotify.com/track/2UH7vzHodDdXtNyPEeHkb7;17388324
20260118_120000;La Luna;PABLO;2024;ALON;;https://open.spotify.com/track/01NEcBpMXPQNxONQnObJJ3;17388324
20260118_120000;Ligaya;SB19;2021;Single (Christmas);;https://open.spotify.com/track/2lwaPRPgP9EaaMsbzVaZ3O;9646526
20260118_120000;Lights Out;JOSH CULLEN;2024;Lost & Found;Mo Mitchell;https://open.spotify.com/track/2TQQX4gYeQmobxNEXwtrZ3;1925396
20260118_120000;Live It Up;SB19;2021;Promotional (Acer);Acer Philippines;https://open.spotify.com/track/42D9L3kTskZ5anDWGBhtEk;3905116
20260118_120000;Liwanag sa Dilim (from Incognito);PABLO;2025;Single (OST);;https://open.spotify.com/track/3Ynpt5qseTmDdl9bN21FNJ;6252766
20260118_120000;Love Goes;SB19;2020;Get in the Zone;;https://open.spotify.com/track/5p70OUKixtLRpnK5uSdqro;11050606
20260118_120000;Love Goes (EDM Version);SB19;2020;Get in the Zone;;https://open.spotify.com/track/0LAh3hfeuUekvLm3Nq6MmA;7081256
20260118_120000;Love Yours;SB19;2021;Featured;Ohwon Lee;https://open.spotify.com/track/62iq4hiMI4CxLek4nYI14R;5471252
20260118_120000;Love Yours (DIOR & RealBros Remix);SB19;2022;Featured;Ohwon Lee;https://open.spotify.com/track/3qw9D8YC0sezDriUMx5lRG;858806
20260118_120000;MAPA;SB19;2021;Pagsibol;;https://open.spotify.com/track/6Fz2TpxUD0YvAPsuG8nDMJ;85514497
20260118_120000;MAPA (Band Version);SB19;2021;Single;Ben&Ben;https://open.spotify.com/track/0QQoU68nnBRWJqr9ak3mnS;27809252
20260118_120000;MAPA (Indonesian Version);SB19;2025;Single;Aruma;https://open.spotify.com/track/23FJNFAeNLzAuFORNvyBFf;7288680
20260118_120000;MAPA - From THE FIRST TAKE;SB19;2023;THE FIRST TAKE;;https://open.spotify.com/track/4MZbVDIPOYmPkjcVqpPe9v;5101454
20260118_120000;MICTEST;FELIP;2023;COM•PLEX;;https://open.spotify.com/track/5MC8Oxr5FTIQYJ6f7Cg6gR;4200543
20260118_120000;Make It Merry; I-GCash Mo;SB19;2023;Promotional (GCash);GCash;https://open.spotify.com/track/1cTLpJs2LHvA0q5Z6YWzbD;969618
20260118_120000;Make Your Green Mark;SB19;2022;Promotional (Acer);Acer Philippines;https://open.spotify.com/track/0thBJj3R0mM8mLwe2WMJI1;2446194
20260118_120000;Mana;SB19;2021;Pagsibol;;https://open.spotify.com/track/0EtkP3TUHvTeDIgrpgMS8m;20619353
20260118_120000;Merry Munchkins (SB19 Version);SB19;2021;Promotional (Dunkin');Dunkin' Philippines;https://open.spotify.com/track/3r3U5OpESU60BAVT11KuYS;2729117
20260118_120000;Micha!;PABLO;2024;LAON;;https://open.spotify.com/track/7F3NzrsN3zNGcIP2FbUYUo;3405760
20260118_120000;Moonlight;SB19;2024;Single;Ian Asher, Terry Zhong;https://open.spotify.com/track/1xAYG31LamC5qlykRhbWxd;22457562
20260118_120000;Moving Closer;FELIP;2023;Single;;https://open.spotify.com/track/59PCn7ObERln3cPl84CGx6;10260220
20260118_120000;Neumun;PABLO;2024;LAON;;https://open.spotify.com/track/4DF1e91DMTM4oTpW8jgsP2;3627909
20260118_120000;No Control;JOSH CULLEN;2024;Lost & Found;(e)motion engine;https://open.spotify.com/track/0Rg0DIhiShdvZvF7snNZIt;2165212
20260118_120000;No Control (Instrumental);JOSH CULLEN;2024;Lost & Found;;https://open.spotify.com/track/65LG9NubWQtyImpyNXotHo;510090
20260118_120000;No Stopping You;SB19;2021;Single;;https://open.spotify.com/track/3KDOf2p1DrKhiqX78R82sh;8668249
20260118_120000;No Stopping You (Remix);SB19;2021;Single;Jayda;https://open.spotify.com/track/1dPLpa30IWMBqok6sIKDiP;8668249
20260118_120000;Nyebe;SB19;2022;Single;;https://open.spotify.com/track/6aLjE6peuaJQRWRgfjxrRw;17917082
20260118_120000;Pagdali;FELIP;2024;Single;PLAYERTWO;https://open.spotify.com/track/7fMR5ryCo3m38yyj1PCym4;3381827
20260118_120000;Pakiusap Lang;JOSH CULLEN;2023;Single;;https://open.spotify.com/track/6trU06kJgdYaPqRUvz5K9e;5235931
20260118_120000;Palayo;FELIP;2021;Single;;https://open.spotify.com/track/3FvYLNM5ShB5vDCzGw8syX;12279214
20260118_120000;Palayo;justin;2024;Single;;https://open.spotify.com/track/0WoGaGmUip0OPQ662Drdlj;1533948
20260118_120000;Presyon;PABLO;2024;ALON;;https://open.spotify.com/track/7cErqp4Jg64PcqAE0uYeZP;2619809
20260118_120000;Push Ang Pusuan;SB19;2021;Promotional (TM);The Juans, Matthaios;https://open.spotify.com/track/2hUZkOBSRlp6uB9hXvYgPi;3437679
20260118_120000;Puyat;PABLO;2024;LAON;;https://open.spotify.com/track/5EiD5Pk0Wv6dkHS1ZpNvzE;3150752
20260118_120000;Quit;SB19;2025;Simula at Wakas;;https://open.spotify.com/track/7oIQWmbKShhEt2yTSBxNpu;16554192
20260118_120000;ROCKSTA;FELIP;2023;COM•PLEX;;https://open.spotify.com/track/5UhtleGyBZJCvG8cstjLkr;6371901
20260118_120000;Re: Thinkin' About You;JOSH CULLEN;2024;Featured;H1-KEY;https://open.spotify.com/track/2R1CjdVdXz7frvQRwCdQa6;4205361
20260118_120000;Ready;SB19;2024;Single;apl.de.ap;https://open.spotify.com/track/4JZocgyzKHdRF0iSOcodJn;9615096
20260118_120000;Ready; Set; G!;SB19;2022;Promotional (GCash);GCash; GCash Jr.;https://open.spotify.com/track/3RFGJAl8B1MiW4Ti6qvGeq;1134886
20260118_120000;Reset;SB19;2023;Promotional (Acer);Sandara Park;https://open.spotify.com/track/6a7itY9YQTkmb8oMwwmhRp;3153173
20260118_120000;Room;Stell;2024;Room EP;;https://open.spotify.com/track/1PLKN0HC7m5drBHg0jarZE;11829696
20260118_120000;Room (Stripped);Stell;2024;Room EP;;https://open.spotify.com/track/6fwpkEZRQZ8Kr5Ws4q0Kyn;4681734
20260118_120000;SLMT;SB19;2021;Pagsibol;;https://open.spotify.com/track/0AbJoAxuqYgMrmXvtFOc0K;17330921
20260118_120000;STRAYDOGS;FELIP;2023;COM•PLEX;;https://open.spotify.com/track/03aFaNBeCXmFl194HuyWKe;5557241
20260118_120000;SUPERIORITY;FELIP;2023;COM•PLEX;;https://open.spotify.com/track/3Tzmy7ExNOlP0tdDr9sjUT;3668239
20260118_120000;Sampung Mga Daliri;justin;2025;Single;dwta;https://open.spotify.com/track/2MHg2BVPaTgiCUDWp2jZqf;7460345
20260118_120000;See Me;JOSH CULLEN;2024;Lost & Found;;https://open.spotify.com/track/5jH6p468HtmNHdJiubGQ6t;2876827
20260118_120000;Shooting for the Stars;SB19;2025;Simula at Wakas;;https://open.spotify.com/track/6q3qzeZgWgoFrV6DmaZr1R;14487751
20260118_120000;Silangan;justin;2024;Single;;https://open.spotify.com/track/4nnhn2O5oQmPC2HedN5W4b;692172
20260118_120000;Silent Cries;JOSH CULLEN;2024;Lost & Found;;https://open.spotify.com/track/1x0Y2jS5oJW4Q3aU9jZBER;3791188
20260118_120000;Silent Cries (Instrumental);JOSH CULLEN;2024;Lost & Found;;https://open.spotify.com/track/5FQodaxJAZTUPjdpbDT9pa;523080
20260118_120000;Sumaya;JOSH CULLEN;2024;Lost & Found;;https://open.spotify.com/track/2qKu8tPpilCBJqxzGWcOaC;5265247
20260118_120000;Sunday Morning;justin;2024;Single (Cover);;https://open.spotify.com/track/3sp427zYHOXL3LPCYgwuRv;5369747
20260118_120000;Surreal;justin;2024;Single;;https://open.spotify.com/track/5TT4xi1HEPTkVTO59jY3tz;14828012
20260118_120000;TM Doble Dekada (Samahang Pina-Easy);SB19;2021;Promotional (TM);The Juans, Donnalyn, Matthaios;https://open.spotify.com/track/5pSDEveqgXTvPU102hAIY1;2826786
20260118_120000;Tahanan;SB19;2025;Promotional (Acer);Acer Philippines;https://open.spotify.com/track/6XOT8LCjly8StKCooz6pp1;1475217
20260118_120000;Takbuhan;JOSH CULLEN;2024;Featured;Kael Guerrero;https://open.spotify.com/track/3RCVzaTWA7h1SR0nWQtIk1;899375
20260118_120000;Tambol (Ibang Planeta);PABLO;2024;LAON;;https://open.spotify.com/track/753jWXJVBxK6cuYDUVbeux;2477789
20260118_120000;Team Tayo;SB19;2023;Promotional (TM);The Juans;https://open.spotify.com/track/3aKVPphQZ3kjwY7Tn1TUhP;1053167
20260118_120000;The Boy Who Cried Wolf;PABLO;2024;ALON;;https://open.spotify.com/track/3dNKnbTBjliNTwCeLqlMG3;4841163
20260118_120000;The One;SB19;2022;Promotional (Dunkin');Dunkin';https://open.spotify.com/track/5SZPGItm64sVZ8KVYmoV4N;8819967
20260118_120000;Tilaluha;SB19;2018;Get in the Zone;;https://open.spotify.com/track/0fPJsVtCOXqjHxKS9kc13s;23486870
20260118_120000;Tilaluha (Instrumental);SB19;2020;Get in the Zone;;https://open.spotify.com/track/5lMxdErNKHh797tOT3mBvk;2199204
20260118_120000;Time;SB19;2025;Simula at Wakas;;https://open.spotify.com/track/1OvE4CwaIZJ89Eq0qXGCEF;21447784
20260118_120000;Time - From THE FIRST TAKE;SB19;2025;THE FIRST TAKE;;https://open.spotify.com/track/1ctnGFHyklJbmHLyaDYtyg;1958908
20260118_120000;Umaaligid;SB19;2025;Single;Sarah Geronimo;https://open.spotify.com/track/5XYYmsZJG5qIBAniny4bHe;12780494
20260118_120000;Umaaligid (Extended Ver.);SB19;2025;Single;Sarah Geronimo;https://open.spotify.com/track/1XFHLGwXrlL0FpJgRcFYTI;2674385
20260118_120000;WILD TONIGHT;JOSH CULLEN;2023;Single;;https://open.spotify.com/track/4yBwaJUom5dOYp54wU6hA2;9663916
20260118_120000;WYAT (Where You At);SB19;2022;Single;;https://open.spotify.com/track/1z50Hub2XCsAPWo8zgoePu;24903349
20260118_120000;Wala;PABLO;2024;ALON;;https://open.spotify.com/track/5gLNDt687YE0Zgad2yaaAD;2853627
20260118_120000;We Wish You A Merry GCash;SB19;2023;Promotional (GCash);GCash;https://open.spotify.com/track/7H2N6amk6lmn9oahy3qxQl;1316117
20260118_120000;What?;SB19;2021;Pagsibol;;https://open.spotify.com/track/1evZendZnEe8a8eXjd1Bcn;25528884
20260118_120000;What? - Extended Version;SB19;2021;Pagsibol;;https://open.spotify.com/track/7jn2llkeDI9IRROCYNa7sL;6243596
20260118_120000;Win Your Heart;SB19;2022;Single;;https://open.spotify.com/track/0DnNMu0v71ICscsyuQgmu3;10979876
20260118_120000;ache;FELIP;2024;7sins;;https://open.spotify.com/track/3G3ZYOLBcjbIv0GDlIoZeh;4466849
20260118_120000;edsa;PABLO;2024;Single;;https://open.spotify.com/track/64p2tRd4zsBsJUucEnfWrX;7790807
20260118_120000;envy;FELIP;2024;7sins;;https://open.spotify.com/track/6uJggzzrSE5tK9CRTZejgm;3390422
20260118_120000;foes;FELIP;2024;7sins;;https://open.spotify.com/track/5IyWs6bAMeT9vPUiUVgSdd;2369836
20260118_120000;gluttony;FELIP;2024;7sins;PLAYERTWO;https://open.spotify.com/track/216LlnUj3GfZ0yE2hXZxm0;1704671
20260118_120000;golden hour (SB19 Remix);SB19;2023;Single;JVKE;https://open.spotify.com/track/4cGKycusCcECMX79k4NQwS;20824487
20260118_120000;greed;FELIP;2024;7sins;;https://open.spotify.com/track/3foNAstTb7fdbbfFnKwn28;3283003
20260118_120000;lust;FELIP;2024;7sins;Cyra Gwynth;https://open.spotify.com/track/70kZ4pCeZ0WIanftduEDov;3463673
20260118_120000;pride;FELIP;2024;7sins;;https://open.spotify.com/track/1jZET8rPE5RWZZrkCM2toY;1904246
20260118_120000;sloth;FELIP;2024;7sins;;https://open.spotify.com/track/6PJLoGD9KpyMSx8j7vVWHq;2525272
20260118_120000;wrath;FELIP;2024;7sins;;https://open.spotify.com/track/12VANuhDUHnXRtRG6YP72a;2008475
20260119_112431;'Di Ko Masabi;Stell;2024;Room EP;;https://open.spotify.com/track/3JEE0hhTI6u9CEZCZWalKe;7519171
20260119_112431;'Wag Mong Ikunot Ang Iyong Noo;SB19;2020;Get in the Zone;;https://open.spotify.com/track/5sJxhdzehdLq9iPzNnTR71;9374642
20260119_112431;1999;JOSH CULLEN;2024;Lost & Found;;https://open.spotify.com/track/0PMfgKba5PLGETb02cDcMg;6151952
20260119_112431;8TonBall;SB19;2025;Simula at Wakas;;https://open.spotify.com/track/7AqrfyOdFWPnjQrgzWzcUz;15519949
20260119_112431;AKALA;PABLO;2024;Single;Josue;https://open.spotify.com/track/5w4CLRxwroocAzFiJ568oY;5348249
20260119_112431;Ace Your World;SB19;2023;Promotional (Acer);Acer Philippines, Sarah Geronimo;https://open.spotify.com/track/3lgJ5YAfc6wxVB9xpUDyH9;3069260
20260119_112431;Alab (Burning);SB19;2019;Get in the Zone;;https://open.spotify.com/track/053ZzdU3Rya4NMxiWMPqnq;22455724
20260119_112431;Anino;Stell;2024;Room EP;;https://open.spotify.com/track/5tMJZOyBv8t49i9elHuQZF;6955346
20260119_112431;Ating Pasko;SB19;2024;Promotional;G22;https://open.spotify.com/track/7y5C9pM3gt7WNoiSzFHcGN;2422847
20260119_112431;Bazinga;SB19;2021;Pagsibol;;https://open.spotify.com/track/5QZw4F3N3PvuKNKHm9L20b;31583695
20260119_112431;Blessed;PABLO;2024;LAON;;https://open.spotify.com/track/4hdPboEAxOZjaaHML4q62u;4001758
20260119_112431;Breathe (Outro);PABLO;2024;ALON;;https://open.spotify.com/track/2lKyuf60Q5qSwTF0dl7qM6;1882352
20260119_112431;Bulan;FELIP;2022;Single;;https://open.spotify.com/track/2qYmu6Obx3NW1VeNOiCFMK;6653880
20260119_112431;Burn The Flame;SB19;2025;Single (Honor of Kings);Honor of Kings;https://open.spotify.com/track/3mvN8n8mg7X41CbGvc7xYU;2796702
20260119_112431;Burn The Flame (Instrumental);SB19;2025;Single (Honor of Kings);Honor of Kings;https://open.spotify.com/track/1MLMEY4ahXUjTcmi01s4jA;132998
20260119_112431;Burn The Flame (Karaoke Version);SB19;2025;Single (Honor of Kings);Honor of Kings;https://open.spotify.com/track/38UTDIDP582bP8ZAU20bsT;185410
20260119_112431;Burn The Flame (Taglish Version);SB19;2025;Single (Honor of Kings);Honor of Kings;https://open.spotify.com/track/0aKGIF1iGjV6D6vXYDJgyy;779257
20260119_112431;Butata;PABLO;2024;LAON;;https://open.spotify.com/track/68hXl4L5vCusj8U2QlC73D;6593060
20260119_112431;CRIMINAL;FELIP;2023;COM•PLEX;;https://open.spotify.com/track/4YPz66cDppOl9KVUOCpBV5;6630365
20260119_112431;Christmas Party (SB19 Version);SB19;2022;Single (Cover);;https://open.spotify.com/track/387ZTKanhRfPXazSyzTWUj;4432764
20260119_112431;Classic;Stell;2024;Room EP;;https://open.spotify.com/track/15bdfvbGida1Z8OVZ0YvSQ;6433574
20260119_112431;Crimzone;SB19;2023;Pagtatag!;;https://open.spotify.com/track/5GcS9zT4iIL7l0JrqZeG6O;25157773
20260119_112431;DAM;SB19;2025;Simula at Wakas;;https://open.spotify.com/track/1NNsL6tYk06TqTea3mKB9P;59695684
20260119_112431;DAM (Extended Ver.);SB19;2025;Simula at Wakas;;https://open.spotify.com/track/0pjhHUx21NsPuSCH0H3lW6;18581417
20260119_112431;DAM - From THE FIRST TAKE;SB19;2025;THE FIRST TAKE;;https://open.spotify.com/track/14WOLW4oTwD7Mh9eb0hLDs;1897168
20260119_112431;DETERMINADO;PABLO;2024;Single;Josue;https://open.spotify.com/track/0hQJzMEbXg8ssQwgMbJUbw;6286539
20260119_112431;DRINKSMOKE;FELIP;2023;COM•PLEX;;https://open.spotify.com/track/29UIvWBrkjWtVuSEyexLt1;5235571
20260119_112431;Dobleng GV sa FunPasko (Noon; Ngayon; Palagi);SB19;2021;Promotional (TM);The Juans;https://open.spotify.com/track/5hVNG3wLy8rSSCqShicG4I;670580
20260119_112431;Don't Care;PABLO;2024;LAON;;https://open.spotify.com/track/06YsrZvTJmdPNXY5La1jFK;2758661
20260119_112431;Drowning in the Water;PABLO;2024;ALON;;https://open.spotify.com/track/6065mStxNxs8sCy3yCrg8H;5563399
20260119_112431;Dungka!;SB19;2025;Simula at Wakas;;https://open.spotify.com/track/7mqsPvhSR1CtY6PkTf1YVy;27186580
20260119_112431;FLYYY;FELIP;2024;Single;PLAYERTWO;https://open.spotify.com/track/0PWBx43woMnsyUC72NC1Gl;3492465
20260119_112431;Fake Faces;FELIP;2024;Single;;https://open.spotify.com/track/4ntKnZnztFdovszJpIoeVO;8726582
20260119_112431;Freedom;SB19;2023;Pagtatag!;;https://open.spotify.com/track/2CuYpdcx2f9XbMZhc3ST8E;16279412
20260119_112431;G Pa Rin Ang Pasko;SB19;2021;Promotional (GCash);GCash;https://open.spotify.com/track/0JYEUl8iJovowKP7Xi6mSM;796732
20260119_112431;GENTO - From THE FIRST TAKE;SB19;2023;THE FIRST TAKE;;https://open.spotify.com/track/2h7syqD1QScej4PqMxJfp2;6942522
20260119_112431;Gento;SB19;2023;Pagtatag!;;https://open.spotify.com/track/1o6uF8VmXna99ysHTcQRI2;75359060
20260119_112431;Go Up;SB19;2019;Get in the Zone;;https://open.spotify.com/track/2sGj6gqCUqnT4Y0IZ0oMlY;23472894
20260119_112431;Hanggang Sa Huli;SB19;2020;Get in the Zone;;https://open.spotify.com/track/2WUhR1SraSy0SVIQKohJb6;32084909
20260119_112431;Hanggang Sa Huli (Instrumental);SB19;2020;Get in the Zone;;https://open.spotify.com/track/6JZkWjVjOQAUPzNfGr4Dp0;2308744
20260119_112431;Honest;JOSH CULLEN;2024;Lost & Found;;https://open.spotify.com/track/1Rl5KDAu4wrUsQZZtD2hiy;2614269
20260119_112431;I Want You;SB19;2023;Pagtatag!;;https://open.spotify.com/track/16GGH8OF6LiSUTTbm8421f;31342361
20260119_112431;ID;FELIP;2025;Featured;SKY-HI; RYOKI; RYUKI; JIMMY;https://open.spotify.com/track/2cXkFKFgEW5Myc0yNy6CqL;2379854
20260119_112431;Ikako;SB19;2020;Pagsibol;;https://open.spotify.com/track/5qHUmt5jIvDaOzMXiX533o;14615251
20260119_112431;Ilaw;SB19;2023;Pagtatag!;;https://open.spotify.com/track/4zoqT3f80GyytJvnhVHgEl;19546260
20260119_112431;KALAKAL;SB19;2024;Single;Gloc-9;https://open.spotify.com/track/1cFGU7MQu0mHS5uVyD1STP;21546696
20260119_112431;KAWASAKI;FELIP;2025;Featured;ONE OR EIGHT; thủy;https://open.spotify.com/track/37ifPBg9M2NzlRNHe9WUIy;1630500
20260119_112431;Kabataang Pinoy;SB19;2022;Single;BINI;https://open.spotify.com/track/6aXWWGw7sQJLx82jZndSQZ;9069360
20260119_112431;Kaibigan;justin;2024;Single;;https://open.spotify.com/track/3rwioq6hSNjwynK8rVPCma;8708409
20260119_112431;Kanako;FELIP;2023;Single;;https://open.spotify.com/track/76hOMoRACZOQq5CfqSNU9i;9686511
20260119_112431;Kapangyarihan;SB19;2021;Featured;Ben&Ben;https://open.spotify.com/track/6FFtbC1K2aNeCS376paoHN;22890583
20260119_112431;Kelan;PABLO;2024;ALON;Josue;https://open.spotify.com/track/39aItIaR9sIBz3EP8RXuhs;2411340
20260119_112431;Kumunoy;PABLO;2024;ALON;;https://open.spotify.com/track/6WkQrra0cZQAo42aMxdT2X;3896350
20260119_112431;LIHAM;SB19;2023;Pagtatag!;;https://open.spotify.com/track/5MQ1nQ0MZMRO4yPQWdCeEb;19942007
20260119_112431;La Luna;PABLO;2022;Single;;https://open.spotify.com/track/2UH7vzHodDdXtNyPEeHkb7;17391725
20260119_112431;La Luna;PABLO;2024;ALON;;https://open.spotify.com/track/01NEcBpMXPQNxONQnObJJ3;17388324
20260119_112431;Ligaya;SB19;2021;Single (Christmas);;https://open.spotify.com/track/2lwaPRPgP9EaaMsbzVaZ3O;9651328
20260119_112431;Lights Out;JOSH CULLEN;2024;Lost & Found;Mo Mitchell;https://open.spotify.com/track/2TQQX4gYeQmobxNEXwtrZ3;1925396
20260119_112431;Live It Up;SB19;2021;Promotional (Acer);Acer Philippines;https://open.spotify.com/track/42D9L3kTskZ5anDWGBhtEk;3906952
20260119_112431;Liwanag sa Dilim (from Incognito);PABLO;2025;Single (OST);;https://open.spotify.com/track/3Ynpt5qseTmDdl9bN21FNJ;6261057
20260119_112431;Love Goes;SB19;2020;Get in the Zone;;https://open.spotify.com/track/5p70OUKixtLRpnK5uSdqro;11058504
20260119_112431;Love Goes (EDM Version);SB19;2020;Get in the Zone;;https://open.spotify.com/track/0LAh3hfeuUekvLm3Nq6MmA;7085895
20260119_112431;Love Yours;SB19;2021;Featured;Ohwon Lee;https://open.spotify.com/track/62iq4hiMI4CxLek4nYI14R;5475090
20260119_112431;Love Yours (DIOR & RealBros Remix);SB19;2022;Featured;Ohwon Lee;https://open.spotify.com/track/3qw9D8YC0sezDriUMx5lRG;859165
20260119_112431;MAPA;SB19;2021;Pagsibol;;https://open.spotify.com/track/6Fz2TpxUD0YvAPsuG8nDMJ;85558197
20260119_112431;MAPA (Band Version);SB19;2021;Single;Ben&Ben;https://open.spotify.com/track/0QQoU68nnBRWJqr9ak3mnS;27816568
20260119_112431;MAPA (Indonesian Version);SB19;2025;Single;Aruma;https://open.spotify.com/track/23FJNFAeNLzAuFORNvyBFf;7297666
20260119_112431;MAPA - From THE FIRST TAKE;SB19;2023;THE FIRST TAKE;;https://open.spotify.com/track/4MZbVDIPOYmPkjcVqpPe9v;5108206
20260119_112431;MICTEST;FELIP;2023;COM•PLEX;;https://open.spotify.com/track/5MC8Oxr5FTIQYJ6f7Cg6gR;4200543
20260119_112431;Make It Merry; I-GCash Mo;SB19;2023;Promotional (GCash);GCash;https://open.spotify.com/track/1cTLpJs2LHvA0q5Z6YWzbD;973739
20260119_112431;Make Your Green Mark;SB19;2022;Promotional (Acer);Acer Philippines;https://open.spotify.com/track/0thBJj3R0mM8mLwe2WMJI1;2446894
20260119_112431;Mana;SB19;2021;Pagsibol;;https://open.spotify.com/track/0EtkP3TUHvTeDIgrpgMS8m;20633316
20260119_112431;Merry Munchkins (SB19 Version);SB19;2021;Promotional (Dunkin');Dunkin' Philippines;https://open.spotify.com/track/3r3U5OpESU60BAVT11KuYS;2729657
20260119_112431;Micha!;PABLO;2024;LAON;;https://open.spotify.com/track/7F3NzrsN3zNGcIP2FbUYUo;3410737
20260119_112431;Moonlight;SB19;2024;Single;Ian Asher, Terry Zhong;https://open.spotify.com/track/1xAYG31LamC5qlykRhbWxd;22469958
20260119_112431;Moving Closer;FELIP;2023;Single;;https://open.spotify.com/track/59PCn7ObERln3cPl84CGx6;10264664
20260119_112431;Neumun;PABLO;2024;LAON;;https://open.spotify.com/track/4DF1e91DMTM4oTpW8jgsP2;3631597
20260119_112431;No Control;JOSH CULLEN;2024;Lost & Found;(e)motion engine;https://open.spotify.com/track/0Rg0DIhiShdvZvF7snNZIt;2167907
20260119_112431;No Control (Instrumental);JOSH CULLEN;2024;Lost & Found;;https://open.spotify.com/track/65LG9NubWQtyImpyNXotHo;510584
20260119_112431;No Stopping You;SB19;2021;Single;;https://open.spotify.com/track/3KDOf2p1DrKhiqX78R82sh;8675484
20260119_112431;No Stopping You (Remix);SB19;2021;Single;Jayda;https://open.spotify.com/track/1dPLpa30IWMBqok6sIKDiP;8668249
20260119_112431;Nyebe;SB19;2022;Single;;https://open.spotify.com/track/6aLjE6peuaJQRWRgfjxrRw;17933487
20260119_112431;Pagdali;FELIP;2024;Single;PLAYERTWO;https://open.spotify.com/track/7fMR5ryCo3m38yyj1PCym4;3383543
20260119_112431;Pakiusap Lang;JOSH CULLEN;2023;Single;;https://open.spotify.com/track/6trU06kJgdYaPqRUvz5K9e;5237551
20260119_112431;Palayo;FELIP;2021;Single;;https://open.spotify.com/track/3FvYLNM5ShB5vDCzGw8syX;12282895
20260119_112431;Palayo;justin;2024;Single;;https://open.spotify.com/track/0WoGaGmUip0OPQ662Drdlj;1537229
20260119_112431;Presyon;PABLO;2024;ALON;;https://open.spotify.com/track/7cErqp4Jg64PcqAE0uYeZP;2622203
20260119_112431;Push Ang Pusuan;SB19;2021;Promotional (TM);The Juans, Matthaios;https://open.spotify.com/track/2hUZkOBSRlp6uB9hXvYgPi;3437679
20260119_112431;Puyat;PABLO;2024;LAON;;https://open.spotify.com/track/5EiD5Pk0Wv6dkHS1ZpNvzE;3183954
20260119_112431;Quit;SB19;2025;Simula at Wakas;;https://open.spotify.com/track/7oIQWmbKShhEt2yTSBxNpu;16593447
20260119_112431;ROCKSTA;FELIP;2023;COM•PLEX;;https://open.spotify.com/track/5UhtleGyBZJCvG8cstjLkr;6373603
20260119_112431;Re: Thinkin' About You;JOSH CULLEN;2024;Featured;H1-KEY;https://open.spotify.com/track/2R1CjdVdXz7frvQRwCdQa6;4208822
20260119_112431;Ready;SB19;2024;Single;apl.de.ap;https://open.spotify.com/track/4JZocgyzKHdRF0iSOcodJn;9621890
20260119_112431;Ready; Set; G!;SB19;2022;Promotional (GCash);GCash; GCash Jr.;https://open.spotify.com/track/3RFGJAl8B1MiW4Ti6qvGeq;1134886
20260119_112431;Reset;SB19;2023;Promotional (Acer);Sandara Park;https://open.spotify.com/track/6a7itY9YQTkmb8oMwwmhRp;3154587
20260119_112431;Room;Stell;2024;Room EP;;https://open.spotify.com/track/1PLKN0HC7m5drBHg0jarZE;11840251
20260119_112431;Room (Stripped);Stell;2024;Room EP;;https://open.spotify.com/track/6fwpkEZRQZ8Kr5Ws4q0Kyn;4686492
20260119_112431;SLMT;SB19;2021;Pagsibol;;https://open.spotify.com/track/0AbJoAxuqYgMrmXvtFOc0K;17342998
20260119_112431;STRAYDOGS;FELIP;2023;COM•PLEX;;https://open.spotify.com/track/03aFaNBeCXmFl194HuyWKe;5558866
20260119_112431;SUPERIORITY;FELIP;2023;COM•PLEX;;https://open.spotify.com/track/3Tzmy7ExNOlP0tdDr9sjUT;3669617
20260119_112431;Sampung Mga Daliri;justin;2025;Single;dwta;https://open.spotify.com/track/2MHg2BVPaTgiCUDWp2jZqf;7467509
20260119_112431;See Me;JOSH CULLEN;2024;Lost & Found;;https://open.spotify.com/track/5jH6p468HtmNHdJiubGQ6t;2876827
20260119_112431;Shooting for the Stars;SB19;2025;Simula at Wakas;;https://open.spotify.com/track/6q3qzeZgWgoFrV6DmaZr1R;14487751
20260119_112431;Silangan;justin;2024;Single;;https://open.spotify.com/track/4nnhn2O5oQmPC2HedN5W4b;694302
20260119_112431;Silent Cries;JOSH CULLEN;2024;Lost & Found;;https://open.spotify.com/track/1x0Y2jS5oJW4Q3aU9jZBER;3794327
20260119_112431;Silent Cries (Instrumental);JOSH CULLEN;2024;Lost & Found;;https://open.spotify.com/track/5FQodaxJAZTUPjdpbDT9pa;523543
20260119_112431;Sumaya;JOSH CULLEN;2024;Lost & Found;;https://open.spotify.com/track/2qKu8tPpilCBJqxzGWcOaC;5268342
20260119_112431;Sunday Morning;justin;2024;Single (Cover);;https://open.spotify.com/track/3sp427zYHOXL3LPCYgwuRv;5373985
20260119_112431;Surreal;justin;2024;Single;;https://open.spotify.com/track/5TT4xi1HEPTkVTO59jY3tz;14838018
20260119_112431;TM Doble Dekada (Samahang Pina-Easy);SB19;2021;Promotional (TM);The Juans, Donnalyn, Matthaios;https://open.spotify.com/track/5pSDEveqgXTvPU102hAIY1;2826786
20260119_112431;Tahanan;SB19;2025;Promotional (Acer);Acer Philippines;https://open.spotify.com/track/6XOT8LCjly8StKCooz6pp1;1495221
20260119_112431;Takbuhan;JOSH CULLEN;2024;Featured;Kael Guerrero;https://open.spotify.com/track/3RCVzaTWA7h1SR0nWQtIk1;900567
20260119_112431;Tambol (Ibang Planeta);PABLO;2024;LAON;;https://open.spotify.com/track/753jWXJVBxK6cuYDUVbeux;2480122
20260119_112431;Team Tayo;SB19;2023;Promotional (TM);The Juans;https://open.spotify.com/track/3aKVPphQZ3kjwY7Tn1TUhP;1053520
20260119_112431;The Boy Who Cried Wolf;PABLO;2024;ALON;;https://open.spotify.com/track/3dNKnbTBjliNTwCeLqlMG3;4845468
20260119_112431;The One;SB19;2022;Promotional (Dunkin');Dunkin';https://open.spotify.com/track/5SZPGItm64sVZ8KVYmoV4N;8826523
20260119_112431;Tilaluha;SB19;2018;Get in the Zone;;https://open.spotify.com/track/0fPJsVtCOXqjHxKS9kc13s;23498774
20260119_112431;Tilaluha (Instrumental);SB19;2020;Get in the Zone;;https://open.spotify.com/track/5lMxdErNKHh797tOT3mBvk;2200115
20260119_112431;Time;SB19;2025;Simula at Wakas;;https://open.spotify.com/track/1OvE4CwaIZJ89Eq0qXGCEF;21494329
20260119_112431;Time - From THE FIRST TAKE;SB19;2025;THE FIRST TAKE;;https://open.spotify.com/track/1ctnGFHyklJbmHLyaDYtyg;1982758
20260119_112431;Umaaligid;SB19;2025;Single;Sarah Geronimo;https://open.spotify.com/track/5XYYmsZJG5qIBAniny4bHe;12804863
20260119_112431;Umaaligid (Extended Ver.);SB19;2025;Single;Sarah Geronimo;https://open.spotify.com/track/1XFHLGwXrlL0FpJgRcFYTI;2678503
20260119_112431;WILD TONIGHT;JOSH CULLEN;2023;Single;;https://open.spotify.com/track/4yBwaJUom5dOYp54wU6hA2;9668030
20260119_112431;WYAT (Where You At);SB19;2022;Single;;https://open.spotify.com/track/1z50Hub2XCsAPWo8zgoePu;24915299
20260119_112431;Wala;PABLO;2024;ALON;;https://open.spotify.com/track/5gLNDt687YE0Zgad2yaaAD;2855775
20260119_112431;We Wish You A Merry GCash;SB19;2023;Promotional (GCash);GCash;https://open.spotify.com/track/7H2N6amk6lmn9oahy3qxQl;1316625
20260119_112431;What?;SB19;2021;Pagsibol;;https://open.spotify.com/track/1evZendZnEe8a8eXjd1Bcn;25543477
20260119_112431;What? - Extended Version;SB19;2021;Pagsibol;;https://open.spotify.com/track/7jn2llkeDI9IRROCYNa7sL;6248128
20260119_112431;Win Your Heart;SB19;2022;Single;;https://open.spotify.com/track/0DnNMu0v71ICscsyuQgmu3;10986647
20260119_112431;Yoko Na;JOSH CULLEN;2024;Single;Al James;https://open.spotify.com/track/6SIaYQUPOJpO8XFWeTl5dC;10307343
20260119_112431;ache;FELIP;2024;7sins;;https://open.spotify.com/track/3G3ZYOLBcjbIv0GDlIoZeh;4466849
20260119_112431;edsa;PABLO;2024;Single;;https://open.spotify.com/track/64p2tRd4zsBsJUucEnfWrX;7790807
20260119_112431;envy;FELIP;2024;7sins;;https://open.spotify.com/track/6uJggzzrSE5tK9CRTZejgm;3393274
20260119_112431;foes;FELIP;2024;7sins;;https://open.spotify.com/track/5IyWs6bAMeT9vPUiUVgSdd;2369836
20260119_112431;gluttony;FELIP;2024;7sins;PLAYERTWO;https://open.spotify.com/track/216LlnUj3GfZ0yE2hXZxm0;1706117
20260119_112431;golden hour (SB19 Remix);SB19;2023;Single;JVKE;https://open.spotify.com/track/4cGKycusCcECMX79k4NQwS;20835623
20260119_112431;greed;FELIP;2024;7sins;;https://open.spotify.com/track/3foNAstTb7fdbbfFnKwn28;3286657
20260119_112431;lust;FELIP;2024;7sins;Cyra Gwynth;https://open.spotify.com/track/70kZ4pCeZ0WIanftduEDov;3467473
20260119_112431;pride;FELIP;2024;7sins;;https://open.spotify.com/track/1jZET8rPE5RWZZrkCM2toY;1906109
20260119_112431;sloth;FELIP;2024;7sins;;https://open.spotify.com/track/6PJLoGD9KpyMSx8j7vVWHq;2525272
20260119_112431;wrath;FELIP;2024;7sins;;https://open.spotify.com/track/12VANuhDUHnXRtRG6YP72a;2008475
20260119_144950;La Luna;PABLO;2022;Single;;https://open.spotify.com/track/2UH7vzHodDdXtNyPEeHkb7;17391725;3401;D:\dev\sb19\OCR\pablo_la_luna_2022_screenshot_20260119_145006.png
20260119_144950;La Luna;PABLO;2024;ALON;;https://open.spotify.com/track/01NEcBpMXPQNxONQnObJJ3;17391725;3401;D:\dev\sb19\OCR\pablo_la_luna_2024_screenshot_20260119_145026.png
20260119_151831;Gento;SB19;2023;Pagtatag!;;https://open.spotify.com/track/1o6uF8VmXna99ysHTcQRI2;75402103;43043;D:\dev\sb19\OCR\sb19_gento_2023_screenshot_20260119_151847.png
20260119_152223;'Wag Mong Ikunot Ang Iyong Noo;SB19;2020;Get in the Zone;;https://open.spotify.com/track/5sJxhdzehdLq9iPzNnTR71;9381244;6602;D:\dev\sb19\OCR\sb19_wag_mong_ikunot_ang_iyong_noo_2020_screenshot_20260119_152239.png
20260119_152223;Anino;Stell;2024;Room EP;;https://open.spotify.com/track/5tMJZOyBv8t49i9elHuQZF;6955346;0;D:\dev\sb19\OCR\stell_anino_2024_screenshot_20260119_152351.png
20260119_152223;Blessed;PABLO;2024;LAON;;https://open.spotify.com/track/4hdPboEAxOZjaaHML4q62u;4007173;5415;D:\dev\sb19\OCR\pablo_blessed_2024_screenshot_20260119_152437.png
20260119_152223;DRINKSMOKE;FELIP;2023;COM•PLEX;;https://open.spotify.com/track/29UIvWBrkjWtVuSEyexLt1;5237236;1665;D:\dev\sb19\OCR\felip_drinksmoke_2023_screenshot_20260119_152458.png
20260119_152223;Drowning in the Water;PABLO;2024;ALON;;https://open.spotify.com/track/6065mStxNxs8sCy3yCrg8H;5569642;6243;D:\dev\sb19\OCR\pablo_drowning_in_the_water_2024_screenshot_20260119_152518.png
20260119_152223;FLYYY;FELIP;2024;Single;PLAYERTWO;https://open.spotify.com/track/0PWBx43woMnsyUC72NC1Gl;3494196;1731;D:\dev\sb19\OCR\felip_flyyy_2024_screenshot_20260119_152539.png
20260119_152223;G Pa Rin Ang Pasko;SB19;2021;Promotional (GCash);GCash;https://open.spotify.com/track/0JYEUl8iJovowKP7Xi6mSM;796732;0;D:\dev\sb19\OCR\sb19_g_pa_rin_ang_pasko_2021_screenshot_20260119_152559.png
20260119_152223;Go Up;SB19;2019;Get in the Zone;;https://open.spotify.com/track/2sGj6gqCUqnT4Y0IZ0oMlY;23472894;0;D:\dev\sb19\OCR\sb19_go_up_2019_screenshot_20260119_152712.png
20260119_152223;Honest;JOSH CULLEN;2024;Lost & Found;;https://open.spotify.com/track/1Rl5KDAu4wrUsQZZtD2hiy;2616550;2281;D:\dev\sb19\OCR\josh_cullen_honest_2024_screenshot_20260119_152732.png
20260119_152223;Kelan;PABLO;2024;ALON;Josue;https://open.spotify.com/track/39aItIaR9sIBz3EP8RXuhs;2414183;2843;D:\dev\sb19\OCR\pablo_kelan_2024_screenshot_20260119_152818.png
20260119_152223;Kumunoy;PABLO;2024;ALON;;https://open.spotify.com/track/6WkQrra0cZQAo42aMxdT2X;3896350;0;D:\dev\sb19\OCR\pablo_kumunoy_2024_screenshot_20260119_152930.png
20260119_152223;Lights Out;JOSH CULLEN;2024;Lost & Found;Mo Mitchell;https://open.spotify.com/track/2TQQX4gYeQmobxNEXwtrZ3;1927424;2028;D:\dev\sb19\OCR\josh_cullen_lights_out_2024_screenshot_20260119_152949.png
20260119_152223;MICTEST;FELIP;2023;COM•PLEX;;https://open.spotify.com/track/5MC8Oxr5FTIQYJ6f7Cg6gR;4201784;1241;D:\dev\sb19\OCR\felip_mictest_2023_screenshot_20260119_153010.png
20260119_152223;No Stopping You (Remix);SB19;2021;Single;Jayda;https://open.spotify.com/track/1dPLpa30IWMBqok6sIKDiP;8675484;7235;D:\dev\sb19\OCR\sb19_no_stopping_you_remix_2021_screenshot_20260119_153030.png
20260119_152223;See Me;JOSH CULLEN;2024;Lost & Found;;https://open.spotify.com/track/5jH6p468HtmNHdJiubGQ6t;2880037;3210;D:\dev\sb19\OCR\josh_cullen_see_me_2024_screenshot_20260119_153051.png
20260119_152223;Shooting for the Stars;SB19;2025;Simula at Wakas;;https://open.spotify.com/track/6q3qzeZgWgoFrV6DmaZr1R;14525165;37414;D:\dev\sb19\OCR\sb19_shooting_for_the_stars_2025_screenshot_20260119_153137.png
20260119_152223;ache;FELIP;2024;7sins;;https://open.spotify.com/track/3G3ZYOLBcjbIv0GDlIoZeh;4470797;3948;D:\dev\sb19\OCR\felip_ache_2024_screenshot_20260119_153158.png
20260119_152223;edsa;PABLO;2024;Single;;https://open.spotify.com/track/64p2tRd4zsBsJUucEnfWrX;7790807;0;D:\dev\sb19\OCR\pablo_edsa_2024_screenshot_20260119_153310.png
20260119_152223;foes;FELIP;2024;7sins;;https://open.spotify.com/track/5IyWs6bAMeT9vPUiUVgSdd;2371649;1813;D:\dev\sb19\OCR\felip_foes_2024_screenshot_20260119_153356.png
20260119_152223;sloth;FELIP;2024;7sins;;https://open.spotify.com/track/6PJLoGD9KpyMSx8j7vVWHq;2527836;2564;D:\dev\sb19\OCR\felip_sloth_2024_screenshot_20260119_153416.png
20260119_152223;wrath;FELIP;2024;7sins;;https://open.spotify.com/track/12VANuhDUHnXRtRG6YP72a;2010184;1709;D:\dev\sb19\OCR\felip_wrath_2024_screenshot_20260119_153503.png
20260119_162330;Kumunoy;PABLO;2024;ALON;;https://open.spotify.com/track/6WkQrra0cZQAo42aMxdT2X;3900086;3736;D:\dev\sb19\OCR\pablo_kumunoy_2024_screenshot_20260119_162346.png
20260119_162330;edsa;PABLO;2024;Single;;https://open.spotify.com/track/64p2tRd4zsBsJUucEnfWrX;7795287;4480;D:\dev\sb19\OCR\pablo_edsa_2024_screenshot_20260119_162432.png
20260119_162330;Anino;Stell;2024;Room EP;;https://open.spotify.com/track/5tMJZOyBv8t49i9elHuQZF;6955346;0;D:\dev\sb19\OCR\stell_anino_2024_screenshot_20260119_162543.png
20260119_162330;Puyat;PABLO;2024;LAON;;https://open.spotify.com/track/5EiD5Pk0Wv6dkHS1ZpNvzE;3153954;3202;D:\dev\sb19\OCR\pablo_puyat_2024_screenshot_20260119_162603.png
20260119_170432;Tara, Summer Na!;SB19;2024;Promotional (GCash);GCash;https://open.spotify.com/track/5RbO3gk0BiIfoFop0un9Dn;287261;0;D:\dev\sb19\OCR\sb19_tara_summer_na_2024_screenshot_20260119_170530.png
20260119_170432;TM FunPasko (Samahang Pina-Easy);SB19;2021;Promotional (TM);The Juans, Donnalyn;https://open.spotify.com/track/1ZLVZ75W0ZNqiuzQPbz3ZG;897942;0;D:\dev\sb19\OCR\sb19_tm_funpasko_samahang_pina_easy_2021_screenshot_20260119_170610.png
20260119_170432;Moonlight (Ian Asher Club Mix);SB19;2024;Single;Ian Asher, Terry Zhong;https://open.spotify.com/track/5YYzdzlunDyLDwlM40W0Gc;2905105;0;D:\dev\sb19\OCR\sb19_moonlight_ian_asher_club_mix_2024_screenshot_20260119_170631.png
20260118_120000;Ready, Set, G!;SB19;2022;Promotional (GCash);GCash, GCash Jr.;https://open.spotify.com/track/3RFGJAl8B1MiW4Ti6qvGeq;1128922;5964;
20260117_120000;Ready, Set, G!;SB19;2022;Promotional (GCash);GCash, GCash Jr.;https://open.spotify.com/track/3RFGJAl8B1MiW4Ti6qvGeq;1121112;7810;
20260116_120000;Ready, Set, G!;SB19;2022;Promotional (GCash);GCash, GCash Jr.;https://open.spotify.com/track/3RFGJAl8B1MiW4Ti6qvGeq;1113468;7644;
20260115_120000;Ready, Set, G!;SB19;2022;Promotional (GCash);GCash, GCash Jr.;https://open.spotify.com/track/3RFGJAl8B1MiW4Ti6qvGeq;1105996;7472;
20260114_120000;Ready, Set, G!;SB19;2022;Promotional (GCash);GCash, GCash Jr.;https://open.spotify.com/track/3RFGJAl8B1MiW4Ti6qvGeq;1097067;8929;
20260113_120000;Ready, Set, G!;SB19;2022;Promotional (GCash);GCash, GCash Jr.;https://open.spotify.com/track/3RFGJAl8B1MiW4Ti6qvGeq;1089250;7817;
20260118_120000;Make It Merry, I-GCash Mo;SB19;2023;Promotional (GCash);GCash;https://open.spotify.com/track/1cTLpJs2LHvA0q5Z6YWzbD;968719;5020;
20260117_120000;Make It Merry, I-GCash Mo;SB19;2023;Promotional (GCash);GCash;https://open.spotify.com/track/1cTLpJs2LHvA0q5Z6YWzbD;962003;6716;
20260116_120000;Make It Merry, I-GCash Mo;SB19;2023;Promotional (GCash);GCash;https://open.spotify.com/track/1cTLpJs2LHvA0q5Z6YWzbD;955615;6388;
20260115_120000;Make It Merry, I-GCash Mo;SB19;2023;Promotional (GCash);GCash;https://open.spotify.com/track/1cTLpJs2LHvA0q5Z6YWzbD;946863;8752;
20260114_120000;Make It Merry, I-GCash Mo;SB19;2023;Promotional (GCash);GCash;https://open.spotify.com/track/1cTLpJs2LHvA0q5Z6YWzbD;938250;8613;
20260113_120000;Make It Merry, I-GCash Mo;SB19;2023;Promotional (GCash);GCash;https://open.spotify.com/track/1cTLpJs2LHvA0q5Z6YWzbD;932860;5390;
20260118_120000;Tara, Summer Na!;SB19;2024;Promotional (GCash);GCash;https://open.spotify.com/track/5RbO3gk0BiIfoFop0un9Dn;281159;6102;
20260117_120000;Tara, Summer Na!;SB19;2024;Promotional (GCash);GCash;https://open.spotify.com/track/5RbO3gk0BiIfoFop0un9Dn;274513;6646;
20260116_120000;Tara, Summer Na!;SB19;2024;Promotional (GCash);GCash;https://open.spotify.com/track/5RbO3gk0BiIfoFop0un9Dn;266486;8027;
20260115_120000;Tara, Summer Na!;SB19;2024;Promotional (GCash);GCash;https://open.spotify.com/track/5RbO3gk0BiIfoFop0un9Dn;258957;7529;
20260114_120000;Tara, Summer Na!;SB19;2024;Promotional (GCash);GCash;https://open.spotify.com/track/5RbO3gk0BiIfoFop0un9Dn;251625;7332;
20260113_120000;Tara, Summer Na!;SB19;2024;Promotional (GCash);GCash;https://open.spotify.com/track/5RbO3gk0BiIfoFop0un9Dn;243639;7986;
20260118_120000;Dobleng GV sa FunPasko (Noon, Ngayon, Palagi);SB19;2021;Promotional (TM);The Juans;https://open.spotify.com/track/5hVNG3wLy8rSSCqShicG4I;664704;5876;
20260117_120000;Dobleng GV sa FunPasko (Noon, Ngayon, Palagi);SB19;2021;Promotional (TM);The Juans;https://open.spotify.com/track/5hVNG3wLy8rSSCqShicG4I;659085;5619;
20260116_120000;Dobleng GV sa FunPasko (Noon, Ngayon, Palagi);SB19;2021;Promotional (TM);The Juans;https://open.spotify.com/track/5hVNG3wLy8rSSCqShicG4I;653904;5181;
20260115_120000;Dobleng GV sa FunPasko (Noon, Ngayon, Palagi);SB19;2021;Promotional (TM);The Juans;https://open.spotify.com/track/5hVNG3wLy8rSSCqShicG4I;646637;7267;
20260114_120000;Dobleng GV sa FunPasko (Noon, Ngayon, Palagi);SB19;2021;Promotional (TM);The Juans;https://open.spotify.com/track/5hVNG3wLy8rSSCqShicG4I;639629;7008;
20260113_120000;Dobleng GV sa FunPasko (Noon, Ngayon, Palagi);SB19;2021;Promotional (TM);The Juans;https://open.spotify.com/track/5hVNG3wLy8rSSCqShicG4I;632239;7390;
20260118_120000;TM FunPasko (Samahang Pina-Easy);SB19;2021;Promotional (TM);The Juans, Donnalyn;https://open.spotify.com/track/1ZLVZ75W0ZNqiuzQPbz3ZG;888947;8995;
20260117_120000;TM FunPasko (Samahang Pina-Easy);SB19;2021;Promotional (TM);The Juans, Donnalyn;https://open.spotify.com/track/1ZLVZ75W0ZNqiuzQPbz3ZG;879401;9546;
20260116_120000;TM FunPasko (Samahang Pina-Easy);SB19;2021;Promotional (TM);The Juans, Donnalyn;https://open.spotify.com/track/1ZLVZ75W0ZNqiuzQPbz3ZG;871622;7779;
20260115_120000;TM FunPasko (Samahang Pina-Easy);SB19;2021;Promotional (TM);The Juans, Donnalyn;https://open.spotify.com/track/1ZLVZ75W0ZNqiuzQPbz3ZG;861876;9746;
20260114_120000;TM FunPasko (Samahang Pina-Easy);SB19;2021;Promotional (TM);The Juans, Donnalyn;https://open.spotify.com/track/1ZLVZ75W0ZNqiuzQPbz3ZG;854661;7215;
20260113_120000;TM FunPasko (Samahang Pina-Easy);SB19;2021;Promotional (TM);The Juans, Donnalyn;https://open.spotify.com/track/1ZLVZ75W0ZNqiuzQPbz3ZG;846620;8041;
20260118_120000;Moonlight (Ian Asher Club Mix);SB19;2024;Single;Ian Asher, Terry Zhong;https://open.spotify.com/track/5YYzdzlunDyLDwlM40W0Gc;2897346;7759;
20260117_120000;Moonlight (Ian Asher Club Mix);SB19;2024;Single;Ian Asher, Terry Zhong;https://open.spotify.com/track/5YYzdzlunDyLDwlM40W0Gc;2889527;7819;
20260116_120000;Moonlight (Ian Asher Club Mix);SB19;2024;Single;Ian Asher, Terry Zhong;https://open.spotify.com/track/5YYzdzlunDyLDwlM40W0Gc;2881291;8236;
20260115_120000;Moonlight (Ian Asher Club Mix);SB19;2024;Single;Ian Asher, Terry Zhong;https://open.spotify.com/track/5YYzdzlunDyLDwlM40W0Gc;2872589;8702;
20260114_120000;Moonlight (Ian Asher Club Mix);SB19;2024;Single;Ian Asher, Terry Zhong;https://open.spotify.com/track/5YYzdzlunDyLDwlM40W0Gc;2864468;8121;
20260113_120000;Moonlight (Ian Asher Club Mix);SB19;2024;Single;Ian Asher, Terry Zhong;https://open.spotify.com/track/5YYzdzlunDyLDwlM40W0Gc;2858267;6201;
20260120_130401;Tilaluha;SB19;2018;Get in the Zone;;https://open.spotify.com/track/0fPJsVtCOXqjHxKS9kc13s;23512153;13379;D:\dev\sb19\OCR\sb19_tilaluha_2018_screenshot_20260120_130417.png
20260120_130401;Go Up;SB19;2019;Get in the Zone;;https://open.spotify.com/track/2sGj6gqCUqnT4Y0IZ0oMlY;23472894;0;D:\dev\sb19\OCR\sb19_go_up_2019_screenshot_20260120_130528.png
20260120_130401;Alab (Burning);SB19;2019;Get in the Zone;;https://open.spotify.com/track/053ZzdU3Rya4NMxiWMPqnq;22468592;12868;D:\dev\sb19\OCR\sb19_alab_burning_2019_screenshot_20260120_130548.png
20260120_130401;Hanggang Sa Huli;SB19;2020;Get in the Zone;;https://open.spotify.com/track/2WUhR1SraSy0SVIQKohJb6;32101452;16543;D:\dev\sb19\OCR\sb19_hanggang_sa_huli_2020_screenshot_20260120_130609.png
20260120_130401;Love Goes;SB19;2020;Get in the Zone;;https://open.spotify.com/track/5p70OUKixtLRpnK5uSdqro;11067485;8981;D:\dev\sb19\OCR\sb19_love_goes_2020_screenshot_20260120_130630.png
20260120_130401;Love Goes (EDM Version);SB19;2020;Get in the Zone;;https://open.spotify.com/track/0LAh3hfeuUekvLm3Nq6MmA;7090763;4868;D:\dev\sb19\OCR\sb19_love_goes_edm_version_2020_screenshot_20260120_130650.png
20260120_130401;'Wag Mong Ikunot Ang Iyong Noo;SB19;2020;Get in the Zone;;https://open.spotify.com/track/5sJxhdzehdLq9iPzNnTR71;9389271;8027;D:\dev\sb19\OCR\sb19_wag_mong_ikunot_ang_iyong_noo_2020_screenshot_20260120_130711.png
20260120_130401;Tilaluha (Instrumental);SB19;2020;Get in the Zone;;https://open.spotify.com/track/5lMxdErNKHh797tOT3mBvk;2201573;1458;D:\dev\sb19\OCR\sb19_tilaluha_instrumental_2020_screenshot_20260120_130731.png
20260120_130401;Hanggang Sa Huli (Instrumental);SB19;2020;Get in the Zone;;https://open.spotify.com/track/6JZkWjVjOQAUPzNfGr4Dp0;2310185;1441;D:\dev\sb19\OCR\sb19_hanggang_sa_huli_instrumental_2020_screenshot_20260120_130752.png
20260120_130401;What?;SB19;2021;Pagsibol;;https://open.spotify.com/track/1evZendZnEe8a8eXjd1Bcn;25559260;15783;D:\dev\sb19\OCR\sb19_what_2021_screenshot_20260120_130813.png
20260120_130401;MAPA;SB19;2021;Pagsibol;;https://open.spotify.com/track/6Fz2TpxUD0YvAPsuG8nDMJ;85600811;42614;D:\dev\sb19\OCR\sb19_mapa_2021_screenshot_20260120_130833.png
20260120_130401;Bazinga;SB19;2021;Pagsibol;;https://open.spotify.com/track/5QZw4F3N3PvuKNKHm9L20b;31601316;17621;D:\dev\sb19\OCR\sb19_bazinga_2021_screenshot_20260120_130854.png
20260120_130401;SLMT;SB19;2021;Pagsibol;;https://open.spotify.com/track/0AbJoAxuqYgMrmXvtFOc0K;17356969;13971;D:\dev\sb19\OCR\sb19_slmt_2021_screenshot_20260120_130915.png
20260120_130401;Mana;SB19;2021;Pagsibol;;https://open.spotify.com/track/0EtkP3TUHvTeDIgrpgMS8m;20648728;15412;D:\dev\sb19\OCR\sb19_mana_2021_screenshot_20260120_130935.png
20260120_130401;Ikako;SB19;2020;Pagsibol;;https://open.spotify.com/track/5qHUmt5jIvDaOzMXiX533o;14628848;13597;D:\dev\sb19\OCR\sb19_ikako_2020_screenshot_20260120_130956.png
20260120_130401;Gento;SB19;2023;Pagtatag!;;https://open.spotify.com/track/1o6uF8VmXna99ysHTcQRI2;75442898;40795;D:\dev\sb19\OCR\sb19_gento_2023_screenshot_20260120_131016.png
20260120_130401;I Want You;SB19;2023;Pagtatag!;;https://open.spotify.com/track/16GGH8OF6LiSUTTbm8421f;31361607;19246;D:\dev\sb19\OCR\sb19_i_want_you_2023_screenshot_20260120_131037.png
20260120_130401;Ilaw;SB19;2023;Pagtatag!;;https://open.spotify.com/track/4zoqT3f80GyytJvnhVHgEl;19562699;16439;D:\dev\sb19\OCR\sb19_ilaw_2023_screenshot_20260120_131057.png
20260120_130401;Crimzone;SB19;2023;Pagtatag!;;https://open.spotify.com/track/5GcS9zT4iIL7l0JrqZeG6O;25176372;18599;D:\dev\sb19\OCR\sb19_crimzone_2023_screenshot_20260120_131118.png
20260120_130401;LIHAM;SB19;2023;Pagtatag!;;https://open.spotify.com/track/5MQ1nQ0MZMRO4yPQWdCeEb;19960227;18220;D:\dev\sb19\OCR\sb19_liham_2023_screenshot_20260120_131139.png
20260120_130401;Freedom;SB19;2023;Pagtatag!;;https://open.spotify.com/track/2CuYpdcx2f9XbMZhc3ST8E;16293110;13698;D:\dev\sb19\OCR\sb19_freedom_2023_screenshot_20260120_131159.png
20260120_130401;DAM;SB19;2025;Simula at Wakas;;https://open.spotify.com/track/1NNsL6tYk06TqTea3mKB9P;59780606;84922;D:\dev\sb19\OCR\sb19_dam_2025_screenshot_20260120_131220.png
20260120_130401;Time;SB19;2025;Simula at Wakas;;https://open.spotify.com/track/1OvE4CwaIZJ89Eq0qXGCEF;21536020;41691;D:\dev\sb19\OCR\sb19_time_2025_screenshot_20260120_131240.png
20260120_130401;8TonBall;SB19;2025;Simula at Wakas;;https://open.spotify.com/track/7AqrfyOdFWPnjQrgzWzcUz;15554827;34878;D:\dev\sb19\OCR\sb19_8tonball_2025_screenshot_20260120_131301.png
20260120_130401;Quit;SB19;2025;Simula at Wakas;;https://open.spotify.com/track/7oIQWmbKShhEt2yTSBxNpu;16626188;32741;D:\dev\sb19\OCR\sb19_quit_2025_screenshot_20260120_131322.png
20260120_130401;Shooting for the Stars;SB19;2025;Simula at Wakas;;https://open.spotify.com/track/6q3qzeZgWgoFrV6DmaZr1R;14557387;32222;D:\dev\sb19\OCR\sb19_shooting_for_the_stars_2025_screenshot_20260120_131342.png
20260120_130401;Dungka!;SB19;2025;Simula at Wakas;;https://open.spotify.com/track/7mqsPvhSR1CtY6PkTf1YVy;27235490;48910;D:\dev\sb19\OCR\sb19_dungka_2025_screenshot_20260120_131428.png
20260120_130401;DAM (Extended Ver.);SB19;2025;Simula at Wakas;;https://open.spotify.com/track/0pjhHUx21NsPuSCH0H3lW6;18604006;22589;D:\dev\sb19\OCR\sb19_dam_extended_ver_2025_screenshot_20260120_131540.png
20260120_130401;WYAT (Where You At);SB19;2022;Single;;https://open.spotify.com/track/1z50Hub2XCsAPWo8zgoePu;24928322;13023;D:\dev\sb19\OCR\sb19_wyat_where_you_at_2022_screenshot_20260120_131601.png
20260120_130401;Nyebe;SB19;2022;Single;;https://open.spotify.com/track/6aLjE6peuaJQRWRgfjxrRw;17947822;14335;D:\dev\sb19\OCR\sb19_nyebe_2022_screenshot_20260120_131622.png
20260120_130401;No Stopping You;SB19;2021;Single;;https://open.spotify.com/track/3KDOf2p1DrKhiqX78R82sh;8683302;7818;D:\dev\sb19\OCR\sb19_no_stopping_you_2021_screenshot_20260120_131642.png
20260120_130401;Ligaya;SB19;2021;Single (Christmas);;https://open.spotify.com/track/2lwaPRPgP9EaaMsbzVaZ3O;9656100;4772;D:\dev\sb19\OCR\sb19_ligaya_2021_screenshot_20260120_131703.png
20260120_130401;MAPA (Band Version);SB19;2021;Single;Ben&Ben;https://open.spotify.com/track/0QQoU68nnBRWJqr9ak3mnS;27825485;8917;D:\dev\sb19\OCR\sb19_mapa_band_version_2021_screenshot_20260120_131724.png
20260120_130401;Kabataang Pinoy;SB19;2022;Single;BINI;https://open.spotify.com/track/6aXWWGw7sQJLx82jZndSQZ;9071819;2459;D:\dev\sb19\OCR\sb19_kabataang_pinoy_2022_screenshot_20260120_131744.png
20260120_130401;Win Your Heart;SB19;2022;Single;;https://open.spotify.com/track/0DnNMu0v71ICscsyuQgmu3;10993948;7301;D:\dev\sb19\OCR\sb19_win_your_heart_2022_screenshot_20260120_131805.png
20260120_130401;Christmas Party (SB19 Version);SB19;2022;Single (Cover);;https://open.spotify.com/track/387ZTKanhRfPXazSyzTWUj;4435086;2322;D:\dev\sb19\OCR\sb19_christmas_party_sb19_version_2022_screenshot_20260120_131826.png
20260120_130401;golden hour (SB19 Remix);SB19;2023;Single;JVKE;https://open.spotify.com/track/4cGKycusCcECMX79k4NQwS;20846380;10757;D:\dev\sb19\OCR\sb19_golden_hour_sb19_remix_2023_screenshot_20260120_131846.png
20260120_130401;Moonlight;SB19;2024;Single;Ian Asher, Terry Zhong;https://open.spotify.com/track/1xAYG31LamC5qlykRhbWxd;22481142;11184;D:\dev\sb19\OCR\sb19_moonlight_2024_screenshot_20260120_131907.png
20260120_130401;Ready;SB19;2024;Single;apl.de.ap;https://open.spotify.com/track/4JZocgyzKHdRF0iSOcodJn;9629572;7682;D:\dev\sb19\OCR\sb19_ready_2024_screenshot_20260120_131927.png
20260120_130401;KALAKAL;SB19;2024;Single;Gloc-9;https://open.spotify.com/track/1cFGU7MQu0mHS5uVyD1STP;21560258;13562;D:\dev\sb19\OCR\sb19_kalakal_2024_screenshot_20260120_131948.png
20260120_130401;MAPA (Indonesian Version);SB19;2025;Single;Aruma;https://open.spotify.com/track/23FJNFAeNLzAuFORNvyBFf;7305690;8024;D:\dev\sb19\OCR\sb19_mapa_indonesian_version_2025_screenshot_20260120_132009.png
20260120_130401;Umaaligid;SB19;2025;Single;Sarah Geronimo;https://open.spotify.com/track/5XYYmsZJG5qIBAniny4bHe;12830570;25707;D:\dev\sb19\OCR\sb19_umaaligid_2025_screenshot_20260120_132029.png
20260120_130401;Burn The Flame;SB19;2025;Single (Honor of Kings);Honor of Kings;https://open.spotify.com/track/3mvN8n8mg7X41CbGvc7xYU;2817367;20665;D:\dev\sb19\OCR\sb19_burn_the_flame_2025_screenshot_20260120_132050.png
20260120_130401;Burn The Flame (Taglish Version);SB19;2025;Single (Honor of Kings);Honor of Kings;https://open.spotify.com/track/0aKGIF1iGjV6D6vXYDJgyy;783826;4569;D:\dev\sb19\OCR\sb19_burn_the_flame_taglish_version_2025_screenshot_20260120_132110.png
20260120_130401;Burn The Flame (Karaoke Version);SB19;2025;Single (Honor of Kings);Honor of Kings;https://open.spotify.com/track/38UTDIDP582bP8ZAU20bsT;186715;1305;D:\dev\sb19\OCR\sb19_burn_the_flame_karaoke_version_2025_screenshot_20260120_132131.png
20260120_130401;Burn The Flame (Instrumental);SB19;2025;Single (Honor of Kings);Honor of Kings;https://open.spotify.com/track/1MLMEY4ahXUjTcmi01s4jA;133460;462;D:\dev\sb19\OCR\sb19_burn_the_flame_instrumental_2025_screenshot_20260120_132151.png
20260120_130401;Love Yours;SB19;2021;Featured;Ohwon Lee;https://open.spotify.com/track/62iq4hiMI4CxLek4nYI14R;5478975;3885;D:\dev\sb19\OCR\sb19_love_yours_2021_screenshot_20260120_132212.png
20260120_130401;Kapangyarihan;SB19;2021;Featured;Ben&Ben;https://open.spotify.com/track/6FFtbC1K2aNeCS376paoHN;22912270;21687;D:\dev\sb19\OCR\sb19_kapangyarihan_2021_screenshot_20260120_132232.png
20260120_130401;The One;SB19;2022;Promotional (Dunkin');Dunkin';https://open.spotify.com/track/5SZPGItm64sVZ8KVYmoV4N;8833806;7283;D:\dev\sb19\OCR\sb19_the_one_2022_screenshot_20260120_132253.png
20260120_130401;Merry Munchkins (SB19 Version);SB19;2021;Promotional (Dunkin');Dunkin' Philippines;https://open.spotify.com/track/3r3U5OpESU60BAVT11KuYS;2729657;0;D:\dev\sb19\OCR\sb19_merry_munchkins_sb19_version_2021_screenshot_20260120_132405.png
20260120_130401;Live It Up;SB19;2021;Promotional (Acer);Acer Philippines;https://open.spotify.com/track/42D9L3kTskZ5anDWGBhtEk;3909054;2102;D:\dev\sb19\OCR\sb19_live_it_up_2021_screenshot_20260120_132425.png
20260120_130401;Make Your Green Mark;SB19;2022;Promotional (Acer);Acer Philippines;https://open.spotify.com/track/0thBJj3R0mM8mLwe2WMJI1;2447807;913;D:\dev\sb19\OCR\sb19_make_your_green_mark_2022_screenshot_20260120_132446.png
20260120_130401;Ace Your World;SB19;2023;Promotional (Acer);Acer Philippines, Sarah Geronimo;https://open.spotify.com/track/3lgJ5YAfc6wxVB9xpUDyH9;3071047;1787;D:\dev\sb19\OCR\sb19_ace_your_world_2023_screenshot_20260120_132506.png
20260120_130401;Reset;SB19;2023;Promotional (Acer);Sandara Park;https://open.spotify.com/track/6a7itY9YQTkmb8oMwwmhRp;3156342;1755;D:\dev\sb19\OCR\sb19_reset_2023_screenshot_20260120_132527.png
20260120_130401;Tahanan;SB19;2025;Promotional (Acer);Acer Philippines;https://open.spotify.com/track/6XOT8LCjly8StKCooz6pp1;1506926;11705;D:\dev\sb19\OCR\sb19_tahanan_2025_screenshot_20260120_132548.png
20260120_130401;G Pa Rin Ang Pasko;SB19;2021;Promotional (GCash);GCash;https://open.spotify.com/track/0JYEUl8iJovowKP7Xi6mSM;796732;0;D:\dev\sb19\OCR\sb19_g_pa_rin_ang_pasko_2021_screenshot_20260120_132608.png
20260120_130401;Ready, Set, G!;SB19;2022;Promotional (GCash);GCash, GCash Jr.;https://open.spotify.com/track/3RFGJAl8B1MiW4Ti6qvGeq;1134886;5964;D:\dev\sb19\OCR\sb19_ready_set_g_2022_screenshot_20260120_132629.png
20260120_130401;We Wish You A Merry GCash;SB19;2023;Promotional (GCash);GCash;https://open.spotify.com/track/7H2N6amk6lmn9oahy3qxQl;1317433;808;D:\dev\sb19\OCR\sb19_we_wish_you_a_merry_gcash_2023_screenshot_20260120_132650.png
20260120_130401;Make It Merry, I-GCash Mo;SB19;2023;Promotional (GCash);GCash;https://open.spotify.com/track/1cTLpJs2LHvA0q5Z6YWzbD;976867;8148;D:\dev\sb19\OCR\sb19_make_it_merry_i_gcash_mo_2023_screenshot_20260120_132711.png
20260120_130401;Tara, Summer Na!;SB19;2024;Promotional (GCash);GCash;https://open.spotify.com/track/5RbO3gk0BiIfoFop0un9Dn;1888905;1601644;D:\dev\sb19\OCR\sb19_tara_summer_na_2024_screenshot_20260120_132731.png
20260120_130401;TM Doble Dekada (Samahang Pina-Easy);SB19;2021;Promotional (TM);The Juans, Donnalyn, Matthaios;https://open.spotify.com/track/5pSDEveqgXTvPU102hAIY1;2831187;4401;D:\dev\sb19\OCR\sb19_tm_doble_dekada_samahang_pina_easy_2021_screenshot_20260120_132752.png
20260120_130401;Dobleng GV sa FunPasko (Noon, Ngayon, Palagi);SB19;2021;Promotional (TM);The Juans;https://open.spotify.com/track/5hVNG3wLy8rSSCqShicG4I;670927;6223;D:\dev\sb19\OCR\sb19_dobleng_gv_sa_funpasko_noon_ngayon_palagi_2021_screenshot_20260120_132812.png
20260120_130401;TM FunPasko (Samahang Pina-Easy);SB19;2021;Promotional (TM);The Juans, Donnalyn;https://open.spotify.com/track/1ZLVZ75W0ZNqiuzQPbz3ZG;898447;505;D:\dev\sb19\OCR\sb19_tm_funpasko_samahang_pina_easy_2021_screenshot_20260120_132833.png
20260120_130401;Push Ang Pusuan;SB19;2021;Promotional (TM);The Juans, Matthaios;https://open.spotify.com/track/2hUZkOBSRlp6uB9hXvYgPi;3444975;7296;D:\dev\sb19\OCR\sb19_push_ang_pusuan_2021_screenshot_20260120_132854.png
20260120_130401;Team Tayo;SB19;2023;Promotional (TM);The Juans;https://open.spotify.com/track/3aKVPphQZ3kjwY7Tn1TUhP;1053813;293;D:\dev\sb19\OCR\sb19_team_tayo_2023_screenshot_20260120_132914.png
20260120_130401;Ating Pasko;SB19;2024;Promotional;G22;https://open.spotify.com/track/7y5C9pM3gt7WNoiSzFHcGN;2423297;450;D:\dev\sb19\OCR\sb19_ating_pasko_2024_screenshot_20260120_132935.png
20260120_130401;La Luna;PABLO;2022;Single;;https://open.spotify.com/track/2UH7vzHodDdXtNyPEeHkb7;17395432;3707;D:\dev\sb19\OCR\pablo_la_luna_2022_screenshot_20260120_132955.png
20260120_130401;La Luna;PABLO;2024;ALON;;https://open.spotify.com/track/01NEcBpMXPQNxONQnObJJ3;17395432;3707;D:\dev\sb19\OCR\pablo_la_luna_2024_screenshot_20260120_133016.png
20260120_130401;Presyon;PABLO;2024;ALON;;https://open.spotify.com/track/7cErqp4Jg64PcqAE0uYeZP;2624496;2293;D:\dev\sb19\OCR\pablo_presyon_2024_screenshot_20260120_133036.png
20260120_130401;Wala;PABLO;2024;ALON;;https://open.spotify.com/track/5gLNDt687YE0Zgad2yaaAD;2858200;2425;D:\dev\sb19\OCR\pablo_wala_2024_screenshot_20260120_133057.png
20260120_130401;The Boy Who Cried Wolf;PABLO;2024;ALON;;https://open.spotify.com/track/3dNKnbTBjliNTwCeLqlMG3;4850730;5262;D:\dev\sb19\OCR\pablo_the_boy_who_cried_wolf_2024_screenshot_20260120_133118.png
20260120_130401;Kumunoy;PABLO;2024;ALON;;https://open.spotify.com/track/6WkQrra0cZQAo42aMxdT2X;3905044;4958;D:\dev\sb19\OCR\pablo_kumunoy_2024_screenshot_20260120_133138.png
20260120_130401;Kelan;PABLO;2024;ALON;Josue;https://open.spotify.com/track/39aItIaR9sIBz3EP8RXuhs;2417147;2964;D:\dev\sb19\OCR\pablo_kelan_2024_screenshot_20260120_133159.png
20260120_130401;Drowning in the Water;PABLO;2024;ALON;;https://open.spotify.com/track/6065mStxNxs8sCy3yCrg8H;5575137;5495;D:\dev\sb19\OCR\pablo_drowning_in_the_water_2024_screenshot_20260120_133219.png
20260120_130401;Breathe (Outro);PABLO;2024;ALON;;https://open.spotify.com/track/2lKyuf60Q5qSwTF0dl7qM6;1883759;1407;D:\dev\sb19\OCR\pablo_breathe_outro_2024_screenshot_20260120_133240.png
20260120_130401;Neumun;PABLO;2024;LAON;;https://open.spotify.com/track/4DF1e91DMTM4oTpW8jgsP2;3636276;4679;D:\dev\sb19\OCR\pablo_neumun_2024_screenshot_20260120_133300.png
20260120_130401;Don't Care;PABLO;2024;LAON;;https://open.spotify.com/track/06YsrZvTJmdPNXY5La1jFK;2761607;2946;D:\dev\sb19\OCR\pablo_don_t_care_2024_screenshot_20260120_133321.png
20260120_130401;Butata;PABLO;2024;LAON;;https://open.spotify.com/track/68hXl4L5vCusj8U2QlC73D;6597951;4891;D:\dev\sb19\OCR\pablo_butata_2024_screenshot_20260120_133341.png
20260120_130401;Puyat;PABLO;2024;LAON;;https://open.spotify.com/track/5EiD5Pk0Wv6dkHS1ZpNvzE;3187266;33312;D:\dev\sb19\OCR\pablo_puyat_2024_screenshot_20260120_133402.png
20260120_130401;Blessed;PABLO;2024;LAON;;https://open.spotify.com/track/4hdPboEAxOZjaaHML4q62u;4012119;4946;D:\dev\sb19\OCR\pablo_blessed_2024_screenshot_20260120_133420.png
20260120_130401;Tambol (Ibang Planeta);PABLO;2024;LAON;;https://open.spotify.com/track/753jWXJVBxK6cuYDUVbeux;2482245;2123;D:\dev\sb19\OCR\pablo_tambol_ibang_planeta_2024_screenshot_20260120_133439.png
20260120_130401;Micha!;PABLO;2024;LAON;;https://open.spotify.com/track/7F3NzrsN3zNGcIP2FbUYUo;3415477;4740;D:\dev\sb19\OCR\pablo_micha_2024_screenshot_20260120_133458.png
20260120_130401;DETERMINADO;PABLO;2024;Single;Josue;https://open.spotify.com/track/0hQJzMEbXg8ssQwgMbJUbw;6289977;3438;D:\dev\sb19\OCR\pablo_determinado_2024_screenshot_20260120_133516.png
20260120_130401;AKALA;PABLO;2024;Single;Josue;https://open.spotify.com/track/5w4CLRxwroocAzFiJ568oY;5351024;2775;D:\dev\sb19\OCR\pablo_akala_2024_screenshot_20260120_133535.png
20260120_130401;edsa;PABLO;2024;Single;;https://open.spotify.com/track/64p2tRd4zsBsJUucEnfWrX;7799642;4355;D:\dev\sb19\OCR\pablo_edsa_2024_screenshot_20260120_133641.png
20260120_130401;Liwanag sa Dilim (from Incognito);PABLO;2025;Single (OST);;https://open.spotify.com/track/3Ynpt5qseTmDdl9bN21FNJ;6269311;8254;D:\dev\sb19\OCR\pablo_liwanag_sa_dilim_from_incognito_2025_screenshot_20260120_133659.png
20260120_130401;Palayo;FELIP;2021;Single;;https://open.spotify.com/track/3FvYLNM5ShB5vDCzGw8syX;12286406;3511;D:\dev\sb19\OCR\felip_palayo_2021_screenshot_20260120_133718.png
20260120_130401;Bulan;FELIP;2022;Single;;https://open.spotify.com/track/2qYmu6Obx3NW1VeNOiCFMK;6656211;2331;D:\dev\sb19\OCR\felip_bulan_2022_screenshot_20260120_133737.png
20260120_130401;ROCKSTA;FELIP;2023;COM•PLEX;;https://open.spotify.com/track/5UhtleGyBZJCvG8cstjLkr;6375716;2113;D:\dev\sb19\OCR\felip_rocksta_2023_screenshot_20260120_133755.png
20260120_130401;SUPERIORITY;FELIP;2023;COM•PLEX;;https://open.spotify.com/track/3Tzmy7ExNOlP0tdDr9sjUT;3671335;1718;D:\dev\sb19\OCR\felip_superiority_2023_screenshot_20260120_133814.png
20260120_130401;MICTEST;FELIP;2023;COM•PLEX;;https://open.spotify.com/track/5MC8Oxr5FTIQYJ6f7Cg6gR;4203577;1793;D:\dev\sb19\OCR\felip_mictest_2023_screenshot_20260120_133832.png
20260120_130401;DRINKSMOKE;FELIP;2023;COM•PLEX;;https://open.spotify.com/track/29UIvWBrkjWtVuSEyexLt1;5239530;2294;D:\dev\sb19\OCR\felip_drinksmoke_2023_screenshot_20260120_133851.png
20260120_130401;CRIMINAL;FELIP;2023;COM•PLEX;;https://open.spotify.com/track/4YPz66cDppOl9KVUOCpBV5;6630365;0;D:\dev\sb19\OCR\felip_criminal_2023_screenshot_20260120_133957.png
20260120_130401;STRAYDOGS;FELIP;2023;COM•PLEX;;https://open.spotify.com/track/03aFaNBeCXmFl194HuyWKe;5561025;2159;D:\dev\sb19\OCR\felip_straydogs_2023_screenshot_20260120_134015.png
20260120_130401;Kanako;FELIP;2023;Single;;https://open.spotify.com/track/76hOMoRACZOQq5CfqSNU9i;9693907;7396;D:\dev\sb19\OCR\felip_kanako_2023_screenshot_20260120_134034.png
20260120_130401;Moving Closer;FELIP;2023;Single;;https://open.spotify.com/track/59PCn7ObERln3cPl84CGx6;10270721;6057;D:\dev\sb19\OCR\felip_moving_closer_2023_screenshot_20260120_134052.png
20260120_130401;FLYYY;FELIP;2024;Single;PLAYERTWO;https://open.spotify.com/track/0PWBx43woMnsyUC72NC1Gl;3496279;2083;D:\dev\sb19\OCR\felip_flyyy_2024_screenshot_20260120_134111.png
20260120_130401;Pagdali;FELIP;2024;Single;PLAYERTWO;https://open.spotify.com/track/7fMR5ryCo3m38yyj1PCym4;3385944;2401;D:\dev\sb19\OCR\felip_pagdali_2024_screenshot_20260120_134130.png
20260120_130401;Fake Faces;FELIP;2024;Single;;https://open.spotify.com/track/4ntKnZnztFdovszJpIoeVO;8732288;5706;D:\dev\sb19\OCR\felip_fake_faces_2024_screenshot_20260120_134148.png
20260120_130401;foes;FELIP;2024;7sins;;https://open.spotify.com/track/5IyWs6bAMeT9vPUiUVgSdd;2373422;1773;D:\dev\sb19\OCR\felip_foes_2024_screenshot_20260120_134207.png
20260120_130401;envy;FELIP;2024;7sins;;https://open.spotify.com/track/6uJggzzrSE5tK9CRTZejgm;3395208;1934;D:\dev\sb19\OCR\felip_envy_2024_screenshot_20260120_134226.png
20260120_130401;wrath;FELIP;2024;7sins;;https://open.spotify.com/track/12VANuhDUHnXRtRG6YP72a;3395208;1385024;D:\dev\sb19\OCR\felip_wrath_2024_screenshot_20260120_134244.png
20260120_130401;greed;FELIP;2024;7sins;;https://open.spotify.com/track/3foNAstTb7fdbbfFnKwn28;3289887;3230;D:\dev\sb19\OCR\felip_greed_2024_screenshot_20260120_134303.png
20260120_130401;pride;FELIP;2024;7sins;;https://open.spotify.com/track/1jZET8rPE5RWZZrkCM2toY;1907901;1792;D:\dev\sb19\OCR\felip_pride_2024_screenshot_20260120_134322.png
20260120_130401;gluttony;FELIP;2024;7sins;PLAYERTWO;https://open.spotify.com/track/216LlnUj3GfZ0yE2hXZxm0;1707666;1549;D:\dev\sb19\OCR\felip_gluttony_2024_screenshot_20260120_134340.png
20260120_130401;lust;FELIP;2024;7sins;Cyra Gwynth;https://open.spotify.com/track/70kZ4pCeZ0WIanftduEDov;3470685;3212;D:\dev\sb19\OCR\felip_lust_2024_screenshot_20260120_134359.png
20260120_130401;sloth;FELIP;2024;7sins;;https://open.spotify.com/track/6PJLoGD9KpyMSx8j7vVWHq;2529903;2067;D:\dev\sb19\OCR\felip_sloth_2024_screenshot_20260120_134418.png
20260120_130401;ache;FELIP;2024;7sins;;https://open.spotify.com/track/3G3ZYOLBcjbIv0GDlIoZeh;4474302;3505;D:\dev\sb19\OCR\felip_ache_2024_screenshot_20260120_134436.png
20260120_130401;ID;FELIP;2025;Featured;SKY-HI, RYOKI, RYUKI, JIMMY;https://open.spotify.com/track/2cXkFKFgEW5Myc0yNy6CqL;2382154;2382154;D:\dev\sb19\OCR\felip_id_2025_screenshot_20260120_134455.png
20260120_130401;KAWASAKI;FELIP;2025;Featured;ONE OR EIGHT, thủy;https://open.spotify.com/track/37ifPBg9M2NzlRNHe9WUIy;1632222;1632222;D:\dev\sb19\OCR\felip_kawasaki_2025_screenshot_20260120_134514.png
20260120_130401;WILD TONIGHT;JOSH CULLEN;2023;Single;;https://open.spotify.com/track/4yBwaJUom5dOYp54wU6hA2;9672295;4265;D:\dev\sb19\OCR\josh_cullen_wild_tonight_2023_screenshot_20260120_134533.png
20260120_130401;Pakiusap Lang;JOSH CULLEN;2023;Single;;https://open.spotify.com/track/6trU06kJgdYaPqRUvz5K9e;5239525;1974;D:\dev\sb19\OCR\josh_cullen_pakiusap_lang_2023_screenshot_20260120_134552.png
20260120_130401;GET RIGHT;JOSH CULLEN;2023;Single;;https://open.spotify.com/track/7vXFVu0qtLuCSDYzXWNQoL;0;0;D:\dev\sb19\OCR\josh_cullen_get_right_2023_screenshot_20260120_134703.png
20260120_130401;Yoko Na;JOSH CULLEN;2024;Single;Al James;https://open.spotify.com/track/6SIaYQUPOJpO8XFWeTl5dC;10311634;4291;D:\dev\sb19\OCR\josh_cullen_yoko_na_2024_screenshot_20260120_134723.png
20260120_130401;1999;JOSH CULLEN;2024;Lost & Found;;https://open.spotify.com/track/0PMfgKba5PLGETb02cDcMg;6158071;6119;D:\dev\sb19\OCR\josh_cullen_1999_2024_screenshot_20260120_134744.png
20260120_130401;See Me;JOSH CULLEN;2024;Lost & Found;;https://open.spotify.com/track/5jH6p468HtmNHdJiubGQ6t;2883019;2982;D:\dev\sb19\OCR\josh_cullen_see_me_2024_screenshot_20260120_134805.png
20260120_130401;Silent Cries;JOSH CULLEN;2024;Lost & Found;;https://open.spotify.com/track/1x0Y2jS5oJW4Q3aU9jZBER;3797034;2707;D:\dev\sb19\OCR\josh_cullen_silent_cries_2024_screenshot_20260120_134825.png
20260120_130401;Honest;JOSH CULLEN;2024;Lost & Found;;https://open.spotify.com/track/1Rl5KDAu4wrUsQZZtD2hiy;2618182;1632;D:\dev\sb19\OCR\josh_cullen_honest_2024_screenshot_20260120_134846.png
20260120_130401;No Control;JOSH CULLEN;2024;Lost & Found;(e)motion engine;https://open.spotify.com/track/0Rg0DIhiShdvZvF7snNZIt;2170588;2681;D:\dev\sb19\OCR\josh_cullen_no_control_2024_screenshot_20260120_134906.png
20260120_130401;Lights Out;JOSH CULLEN;2024;Lost & Found;Mo Mitchell;https://open.spotify.com/track/2TQQX4gYeQmobxNEXwtrZ3;1929739;2315;D:\dev\sb19\OCR\josh_cullen_lights_out_2024_screenshot_20260120_134927.png
20260120_130401;Sumaya;JOSH CULLEN;2024;Lost & Found;;https://open.spotify.com/track/2qKu8tPpilCBJqxzGWcOaC;5271196;2854;D:\dev\sb19\OCR\josh_cullen_sumaya_2024_screenshot_20260120_134948.png
20260120_130401;Silent Cries (Instrumental);JOSH CULLEN;2024;Lost & Found;;https://open.spotify.com/track/5FQodaxJAZTUPjdpbDT9pa;524211;668;D:\dev\sb19\OCR\josh_cullen_silent_cries_instrumental_2024_screenshot_20260120_135008.png
20260120_130401;No Control (Instrumental);JOSH CULLEN;2024;Lost & Found;;https://open.spotify.com/track/65LG9NubWQtyImpyNXotHo;511279;695;D:\dev\sb19\OCR\josh_cullen_no_control_instrumental_2024_screenshot_20260120_135029.png
20260120_130401;Takbuhan;JOSH CULLEN;2024;Featured;Kael Guerrero;https://open.spotify.com/track/3RCVzaTWA7h1SR0nWQtIk1;901772;1205;D:\dev\sb19\OCR\josh_cullen_takbuhan_2024_screenshot_20260120_135050.png
20260120_130401;Re: Thinkin' About You;JOSH CULLEN;2024;Featured;H1-KEY;https://open.spotify.com/track/2R1CjdVdXz7frvQRwCdQa6;4211813;2991;D:\dev\sb19\OCR\josh_cullen_re_thinkin_about_you_2024_screenshot_20260120_135110.png
20260120_130401;Room;Stell;2024;Room EP;;https://open.spotify.com/track/1PLKN0HC7m5drBHg0jarZE;11851304;11053;D:\dev\sb19\OCR\stell_room_2024_screenshot_20260120_135129.png
20260120_130401;Anino;Stell;2024;Room EP;;https://open.spotify.com/track/5tMJZOyBv8t49i9elHuQZF;5983460;28114;D:\dev\sb19\OCR\stell_anino_2024_screenshot_20260120_135149.png
20260120_130401;'Di Ko Masabi;Stell;2024;Room EP;;https://open.spotify.com/track/3JEE0hhTI6u9CEZCZWalKe;7528308;9137;D:\dev\sb19\OCR\stell_di_ko_masabi_2024_screenshot_20260120_135210.png
20260120_130401;Classic;Stell;2024;Room EP;;https://open.spotify.com/track/15bdfvbGida1Z8OVZ0YvSQ;6441854;8280;D:\dev\sb19\OCR\stell_classic_2024_screenshot_20260120_135228.png
20260120_130401;Room (Stripped);Stell;2024;Room EP;;https://open.spotify.com/track/6fwpkEZRQZ8Kr5Ws4q0Kyn;4692771;6279;D:\dev\sb19\OCR\stell_room_stripped_2024_screenshot_20260120_135247.png
20260120_130401;Surreal;justin;2024;Single;;https://open.spotify.com/track/5TT4xi1HEPTkVTO59jY3tz;14848736;10718;D:\dev\sb19\OCR\justin_surreal_2024_screenshot_20260120_135306.png
20260120_130401;Sunday Morning;justin;2024;Single (Cover);;https://open.spotify.com/track/3sp427zYHOXL3LPCYgwuRv;5378525;4540;D:\dev\sb19\OCR\justin_sunday_morning_2024_screenshot_20260120_135324.png
20260120_130401;Kaibigan;justin;2024;Single;;https://open.spotify.com/track/3rwioq6hSNjwynK8rVPCma;8715227;6818;D:\dev\sb19\OCR\justin_kaibigan_2024_screenshot_20260120_135343.png
20260120_130401;Palayo;justin;2024;Single;;https://open.spotify.com/track/0WoGaGmUip0OPQ662Drdlj;1539748;2519;D:\dev\sb19\OCR\justin_palayo_2024_screenshot_20260120_135402.png
20260120_130401;Silangan;justin;2024;Single;;https://open.spotify.com/track/4nnhn2O5oQmPC2HedN5W4b;696140;1838;D:\dev\sb19\OCR\justin_silangan_2024_screenshot_20260120_135420.png
20260120_130401;Sampung Mga Daliri;justin;2025;Single;dwta;https://open.spotify.com/track/2MHg2BVPaTgiCUDWp2jZqf;7474085;6576;D:\dev\sb19\OCR\justin_sampung_mga_daliri_2025_screenshot_20260120_135439.png
20260120_130401;GENTO - From THE FIRST TAKE;SB19;2023;THE FIRST TAKE;;https://open.spotify.com/track/2h7syqD1QScej4PqMxJfp2;6951383;8861;D:\dev\sb19\OCR\sb19_gento_from_the_first_take_2023_screenshot_20260120_135458.png
20260120_130401;MAPA - From THE FIRST TAKE;SB19;2023;THE FIRST TAKE;;https://open.spotify.com/track/4MZbVDIPOYmPkjcVqpPe9v;6115303;1007097;D:\dev\sb19\OCR\sb19_mapa_from_the_first_take_2023_screenshot_20260120_135517.png
20260120_130401;DAM - From THE FIRST TAKE;SB19;2025;THE FIRST TAKE;;https://open.spotify.com/track/14WOLW4oTwD7Mh9eb0hLDs;1908815;11647;D:\dev\sb19\OCR\sb19_dam_from_the_first_take_2025_screenshot_20260120_135602.png
20260120_130401;Time - From THE FIRST TAKE;SB19;2025;THE FIRST TAKE;;https://open.spotify.com/track/1ctnGFHyklJbmHLyaDYtyg;2001531;18773;D:\dev\sb19\OCR\sb19_time_from_the_first_take_2025_screenshot_20260120_135622.png
20260120_130401;No Stopping You (Remix);SB19;2021;Single;Jayda;https://open.spotify.com/track/1dPLpa30IWMBqok6sIKDiP;8683302;7818;D:\dev\sb19\OCR\sb19_no_stopping_you_remix_2021_screenshot_20260120_135643.png
20260120_130401;Moonlight (Ian Asher Club Mix);SB19;2024;Single;Ian Asher, Terry Zhong;https://open.spotify.com/track/5YYzdzlunDyLDwlM40W0Gc;2908144;3039;D:\dev\sb19\OCR\sb19_moonlight_ian_asher_club_mix_2024_screenshot_20260120_135704.png
20260120_130401;Umaaligid (Extended Ver.);SB19;2025;Single;Sarah Geronimo;https://open.spotify.com/track/1XFHLGwXrlL0FpJgRcFYTI;2683930;5427;D:\dev\sb19\OCR\sb19_umaaligid_extended_ver_2025_screenshot_20260120_135724.png
20260120_130401;Love Yours (DIOR & RealBros Remix);SB19;2022;Featured;Ohwon Lee;https://open.spotify.com/track/3qw9D8YC0sezDriUMx5lRG;859692;527;D:\dev\sb19\OCR\sb19_love_yours_dior_realbros_remix_2022_screenshot_20260120_135745.png
20260120_130401;What? - Extended Version;SB19;2021;Pagsibol;;https://open.spotify.com/track/7jn2llkeDI9IRROCYNa7sL;6252657;4529;D:\dev\sb19\OCR\sb19_what_extended_version_2021_screenshot_20260120_135805.png
20260120_140126;GET RIGHT;JOSH CULLEN;2023;Single;;https://open.spotify.com/track/7vXFVu0qtLuCSDYzXWNQoL;0;0;D:\dev\sb19\OCR\josh_cullen_get_right_2023_screenshot_20260120_140233.png
20260120_140359;GET RIGHT;JOSH CULLEN;2023;Single;;https://open.spotify.com/track/56FnjRDkdoCV5lVSyuQ9MU;4585530;0;D:\dev\sb19\OCR\josh_cullen_get_right_2023_screenshot_20260120_140415.png
20260120_174343;CRIMINAL;FELIP;2023;COM•PLEX;;https://open.spotify.com/track/4YPz66cDppOl9KVUOCpBV5;6630365;0;D:\dev\sb19\OCR\felip_criminal_2023_screenshot_20260120_174511.png
20260120_174343;wrath;FELIP;2024;7sins;;https://open.spotify.com/track/12VANuhDUHnXRtRG6YP72a;3395208;0;D:\dev\sb19\OCR\felip_wrath_2024_screenshot_20260120_174649.png
20260120_174343;ID;FELIP;2025;Featured;SKY-HI, RYOKI, RYUKI, JIMMY;https://open.spotify.com/track/2cXkFKFgEW5Myc0yNy6CqL;2382154;0;D:\dev\sb19\OCR\felip_id_2025_screenshot_20260120_174828.png
20260120_174343;KAWASAKI;FELIP;2025;Featured;ONE OR EIGHT, thủy;https://open.spotify.com/track/37ifPBg9M2NzlRNHe9WUIy;1632222;0;D:\dev\sb19\OCR\felip_kawasaki_2025_screenshot_20260120_174900.png
20260120_174343;GET RIGHT;JOSH CULLEN;2023;Single;;https://open.spotify.com/track/56FnjRDkdoCV5lVSyuQ9MU;4585530;0;D:\dev\sb19\OCR\josh_cullen_get_right_2023_screenshot_20260120_174931.png
20260120_175012;CRIMINAL;FELIP;2023;COM•PLEX;;https://open.spotify.com/track/4YPz66cDppOl9KVUOCpBV5;6630365;0;D:\dev\sb19\OCR\felip_criminal_2023_screenshot_20260120_175124.png
20260120_175012;wrath;FELIP;2024;7sins;;https://open.spotify.com/track/12VANuhDUHnXRtRG6YP72a;3395208;0;D:\dev\sb19\OCR\felip_wrath_2024_screenshot_20260120_175148.png
20260120_175012;ID;FELIP;2025;Featured;SKY-HI, RYOKI, RYUKI, JIMMY;https://open.spotify.com/track/2cXkFKFgEW5Myc0yNy6CqL;2382154;0;D:\dev\sb19\OCR\felip_id_2025_screenshot_20260120_175213.png
20260120_175012;KAWASAKI;FELIP;2025;Featured;ONE OR EIGHT, thủy;https://open.spotify.com/track/37ifPBg9M2NzlRNHe9WUIy;1632222;0;D:\dev\sb19\OCR\felip_kawasaki_2025_screenshot_20260120_175238.png
20260120_175012;GET RIGHT;JOSH CULLEN;2023;Single;;https://open.spotify.com/track/56FnjRDkdoCV5lVSyuQ9MU;4585530;0;D:\dev\sb19\OCR\josh_cullen_get_right_2023_screenshot_20260120_175303.png
20260121_120002;Tilaluha;SB19;2018;Get in the Zone;;https://open.spotify.com/track/0fPJsVtCOXqjHxKS9kc13s;23524440;12287;D:\dev\SB19\OCR\sb19_tilaluha_2018_screenshot_20260121_120018.png
20260121_120002;Go Up;SB19;2019;Get in the Zone;;https://open.spotify.com/track/2sGj6gqCUqnT4Y0IZ0oMlY;23472894;0;D:\dev\SB19\OCR\sb19_go_up_2019_screenshot_20260121_120148.png
20260121_120002;Alab (Burning);SB19;2019;Get in the Zone;;https://open.spotify.com/track/053ZzdU3Rya4NMxiWMPqnq;22481118;12526;D:\dev\SB19\OCR\sb19_alab_burning_2019_screenshot_20260121_120213.png
20260121_120002;Hanggang Sa Huli;SB19;2020;Get in the Zone;;https://open.spotify.com/track/2WUhR1SraSy0SVIQKohJb6;32117853;16401;D:\dev\SB19\OCR\sb19_hanggang_sa_huli_2020_screenshot_20260121_120241.png
20260121_120002;Love Goes;SB19;2020;Get in the Zone;;https://open.spotify.com/track/5p70OUKixtLRpnK5uSdqro;11075636;8151;D:\dev\SB19\OCR\sb19_love_goes_2020_screenshot_20260121_120309.png
20260121_120002;Love Goes (EDM Version);SB19;2020;Get in the Zone;;https://open.spotify.com/track/0LAh3hfeuUekvLm3Nq6MmA;7096197;5434;D:\dev\SB19\OCR\sb19_love_goes_edm_version_2020_screenshot_20260121_120338.png
20260121_120002;'Wag Mong Ikunot Ang Iyong Noo;SB19;2020;Get in the Zone;;https://open.spotify.com/track/5sJxhdzehdLq9iPzNnTR71;9396863;7592;D:\dev\SB19\OCR\sb19_wag_mong_ikunot_ang_iyong_noo_2020_screenshot_20260121_120407.png
20260121_120002;Tilaluha (Instrumental);SB19;2020;Get in the Zone;;https://open.spotify.com/track/5lMxdErNKHh797tOT3mBvk;2202850;1277;D:\dev\SB19\OCR\sb19_tilaluha_instrumental_2020_screenshot_20260121_120435.png
20260121_120002;Hanggang Sa Huli (Instrumental);SB19;2020;Get in the Zone;;https://open.spotify.com/track/6JZkWjVjOQAUPzNfGr4Dp0;2311595;1410;D:\dev\SB19\OCR\sb19_hanggang_sa_huli_instrumental_2020_screenshot_20260121_120503.png
20260121_120002;What?;SB19;2021;Pagsibol;;https://open.spotify.com/track/1evZendZnEe8a8eXjd1Bcn;25576332;17072;D:\dev\SB19\OCR\sb19_what_2021_screenshot_20260121_120532.png
20260121_120002;MAPA;SB19;2021;Pagsibol;;https://open.spotify.com/track/6Fz2TpxUD0YvAPsuG8nDMJ;85644383;43572;D:\dev\SB19\OCR\sb19_mapa_2021_screenshot_20260121_120559.png
20260121_120002;Bazinga;SB19;2021;Pagsibol;;https://open.spotify.com/track/5QZw4F3N3PvuKNKHm9L20b;31619923;18607;D:\dev\SB19\OCR\sb19_bazinga_2021_screenshot_20260121_120628.png
20260121_120002;SLMT;SB19;2021;Pagsibol;;https://open.spotify.com/track/0AbJoAxuqYgMrmXvtFOc0K;17369257;12288;D:\dev\SB19\OCR\sb19_slmt_2021_screenshot_20260121_120656.png
20260121_120002;Mana;SB19;2021;Pagsibol;;https://open.spotify.com/track/0EtkP3TUHvTeDIgrpgMS8m;20663967;15239;D:\dev\SB19\OCR\sb19_mana_2021_screenshot_20260121_120723.png
20260121_120002;Ikako;SB19;2020;Pagsibol;;https://open.spotify.com/track/5qHUmt5jIvDaOzMXiX533o;14641513;12665;D:\dev\SB19\OCR\sb19_ikako_2020_screenshot_20260121_120751.png
20260121_120002;Gento;SB19;2023;Pagtatag!;;https://open.spotify.com/track/1o6uF8VmXna99ysHTcQRI2;75483728;40830;D:\dev\SB19\OCR\sb19_gento_2023_screenshot_20260121_120819.png
20260121_120002;I Want You;SB19;2023;Pagtatag!;;https://open.spotify.com/track/16GGH8OF6LiSUTTbm8421f;31380643;19036;D:\dev\SB19\OCR\sb19_i_want_you_2023_screenshot_20260121_120847.png
20260121_120002;Ilaw;SB19;2023;Pagtatag!;;https://open.spotify.com/track/4zoqT3f80GyytJvnhVHgEl;19580053;17354;D:\dev\SB19\OCR\sb19_ilaw_2023_screenshot_20260121_120915.png
20260121_120002;Crimzone;SB19;2023;Pagtatag!;;https://open.spotify.com/track/5GcS9zT4iIL7l0JrqZeG6O;25197219;20847;D:\dev\SB19\OCR\sb19_crimzone_2023_screenshot_20260121_120943.png
20260121_120002;LIHAM;SB19;2023;Pagtatag!;;https://open.spotify.com/track/5MQ1nQ0MZMRO4yPQWdCeEb;19978255;18028;D:\dev\SB19\OCR\sb19_liham_2023_screenshot_20260121_121011.png
20260121_120002;Freedom;SB19;2023;Pagtatag!;;https://open.spotify.com/track/2CuYpdcx2f9XbMZhc3ST8E;16293110;0;D:\dev\SB19\OCR\sb19_freedom_2023_screenshot_20260121_121144.png
20260121_120002;DAM;SB19;2025;Simula at Wakas;;https://open.spotify.com/track/1NNsL6tYk06TqTea3mKB9P;59866638;86032;D:\dev\SB19\OCR\sb19_dam_2025_screenshot_20260121_121212.png
20260121_120002;Time;SB19;2025;Simula at Wakas;;https://open.spotify.com/track/1OvE4CwaIZJ89Eq0qXGCEF;21581938;45918;D:\dev\SB19\OCR\sb19_time_2025_screenshot_20260121_121239.png
20260121_120002;8TonBall;SB19;2025;Simula at Wakas;;https://open.spotify.com/track/7AqrfyOdFWPnjQrgzWzcUz;15593647;38820;D:\dev\SB19\OCR\sb19_8tonball_2025_screenshot_20260121_121306.png
20260121_120002;Quit;SB19;2025;Simula at Wakas;;https://open.spotify.com/track/7oIQWmbKShhEt2yTSBxNpu;16663853;37665;D:\dev\SB19\OCR\sb19_quit_2025_screenshot_20260121_121335.png
20260121_120002;Shooting for the Stars;SB19;2025;Simula at Wakas;;https://open.spotify.com/track/6q3qzeZgWgoFrV6DmaZr1R;14595059;37672;D:\dev\SB19\OCR\sb19_shooting_for_the_stars_2025_screenshot_20260121_121402.png
20260121_120002;Dungka!;SB19;2025;Simula at Wakas;;https://open.spotify.com/track/7mqsPvhSR1CtY6PkTf1YVy;27292803;57313;D:\dev\SB19\OCR\sb19_dungka_2025_screenshot_20260121_121432.png
20260121_120002;DAM (Extended Ver.);SB19;2025;Simula at Wakas;;https://open.spotify.com/track/0pjhHUx21NsPuSCH0H3lW6;18627380;23374;D:\dev\SB19\OCR\sb19_dam_extended_ver_2025_screenshot_20260121_121500.png
20260121_120002;WYAT (Where You At);SB19;2022;Single;;https://open.spotify.com/track/1z50Hub2XCsAPWo8zgoePu;24941626;13304;D:\dev\SB19\OCR\sb19_wyat_where_you_at_2022_screenshot_20260121_121528.png
20260121_120002;Nyebe;SB19;2022;Single;;https://open.spotify.com/track/6aLjE6peuaJQRWRgfjxrRw;17963364;15542;D:\dev\SB19\OCR\sb19_nyebe_2022_screenshot_20260121_121557.png
20260121_120002;No Stopping You;SB19;2021;Single;;https://open.spotify.com/track/3KDOf2p1DrKhiqX78R82sh;8691565;8263;D:\dev\SB19\OCR\sb19_no_stopping_you_2021_screenshot_20260121_121625.png
20260121_120002;Ligaya;SB19;2021;Single (Christmas);;https://open.spotify.com/track/2lwaPRPgP9EaaMsbzVaZ3O;9661588;5488;D:\dev\SB19\OCR\sb19_ligaya_2021_screenshot_20260121_121654.png
20260121_120002;MAPA (Band Version);SB19;2021;Single;Ben&Ben;https://open.spotify.com/track/0QQoU68nnBRWJqr9ak3mnS;27834661;9176;D:\dev\SB19\OCR\sb19_mapa_band_version_2021_screenshot_20260121_121721.png
20260121_120002;Kabataang Pinoy;SB19;2022;Single;BINI;https://open.spotify.com/track/6aXWWGw7sQJLx82jZndSQZ;9074615;2796;D:\dev\SB19\OCR\sb19_kabataang_pinoy_2022_screenshot_20260121_121750.png
20260121_120002;Win Your Heart;SB19;2022;Single;;https://open.spotify.com/track/0DnNMu0v71ICscsyuQgmu3;11001241;7293;D:\dev\SB19\OCR\sb19_win_your_heart_2022_screenshot_20260121_121818.png
20260121_120002;Christmas Party (SB19 Version);SB19;2022;Single (Cover);;https://open.spotify.com/track/387ZTKanhRfPXazSyzTWUj;4438358;3272;D:\dev\SB19\OCR\sb19_christmas_party_sb19_version_2022_screenshot_20260121_121847.png
20260121_120002;golden hour (SB19 Remix);SB19;2023;Single;JVKE;https://open.spotify.com/track/4cGKycusCcECMX79k4NQwS;20857418;11038;D:\dev\SB19\OCR\sb19_golden_hour_sb19_remix_2023_screenshot_20260121_121916.png
20260121_120002;Moonlight;SB19;2024;Single;Ian Asher, Terry Zhong;https://open.spotify.com/track/1xAYG31LamC5qlykRhbWxd;22493954;12812;D:\dev\SB19\OCR\sb19_moonlight_2024_screenshot_20260121_121944.png
20260121_120002;Ready;SB19;2024;Single;apl.de.ap;https://open.spotify.com/track/4JZocgyzKHdRF0iSOcodJn;9637936;8364;D:\dev\SB19\OCR\sb19_ready_2024_screenshot_20260121_122013.png
20260121_120002;KALAKAL;SB19;2024;Single;Gloc-9;https://open.spotify.com/track/1cFGU7MQu0mHS5uVyD1STP;21576106;15848;D:\dev\SB19\OCR\sb19_kalakal_2024_screenshot_20260121_122040.png
20260121_120002;MAPA (Indonesian Version);SB19;2025;Single;Aruma;https://open.spotify.com/track/23FJNFAeNLzAuFORNvyBFf;7313824;8134;D:\dev\SB19\OCR\sb19_mapa_indonesian_version_2025_screenshot_20260121_122108.png
20260121_120002;Umaaligid;SB19;2025;Single;Sarah Geronimo;https://open.spotify.com/track/5XYYmsZJG5qIBAniny4bHe;12853761;23191;D:\dev\SB19\OCR\sb19_umaaligid_2025_screenshot_20260121_122137.png
20260121_120002;Burn The Flame;SB19;2025;Single (Honor of Kings);Honor of Kings;https://open.spotify.com/track/3mvN8n8mg7X41CbGvc7xYU;2837067;19700;D:\dev\SB19\OCR\sb19_burn_the_flame_2025_screenshot_20260121_122205.png
20260121_120002;Burn The Flame (Taglish Version);SB19;2025;Single (Honor of Kings);Honor of Kings;https://open.spotify.com/track/0aKGIF1iGjV6D6vXYDJgyy;787006;3180;D:\dev\SB19\OCR\sb19_burn_the_flame_taglish_version_2025_screenshot_20260121_122235.png
20260121_120002;Burn The Flame (Karaoke Version);SB19;2025;Single (Honor of Kings);Honor of Kings;https://open.spotify.com/track/38UTDIDP582bP8ZAU20bsT;188003;1288;D:\dev\SB19\OCR\sb19_burn_the_flame_karaoke_version_2025_screenshot_20260121_122303.png
20260121_120002;Burn The Flame (Instrumental);SB19;2025;Single (Honor of Kings);Honor of Kings;https://open.spotify.com/track/1MLMEY4ahXUjTcmi01s4jA;133914;454;D:\dev\SB19\OCR\sb19_burn_the_flame_instrumental_2025_screenshot_20260121_122332.png
20260121_120002;Love Yours;SB19;2021;Featured;Ohwon Lee;https://open.spotify.com/track/62iq4hiMI4CxLek4nYI14R;5482614;3639;D:\dev\SB19\OCR\sb19_love_yours_2021_screenshot_20260121_122401.png
20260121_120002;Kapangyarihan;SB19;2021;Featured;Ben&Ben;https://open.spotify.com/track/6FFtbC1K2aNeCS376paoHN;22932906;20636;D:\dev\SB19\OCR\sb19_kapangyarihan_2021_screenshot_20260121_122430.png
20260121_120002;The One;SB19;2022;Promotional (Dunkin');Dunkin';https://open.spotify.com/track/5SZPGItm64sVZ8KVYmoV4N;8841787;7981;D:\dev\SB19\OCR\sb19_the_one_2022_screenshot_20260121_122500.png
20260121_120002;Merry Munchkins (SB19 Version);SB19;2021;Promotional (Dunkin');Dunkin' Philippines;https://open.spotify.com/track/3r3U5OpESU60BAVT11KuYS;2730816;1159;D:\dev\SB19\OCR\sb19_merry_munchkins_sb19_version_2021_screenshot_20260121_122528.png
20260121_120002;Live It Up;SB19;2021;Promotional (Acer);Acer Philippines;https://open.spotify.com/track/42D9L3kTskZ5anDWGBhtEk;3910903;1849;D:\dev\SB19\OCR\sb19_live_it_up_2021_screenshot_20260121_122558.png
20260121_120002;Make Your Green Mark;SB19;2022;Promotional (Acer);Acer Philippines;https://open.spotify.com/track/0thBJj3R0mM8mLwe2WMJI1;2448498;691;D:\dev\SB19\OCR\sb19_make_your_green_mark_2022_screenshot_20260121_122626.png
20260121_120002;Ace Your World;SB19;2023;Promotional (Acer);Acer Philippines, Sarah Geronimo;https://open.spotify.com/track/3lgJ5YAfc6wxVB9xpUDyH9;3071047;0;D:\dev\SB19\OCR\sb19_ace_your_world_2023_screenshot_20260121_122801.png
20260121_120002;Reset;SB19;2023;Promotional (Acer);Sandara Park;https://open.spotify.com/track/6a7itY9YQTkmb8oMwwmhRp;3157691;1349;D:\dev\SB19\OCR\sb19_reset_2023_screenshot_20260121_122829.png
20260121_120002;Tahanan;SB19;2025;Promotional (Acer);Acer Philippines;https://open.spotify.com/track/6XOT8LCjly8StKCooz6pp1;1522707;15781;D:\dev\SB19\OCR\sb19_tahanan_2025_screenshot_20260121_122858.png
20260121_120002;G Pa Rin Ang Pasko;SB19;2021;Promotional (GCash);GCash;https://open.spotify.com/track/0JYEUl8iJovowKP7Xi6mSM;796732;0;D:\dev\SB19\OCR\sb19_g_pa_rin_ang_pasko_2021_screenshot_20260121_122927.png
20260121_120002;Ready, Set, G!;SB19;2022;Promotional (GCash);GCash, GCash Jr.;https://open.spotify.com/track/3RFGJAl8B1MiW4Ti6qvGeq;1134886;0;D:\dev\SB19\OCR\sb19_ready_set_g_2022_screenshot_20260121_122957.png
20260121_120002;We Wish You A Merry GCash;SB19;2023;Promotional (GCash);GCash;https://open.spotify.com/track/7H2N6amk6lmn9oahy3qxQl;1317933;500;D:\dev\SB19\OCR\sb19_we_wish_you_a_merry_gcash_2023_screenshot_20260121_123027.png
20260121_120002;Make It Merry, I-GCash Mo;SB19;2023;Promotional (GCash);GCash;https://open.spotify.com/track/1cTLpJs2LHvA0q5Z6YWzbD;980702;3835;D:\dev\SB19\OCR\sb19_make_it_merry_i_gcash_mo_2023_screenshot_20260121_123057.png
20260121_120002;Tara, Summer Na!;SB19;2024;Promotional (GCash);GCash;https://open.spotify.com/track/5RbO3gk0BiIfoFop0un9Dn;1889924;1019;D:\dev\SB19\OCR\sb19_tara_summer_na_2024_screenshot_20260121_123127.png
20260121_120002;TM Doble Dekada (Samahang Pina-Easy);SB19;2021;Promotional (TM);The Juans, Donnalyn, Matthaios;https://open.spotify.com/track/5pSDEveqgXTvPU102hAIY1;7774057;0;D:\dev\SB19\OCR\sb19_tm_doble_dekada_samahang_pina_easy_2021_screenshot_20260121_123156.png
20260121_120002;Dobleng GV sa FunPasko (Noon, Ngayon, Palagi);SB19;2021;Promotional (TM);The Juans;https://open.spotify.com/track/5hVNG3wLy8rSSCqShicG4I;671142;215;D:\dev\SB19\OCR\sb19_dobleng_gv_sa_funpasko_noon_ngayon_palagi_2021_screenshot_20260121_123225.png
20260121_120002;TM FunPasko (Samahang Pina-Easy);SB19;2021;Promotional (TM);The Juans, Donnalyn;https://open.spotify.com/track/1ZLVZ75W0ZNqiuzQPbz3ZG;898839;392;D:\dev\SB19\OCR\sb19_tm_funpasko_samahang_pina_easy_2021_screenshot_20260121_123255.png
20260121_120002;Push Ang Pusuan;SB19;2021;Promotional (TM);The Juans, Matthaios;https://open.spotify.com/track/2hUZkOBSRlp6uB9hXvYgPi;3449237;4262;D:\dev\SB19\OCR\sb19_push_ang_pusuan_2021_screenshot_20260121_123325.png
20260121_120002;Team Tayo;SB19;2023;Promotional (TM);The Juans;https://open.spotify.com/track/3aKVPphQZ3kjwY7Tn1TUhP;1054127;314;D:\dev\SB19\OCR\sb19_team_tayo_2023_screenshot_20260121_123354.png
20260121_120002;Ating Pasko;SB19;2024;Promotional;G22;https://open.spotify.com/track/7y5C9pM3gt7WNoiSzFHcGN;2424011;714;D:\dev\SB19\OCR\sb19_ating_pasko_2024_screenshot_20260121_123422.png
20260121_120002;La Luna;PABLO;2022;Single;;https://open.spotify.com/track/2UH7vzHodDdXtNyPEeHkb7;17398736;3304;D:\dev\SB19\OCR\pablo_la_luna_2022_screenshot_20260121_123450.png
20260121_120002;La Luna;PABLO;2024;ALON;;https://open.spotify.com/track/01NEcBpMXPQNxONQnObJJ3;17398736;3304;D:\dev\SB19\OCR\pablo_la_luna_2024_screenshot_20260121_123518.png
20260121_120002;Presyon;PABLO;2024;ALON;;https://open.spotify.com/track/7cErqp4Jg64PcqAE0uYeZP;2626954;2458;D:\dev\SB19\OCR\pablo_presyon_2024_screenshot_20260121_123546.png
20260121_120002;Wala;PABLO;2024;ALON;;https://open.spotify.com/track/5gLNDt687YE0Zgad2yaaAD;2860052;1852;D:\dev\SB19\OCR\pablo_wala_2024_screenshot_20260121_123615.png
20260121_120002;The Boy Who Cried Wolf;PABLO;2024;ALON;;https://open.spotify.com/track/3dNKnbTBjliNTwCeLqlMG3;4855847;5117;D:\dev\SB19\OCR\pablo_the_boy_who_cried_wolf_2024_screenshot_20260121_123643.png
20260121_120002;Kumunoy;PABLO;2024;ALON;;https://open.spotify.com/track/6WkQrra0cZQAo42aMxdT2X;3912950;7906;D:\dev\SB19\OCR\pablo_kumunoy_2024_screenshot_20260121_123711.png
20260121_120002;Kelan;PABLO;2024;ALON;Josue;https://open.spotify.com/track/39aItIaR9sIBz3EP8RXuhs;2419879;2732;D:\dev\SB19\OCR\pablo_kelan_2024_screenshot_20260121_123739.png
20260121_120002;Drowning in the Water;PABLO;2024;ALON;;https://open.spotify.com/track/6065mStxNxs8sCy3yCrg8H;5581392;6255;D:\dev\SB19\OCR\pablo_drowning_in_the_water_2024_screenshot_20260121_123808.png
20260121_120002;Breathe (Outro);PABLO;2024;ALON;;https://open.spotify.com/track/2lKyuf60Q5qSwTF0dl7qM6;1885207;1448;D:\dev\SB19\OCR\pablo_breathe_outro_2024_screenshot_20260121_123836.png
20260121_120002;Neumun;PABLO;2024;LAON;;https://open.spotify.com/track/4DF1e91DMTM4oTpW8jgsP2;3638923;2647;D:\dev\SB19\OCR\pablo_neumun_2024_screenshot_20260121_123905.png
20260121_120002;Don't Care;PABLO;2024;LAON;;https://open.spotify.com/track/06YsrZvTJmdPNXY5La1jFK;2764727;3120;D:\dev\SB19\OCR\pablo_don_t_care_2024_screenshot_20260121_123932.png
20260121_120002;Butata;PABLO;2024;LAON;;https://open.spotify.com/track/68hXl4L5vCusj8U2QlC73D;6604060;6109;D:\dev\SB19\OCR\pablo_butata_2024_screenshot_20260121_124000.png
20260121_120002;Puyat;PABLO;2024;LAON;;https://open.spotify.com/track/5EiD5Pk0Wv6dkHS1ZpNvzE;3187266;0;D:\dev\SB19\OCR\pablo_puyat_2024_screenshot_20260121_124133.png
20260121_120002;Blessed;PABLO;2024;LAON;;https://open.spotify.com/track/4hdPboEAxOZjaaHML4q62u;4017086;4967;D:\dev\SB19\OCR\pablo_blessed_2024_screenshot_20260121_124201.png
20260121_120002;Tambol (Ibang Planeta);PABLO;2024;LAON;;https://open.spotify.com/track/753jWXJVBxK6cuYDUVbeux;2484499;2254;D:\dev\SB19\OCR\pablo_tambol_ibang_planeta_2024_screenshot_20260121_124229.png
20260121_120002;Micha!;PABLO;2024;LAON;;https://open.spotify.com/track/7F3NzrsN3zNGcIP2FbUYUo;3421425;5948;D:\dev\SB19\OCR\pablo_micha_2024_screenshot_20260121_124256.png
20260121_120002;DETERMINADO;PABLO;2024;Single;Josue;https://open.spotify.com/track/0hQJzMEbXg8ssQwgMbJUbw;6293466;3489;D:\dev\SB19\OCR\pablo_determinado_2024_screenshot_20260121_124324.png
20260121_120002;AKALA;PABLO;2024;Single;Josue;https://open.spotify.com/track/5w4CLRxwroocAzFiJ568oY;5353831;2807;D:\dev\SB19\OCR\pablo_akala_2024_screenshot_20260121_124352.png
20260121_120002;edsa;PABLO;2024;Single;;https://open.spotify.com/track/64p2tRd4zsBsJUucEnfWrX;7799642;0;D:\dev\SB19\OCR\pablo_edsa_2024_screenshot_20260121_124526.png
20260121_120002;Liwanag sa Dilim (from Incognito);PABLO;2025;Single (OST);;https://open.spotify.com/track/3Ynpt5qseTmDdl9bN21FNJ;6277012;7701;D:\dev\SB19\OCR\pablo_liwanag_sa_dilim_from_incognito_2025_screenshot_20260121_124554.png
20260121_120002;Palayo;FELIP;2021;Single;;https://open.spotify.com/track/3FvYLNM5ShB5vDCzGw8syX;12289937;3531;D:\dev\SB19\OCR\felip_palayo_2021_screenshot_20260121_124623.png
20260121_120002;Bulan;FELIP;2022;Single;;https://open.spotify.com/track/2qYmu6Obx3NW1VeNOiCFMK;6658711;2500;D:\dev\SB19\OCR\felip_bulan_2022_screenshot_20260121_124651.png
20260121_120002;ROCKSTA;FELIP;2023;COM•PLEX;;https://open.spotify.com/track/5UhtleGyBZJCvG8cstjLkr;6375716;0;D:\dev\SB19\OCR\felip_rocksta_2023_screenshot_20260121_124823.png
20260121_120002;SUPERIORITY;FELIP;2023;COM•PLEX;;https://open.spotify.com/track/3Tzmy7ExNOlP0tdDr9sjUT;3672918;1583;D:\dev\SB19\OCR\felip_superiority_2023_screenshot_20260121_124850.png
20260121_120002;MICTEST;FELIP;2023;COM•PLEX;;https://open.spotify.com/track/5MC8Oxr5FTIQYJ6f7Cg6gR;4205242;1665;D:\dev\SB19\OCR\felip_mictest_2023_screenshot_20260121_124918.png
20260121_120002;DRINKSMOKE;FELIP;2023;COM•PLEX;;https://open.spotify.com/track/29UIvWBrkjWtVuSEyexLt1;6241385;0;D:\dev\SB19\OCR\felip_drinksmoke_2023_screenshot_20260121_124946.png
20260121_120002;CRIMINAL;FELIP;2023;COM•PLEX;;https://open.spotify.com/track/4YPz66cDppOl9KVUOCpBV5;6636641;6276;D:\dev\SB19\OCR\felip_criminal_2023_screenshot_20260121_125014.png
20260121_120002;STRAYDOGS;FELIP;2023;COM•PLEX;;https://open.spotify.com/track/03aFaNBeCXmFl194HuyWKe;5563153;2128;D:\dev\SB19\OCR\felip_straydogs_2023_screenshot_20260121_125042.png
20260121_120002;Kanako;FELIP;2023;Single;;https://open.spotify.com/track/76hOMoRACZOQq5CfqSNU9i;9700929;7022;D:\dev\SB19\OCR\felip_kanako_2023_screenshot_20260121_125110.png
20260121_120002;Moving Closer;FELIP;2023;Single;;https://open.spotify.com/track/59PCn7ObERln3cPl84CGx6;10276176;5455;D:\dev\SB19\OCR\felip_moving_closer_2023_screenshot_20260121_125137.png
20260121_120002;FLYYY;FELIP;2024;Single;PLAYERTWO;https://open.spotify.com/track/0PWBx43woMnsyUC72NC1Gl;3498372;2093;D:\dev\SB19\OCR\felip_flyyy_2024_screenshot_20260121_125206.png
20260121_120002;Pagdali;FELIP;2024;Single;PLAYERTWO;https://open.spotify.com/track/7fMR5ryCo3m38yyj1PCym4;3388022;2078;D:\dev\SB19\OCR\felip_pagdali_2024_screenshot_20260121_125234.png
20260121_120002;Fake Faces;FELIP;2024;Single;;https://open.spotify.com/track/4ntKnZnztFdovszJpIoeVO;8739344;7056;D:\dev\SB19\OCR\felip_fake_faces_2024_screenshot_20260121_125302.png
20260121_120002;foes;FELIP;2024;7sins;;https://open.spotify.com/track/5IyWs6bAMeT9vPUiUVgSdd;2375409;1987;D:\dev\SB19\OCR\felip_foes_2024_screenshot_20260121_125330.png
20260121_120002;envy;FELIP;2024;7sins;;https://open.spotify.com/track/6uJggzzrSE5tK9CRTZejgm;3397330;2122;D:\dev\SB19\OCR\felip_envy_2024_screenshot_20260121_125359.png
20260121_120002;wrath;FELIP;2024;7sins;;https://open.spotify.com/track/12VANuhDUHnXRtRG6YP72a;3395208;0;D:\dev\SB19\OCR\felip_wrath_2024_screenshot_20260121_125531.png
20260121_120002;greed;FELIP;2024;7sins;;https://open.spotify.com/track/3foNAstTb7fdbbfFnKwn28;3293463;3576;D:\dev\SB19\OCR\felip_greed_2024_screenshot_20260121_125558.png
20260121_120002;pride;FELIP;2024;7sins;;https://open.spotify.com/track/1jZET8rPE5RWZZrkCM2toY;1909673;1772;D:\dev\SB19\OCR\felip_pride_2024_screenshot_20260121_125626.png
20260121_120002;gluttony;FELIP;2024;7sins;PLAYERTWO;https://open.spotify.com/track/216LlnUj3GfZ0yE2hXZxm0;1709068;1402;D:\dev\SB19\OCR\felip_gluttony_2024_screenshot_20260121_125653.png
20260121_120002;lust;FELIP;2024;7sins;Cyra Gwynth;https://open.spotify.com/track/70kZ4pCeZ0WIanftduEDov;3473657;2972;D:\dev\SB19\OCR\felip_lust_2024_screenshot_20260121_125722.png
20260121_120002;sloth;FELIP;2024;7sins;;https://open.spotify.com/track/6PJLoGD9KpyMSx8j7vVWHq;2632536;102633;D:\dev\SB19\OCR\felip_sloth_2024_screenshot_20260121_125750.png
20260121_120002;ache;FELIP;2024;7sins;;https://open.spotify.com/track/3G3ZYOLBcjbIv0GDlIoZeh;4478239;3937;D:\dev\SB19\OCR\felip_ache_2024_screenshot_20260121_125818.png
20260121_120002;ID;FELIP;2025;Featured;SKY-HI, RYOKI, RYUKI, JIMMY;https://open.spotify.com/track/2cXkFKFgEW5Myc0yNy6CqL;2384527;2373;D:\dev\SB19\OCR\felip_id_2025_screenshot_20260121_125845.png
20260121_120002;KAWASAKI;FELIP;2025;Featured;ONE OR EIGHT, thủy;https://open.spotify.com/track/37ifPBg9M2NzlRNHe9WUIy;1633824;1602;D:\dev\SB19\OCR\felip_kawasaki_2025_screenshot_20260121_125915.png
20260121_120002;WILD TONIGHT;JOSH CULLEN;2023;Single;;https://open.spotify.com/track/4yBwaJUom5dOYp54wU6hA2;9672295;0;D:\dev\SB19\OCR\josh_cullen_wild_tonight_2023_screenshot_20260121_130051.png
20260121_120002;Pakiusap Lang;JOSH CULLEN;2023;Single;;https://open.spotify.com/track/6trU06kJgdYaPqRUvz5K9e;5241474;1949;D:\dev\SB19\OCR\josh_cullen_pakiusap_lang_2023_screenshot_20260121_130119.png
20260121_120002;GET RIGHT;JOSH CULLEN;2023;Single;;https://open.spotify.com/track/56FnjRDkdoCV5lVSyuQ9MU;4588374;2844;D:\dev\SB19\OCR\josh_cullen_get_right_2023_screenshot_20260121_130148.png
20260121_120002;Yoko Na;JOSH CULLEN;2024;Single;Al James;https://open.spotify.com/track/6SIaYQUPOJpO8XFWeTl5dC;10316472;4838;D:\dev\SB19\OCR\josh_cullen_yoko_na_2024_screenshot_20260121_130216.png
20260121_120002;1999;JOSH CULLEN;2024;Lost & Found;;https://open.spotify.com/track/0PMfgKba5PLGETb02cDcMg;6164741;6670;D:\dev\SB19\OCR\josh_cullen_1999_2024_screenshot_20260121_130245.png
20260121_120002;See Me;JOSH CULLEN;2024;Lost & Found;;https://open.spotify.com/track/5jH6p468HtmNHdJiubGQ6t;2885947;2928;D:\dev\SB19\OCR\josh_cullen_see_me_2024_screenshot_20260121_130313.png
20260121_120002;Silent Cries;JOSH CULLEN;2024;Lost & Found;;https://open.spotify.com/track/1x0Y2jS5oJW4Q3aU9jZBER;3800019;2985;D:\dev\SB19\OCR\josh_cullen_silent_cries_2024_screenshot_20260121_130342.png
20260121_120002;Honest;JOSH CULLEN;2024;Lost & Found;;https://open.spotify.com/track/1Rl5KDAu4wrUsQZZtD2hiy;2620650;2468;D:\dev\SB19\OCR\josh_cullen_honest_2024_screenshot_20260121_130411.png
20260121_120002;No Control;JOSH CULLEN;2024;Lost & Found;(e)motion engine;https://open.spotify.com/track/0Rg0DIhiShdvZvF7snNZIt;2172733;2145;D:\dev\SB19\OCR\josh_cullen_no_control_2024_screenshot_20260121_130439.png
20260121_120002;Lights Out;JOSH CULLEN;2024;Lost & Found;Mo Mitchell;https://open.spotify.com/track/2TQQX4gYeQmobxNEXwtrZ3;1932029;2290;D:\dev\SB19\OCR\josh_cullen_lights_out_2024_screenshot_20260121_130508.png
20260121_120002;Sumaya;JOSH CULLEN;2024;Lost & Found;;https://open.spotify.com/track/2qKu8tPpilCBJqxzGWcOaC;5274304;3108;D:\dev\SB19\OCR\josh_cullen_sumaya_2024_screenshot_20260121_130538.png
20260121_120002;Silent Cries (Instrumental);JOSH CULLEN;2024;Lost & Found;;https://open.spotify.com/track/5FQodaxJAZTUPjdpbDT9pa;524905;694;D:\dev\SB19\OCR\josh_cullen_silent_cries_instrumental_2024_screenshot_20260121_130606.png
20260121_120002;No Control (Instrumental);JOSH CULLEN;2024;Lost & Found;;https://open.spotify.com/track/65LG9NubWQtyImpyNXotHo;511935;656;D:\dev\SB19\OCR\josh_cullen_no_control_instrumental_2024_screenshot_20260121_130635.png
20260121_120002;Takbuhan;JOSH CULLEN;2024;Featured;Kael Guerrero;https://open.spotify.com/track/3RCVzaTWA7h1SR0nWQtIk1;902958;1186;D:\dev\SB19\OCR\josh_cullen_takbuhan_2024_screenshot_20260121_130705.png
20260121_120002;Re: Thinkin' About You;JOSH CULLEN;2024;Featured;H1-KEY;https://open.spotify.com/track/2R1CjdVdXz7frvQRwCdQa6;4214969;3156;D:\dev\SB19\OCR\josh_cullen_re_thinkin_about_you_2024_screenshot_20260121_130733.png
20260121_120002;Room;Stell;2024;Room EP;;https://open.spotify.com/track/1PLKN0HC7m5drBHg0jarZE;11863701;12397;D:\dev\SB19\OCR\stell_room_2024_screenshot_20260121_130802.png
20260121_120002;Anino;Stell;2024;Room EP;;https://open.spotify.com/track/5tMJZOyBv8t49i9elHuQZF;6994089;0;D:\dev\SB19\OCR\stell_anino_2024_screenshot_20260121_130828.png
20260121_120002;'Di Ko Masabi;Stell;2024;Room EP;;https://open.spotify.com/track/3JEE0hhTI6u9CEZCZWalKe;7536798;8490;D:\dev\SB19\OCR\stell_di_ko_masabi_2024_screenshot_20260121_130855.png
20260121_120002;Classic;Stell;2024;Room EP;;https://open.spotify.com/track/15bdfvbGida1Z8OVZ0YvSQ;6450875;9021;D:\dev\SB19\OCR\stell_classic_2024_screenshot_20260121_130923.png
20260121_120002;Room (Stripped);Stell;2024;Room EP;;https://open.spotify.com/track/6fwpkEZRQZ8Kr5Ws4q0Kyn;4698677;5906;D:\dev\SB19\OCR\stell_room_stripped_2024_screenshot_20260121_130950.png
20260121_120002;Surreal;justin;2024;Single;;https://open.spotify.com/track/5TT4xi1HEPTkVTO59jY3tz;14859728;10992;D:\dev\SB19\OCR\justin_surreal_2024_screenshot_20260121_131017.png
20260121_120002;Sunday Morning;justin;2024;Single (Cover);;https://open.spotify.com/track/3sp427zYHOXL3LPCYgwuRv;5383453;4928;D:\dev\SB19\OCR\justin_sunday_morning_2024_screenshot_20260121_131045.png
20260121_120002;Kaibigan;justin;2024;Single;;https://open.spotify.com/track/3rwioq6hSNjwynK8rVPCma;8722373;7146;D:\dev\SB19\OCR\justin_kaibigan_2024_screenshot_20260121_131113.png
20260121_120002;Palayo;justin;2024;Single;;https://open.spotify.com/track/0WoGaGmUip0OPQ662Drdlj;1543092;3344;D:\dev\SB19\OCR\justin_palayo_2024_screenshot_20260121_131141.png
20260121_120002;Silangan;justin;2024;Single;;https://open.spotify.com/track/4nnhn2O5oQmPC2HedN5W4b;698509;2369;D:\dev\SB19\OCR\justin_silangan_2024_screenshot_20260121_131210.png
20260121_120002;Sampung Mga Daliri;justin;2025;Single;dwta;https://open.spotify.com/track/2MHg2BVPaTgiCUDWp2jZqf;7480239;6154;D:\dev\SB19\OCR\justin_sampung_mga_daliri_2025_screenshot_20260121_131239.png
20260121_120002;GENTO - From THE FIRST TAKE;SB19;2023;THE FIRST TAKE;;https://open.spotify.com/track/2h7syqD1QScej4PqMxJfp2;6961709;10326;D:\dev\SB19\OCR\sb19_gento_from_the_first_take_2023_screenshot_20260121_131309.png
20260121_120002;MAPA - From THE FIRST TAKE;SB19;2023;THE FIRST TAKE;;https://open.spotify.com/track/4MZbVDIPOYmPkjcVqpPe9v;6122890;7587;D:\dev\SB19\OCR\sb19_mapa_from_the_first_take_2023_screenshot_20260121_131339.png
20260121_120002;DAM - From THE FIRST TAKE;SB19;2025;THE FIRST TAKE;;https://open.spotify.com/track/14WOLW4oTwD7Mh9eb0hLDs;1928196;19381;D:\dev\SB19\OCR\sb19_dam_from_the_first_take_2025_screenshot_20260121_131407.png
20260121_120002;Time - From THE FIRST TAKE;SB19;2025;THE FIRST TAKE;;https://open.spotify.com/track/1ctnGFHyklJbmHLyaDYtyg;2025654;24123;D:\dev\SB19\OCR\sb19_time_from_the_first_take_2025_screenshot_20260121_131435.png
20260121_120002;No Stopping You (Remix);SB19;2021;Single;Jayda;https://open.spotify.com/track/1dPLpa30IWMBqok6sIKDiP;8691565;8263;D:\dev\SB19\OCR\sb19_no_stopping_you_remix_2021_screenshot_20260121_131504.png
20260121_120002;Moonlight (Ian Asher Club Mix);SB19;2024;Single;Ian Asher, Terry Zhong;https://open.spotify.com/track/5YYzdzlunDyLDwlM40W0Gc;2912612;4468;D:\dev\SB19\OCR\sb19_moonlight_ian_asher_club_mix_2024_screenshot_20260121_131533.png
20260121_120002;Umaaligid (Extended Ver.);SB19;2025;Single;Sarah Geronimo;https://open.spotify.com/track/1XFHLGwXrlL0FpJgRcFYTI;2688534;4604;D:\dev\SB19\OCR\sb19_umaaligid_extended_ver_2025_screenshot_20260121_131603.png
20260121_120002;Love Yours (DIOR & RealBros Remix);SB19;2022;Featured;Ohwon Lee;https://open.spotify.com/track/3qw9D8YC0sezDriUMx5lRG;860190;498;D:\dev\SB19\OCR\sb19_love_yours_dior_realbros_remix_2022_screenshot_20260121_131631.png
20260121_120002;What? - Extended Version;SB19;2021;Pagsibol;;https://open.spotify.com/track/7jn2llkeDI9IRROCYNa7sL;6258796;6139;D:\dev\SB19\OCR\sb19_what_extended_version_2021_screenshot_20260121_131700.png
20260121_195621;Ace Your World;SB19;2023;Promotional (Acer);Acer Philippines, Sarah Geronimo;https://open.spotify.com/track/3lgJ5YAfc6wxVB9xpUDyH9;3071047;0;D:\dev\sb19\OCR\sb19_ace_your_world_2023_screenshot_20260121_195742.png
20260121_195621;Freedom;SB19;2023;Pagtatag!;;https://open.spotify.com/track/2CuYpdcx2f9XbMZhc3ST8E;16293110;0;D:\dev\sb19\OCR\sb19_freedom_2023_screenshot_20260121_195915.png
20260121_195621;G Pa Rin Ang Pasko;SB19;2021;Promotional (GCash);GCash;https://open.spotify.com/track/0JYEUl8iJovowKP7Xi6mSM;796732;0;D:\dev\sb19\OCR\sb19_g_pa_rin_ang_pasko_2021_screenshot_20260121_195943.png
20260121_195621;Go Up;SB19;2019;Get in the Zone;;https://open.spotify.com/track/2sGj6gqCUqnT4Y0IZ0oMlY;23472894;0;D:\dev\sb19\OCR\sb19_go_up_2019_screenshot_20260121_200115.png
20260121_195621;Puyat;PABLO;2024;LAON;;https://open.spotify.com/track/5EiD5Pk0Wv6dkHS1ZpNvzE;3187266;0;D:\dev\sb19\OCR\pablo_puyat_2024_screenshot_20260121_200248.png
20260121_195621;ROCKSTA;FELIP;2023;COM•PLEX;;https://open.spotify.com/track/5UhtleGyBZJCvG8cstjLkr;6375716;0;D:\dev\sb19\OCR\felip_rocksta_2023_screenshot_20260121_200421.png
20260121_195621;WILD TONIGHT;JOSH CULLEN;2023;Single;;https://open.spotify.com/track/4yBwaJUom5dOYp54wU6hA2;16307953;0;D:\dev\sb19\OCR\josh_cullen_wild_tonight_2023_screenshot_20260121_200448.png
20260121_195621;edsa;PABLO;2024;Single;;https://open.spotify.com/track/64p2tRd4zsBsJUucEnfWrX;7799642;0;D:\dev\sb19\OCR\pablo_edsa_2024_screenshot_20260121_200624.png
20260121_195621;wrath;FELIP;2024;7sins;;https://open.spotify.com/track/12VANuhDUHnXRtRG6YP72a;3395208;0;D:\dev\sb19\OCR\felip_wrath_2024_screenshot_20260121_200759.png
20260121_195621;Ready, Set, G!;SB19;2022;Promotional (GCash);GCash, GCash Jr.;https://open.spotify.com/track/3RFGJAl8B1MiW4Ti6qvGeq;1134886;0;D:\dev\sb19\OCR\sb19_ready_set_g_2022_screenshot_20260121_200826.png
20260122_120001;Tilaluha;SB19;2018;Get in the Zone;;https://open.spotify.com/track/0fPJsVtCOXqjHxKS9kc13s;23537731;13291;D:\dev\SB19\OCR\sb19_tilaluha_2018_screenshot_20260122_120050.png
20260122_120001;Go Up;SB19;2019;Get in the Zone;;https://open.spotify.com/track/2sGj6gqCUqnT4Y0IZ0oMlY;23472894;0;D:\dev\SB19\OCR\sb19_go_up_2019_screenshot_20260122_120219.png
20260122_120001;Alab (Burning);SB19;2019;Get in the Zone;;https://open.spotify.com/track/053ZzdU3Rya4NMxiWMPqnq;22494878;13760;D:\dev\SB19\OCR\sb19_alab_burning_2019_screenshot_20260122_120245.png
20260122_120001;Hanggang Sa Huli;SB19;2020;Get in the Zone;;https://open.spotify.com/track/2WUhR1SraSy0SVIQKohJb6;32133510;15657;D:\dev\SB19\OCR\sb19_hanggang_sa_huli_2020_screenshot_20260122_120313.png
20260122_120001;Love Goes;SB19;2020;Get in the Zone;;https://open.spotify.com/track/5p70OUKixtLRpnK5uSdqro;11083800;8164;D:\dev\SB19\OCR\sb19_love_goes_2020_screenshot_20260122_120341.png
20260122_120001;Love Goes (EDM Version);SB19;2020;Get in the Zone;;https://open.spotify.com/track/0LAh3hfeuUekvLm3Nq6MmA;7100731;4534;D:\dev\SB19\OCR\sb19_love_goes_edm_version_2020_screenshot_20260122_120409.png
20260122_120001;'Wag Mong Ikunot Ang Iyong Noo;SB19;2020;Get in the Zone;;https://open.spotify.com/track/5sJxhdzehdLq9iPzNnTR71;9404775;7912;D:\dev\SB19\OCR\sb19_wag_mong_ikunot_ang_iyong_noo_2020_screenshot_20260122_120438.png
20260122_120001;Tilaluha (Instrumental);SB19;2020;Get in the Zone;;https://open.spotify.com/track/5lMxdErNKHh797tOT3mBvk;2204084;1234;D:\dev\SB19\OCR\sb19_tilaluha_instrumental_2020_screenshot_20260122_120506.png
20260122_120001;Hanggang Sa Huli (Instrumental);SB19;2020;Get in the Zone;;https://open.spotify.com/track/6JZkWjVjOQAUPzNfGr4Dp0;2312572;977;D:\dev\SB19\OCR\sb19_hanggang_sa_huli_instrumental_2020_screenshot_20260122_120535.png
20260122_120001;What?;SB19;2021;Pagsibol;;https://open.spotify.com/track/1evZendZnEe8a8eXjd1Bcn;25592130;15798;D:\dev\SB19\OCR\sb19_what_2021_screenshot_20260122_120604.png
20260122_120001;MAPA;SB19;2021;Pagsibol;;https://open.spotify.com/track/6Fz2TpxUD0YvAPsuG8nDMJ;85686301;41918;D:\dev\SB19\OCR\sb19_mapa_2021_screenshot_20260122_120631.png
20260122_120001;Bazinga;SB19;2021;Pagsibol;;https://open.spotify.com/track/5QZw4F3N3PvuKNKHm9L20b;31636968;17045;D:\dev\SB19\OCR\sb19_bazinga_2021_screenshot_20260122_120700.png
20260122_120001;SLMT;SB19;2021;Pagsibol;;https://open.spotify.com/track/0AbJoAxuqYgMrmXvtFOc0K;17381683;12426;D:\dev\SB19\OCR\sb19_slmt_2021_screenshot_20260122_120727.png
20260122_120001;Mana;SB19;2021;Pagsibol;;https://open.spotify.com/track/0EtkP3TUHvTeDIgrpgMS8m;20678045;14078;D:\dev\SB19\OCR\sb19_mana_2021_screenshot_20260122_120755.png
20260122_120001;Ikako;SB19;2020;Pagsibol;;https://open.spotify.com/track/5qHUmt5jIvDaOzMXiX533o;14653570;12057;D:\dev\SB19\OCR\sb19_ikako_2020_screenshot_20260122_120823.png
20260122_120001;Gento;SB19;2023;Pagtatag!;;https://open.spotify.com/track/1o6uF8VmXna99ysHTcQRI2;75524677;40949;D:\dev\SB19\OCR\sb19_gento_2023_screenshot_20260122_120850.png
20260122_120001;I Want You;SB19;2023;Pagtatag!;;https://open.spotify.com/track/16GGH8OF6LiSUTTbm8421f;31399669;19026;D:\dev\SB19\OCR\sb19_i_want_you_2023_screenshot_20260122_120918.png
20260122_120001;Ilaw;SB19;2023;Pagtatag!;;https://open.spotify.com/track/4zoqT3f80GyytJvnhVHgEl;19597024;16971;D:\dev\SB19\OCR\sb19_ilaw_2023_screenshot_20260122_120946.png
20260122_120001;Crimzone;SB19;2023;Pagtatag!;;https://open.spotify.com/track/5GcS9zT4iIL7l0JrqZeG6O;25215994;18775;D:\dev\SB19\OCR\sb19_crimzone_2023_screenshot_20260122_121014.png
20260122_120001;LIHAM;SB19;2023;Pagtatag!;;https://open.spotify.com/track/5MQ1nQ0MZMRO4yPQWdCeEb;19994540;16285;D:\dev\SB19\OCR\sb19_liham_2023_screenshot_20260122_121042.png
20260122_120001;Freedom;SB19;2023;Pagtatag!;;https://open.spotify.com/track/2CuYpdcx2f9XbMZhc3ST8E;16321791;28681;D:\dev\SB19\OCR\sb19_freedom_2023_screenshot_20260122_121111.png
20260122_120001;DAM;SB19;2025;Simula at Wakas;;https://open.spotify.com/track/1NNsL6tYk06TqTea3mKB9P;59968185;101547;D:\dev\SB19\OCR\sb19_dam_2025_screenshot_20260122_121139.png
20260122_120001;Time;SB19;2025;Simula at Wakas;;https://open.spotify.com/track/1OvE4CwaIZJ89Eq0qXGCEF;21631804;49866;D:\dev\SB19\OCR\sb19_time_2025_screenshot_20260122_121206.png
20260122_120001;8TonBall;SB19;2025;Simula at Wakas;;https://open.spotify.com/track/7AqrfyOdFWPnjQrgzWzcUz;15635365;41718;D:\dev\SB19\OCR\sb19_8tonball_2025_screenshot_20260122_121233.png
20260122_120001;Quit;SB19;2025;Simula at Wakas;;https://open.spotify.com/track/7oIQWmbKShhEt2yTSBxNpu;16706416;42563;D:\dev\SB19\OCR\sb19_quit_2025_screenshot_20260122_121301.png
20260122_120001;Shooting for the Stars;SB19;2025;Simula at Wakas;;https://open.spotify.com/track/6q3qzeZgWgoFrV6DmaZr1R;14635439;40380;D:\dev\SB19\OCR\sb19_shooting_for_the_stars_2025_screenshot_20260122_121328.png
20260122_120001;Dungka!;SB19;2025;Simula at Wakas;;https://open.spotify.com/track/7mqsPvhSR1CtY6PkTf1YVy;27349280;56477;D:\dev\SB19\OCR\sb19_dungka_2025_screenshot_20260122_121356.png
20260122_120001;DAM (Extended Ver.);SB19;2025;Simula at Wakas;;https://open.spotify.com/track/0pjhHUx21NsPuSCH0H3lW6;18652242;24862;D:\dev\SB19\OCR\sb19_dam_extended_ver_2025_screenshot_20260122_121425.png
20260122_120001;WYAT (Where You At);SB19;2022;Single;;https://open.spotify.com/track/1z50Hub2XCsAPWo8zgoePu;24954872;13246;D:\dev\SB19\OCR\sb19_wyat_where_you_at_2022_screenshot_20260122_121453.png
20260122_120001;Nyebe;SB19;2022;Single;;https://open.spotify.com/track/6aLjE6peuaJQRWRgfjxrRw;17979488;16124;D:\dev\SB19\OCR\sb19_nyebe_2022_screenshot_20260122_121522.png
20260122_120001;No Stopping You;SB19;2021;Single;;https://open.spotify.com/track/3KDOf2p1DrKhiqX78R82sh;8698708;7143;D:\dev\SB19\OCR\sb19_no_stopping_you_2021_screenshot_20260122_121550.png
20260122_120001;Ligaya;SB19;2021;Single (Christmas);;https://open.spotify.com/track/2lwaPRPgP9EaaMsbzVaZ3O;9667377;5789;D:\dev\SB19\OCR\sb19_ligaya_2021_screenshot_20260122_121618.png
20260122_120001;MAPA (Band Version);SB19;2021;Single;Ben&Ben;https://open.spotify.com/track/0QQoU68nnBRWJqr9ak3mnS;27843866;9205;D:\dev\SB19\OCR\sb19_mapa_band_version_2021_screenshot_20260122_121646.png
20260122_120001;Kabataang Pinoy;SB19;2022;Single;BINI;https://open.spotify.com/track/6aXWWGw7sQJLx82jZndSQZ;9077445;2830;D:\dev\SB19\OCR\sb19_kabataang_pinoy_2022_screenshot_20260122_121715.png
20260122_120001;Win Your Heart;SB19;2022;Single;;https://open.spotify.com/track/0DnNMu0v71ICscsyuQgmu3;11009736;8495;D:\dev\SB19\OCR\sb19_win_your_heart_2022_screenshot_20260122_121743.png
20260122_120001;Christmas Party (SB19 Version);SB19;2022;Single (Cover);;https://open.spotify.com/track/387ZTKanhRfPXazSyzTWUj;4441105;2747;D:\dev\SB19\OCR\sb19_christmas_party_sb19_version_2022_screenshot_20260122_121811.png
20260122_120001;golden hour (SB19 Remix);SB19;2023;Single;JVKE;https://open.spotify.com/track/4cGKycusCcECMX79k4NQwS;20868772;11354;D:\dev\SB19\OCR\sb19_golden_hour_sb19_remix_2023_screenshot_20260122_121841.png
20260122_120001;Moonlight;SB19;2024;Single;Ian Asher, Terry Zhong;https://open.spotify.com/track/1xAYG31LamC5qlykRhbWxd;22507451;13497;D:\dev\SB19\OCR\sb19_moonlight_2024_screenshot_20260122_121909.png
20260122_120001;Ready;SB19;2024;Single;apl.de.ap;https://open.spotify.com/track/4JZocgyzKHdRF0iSOcodJn;9646905;8969;D:\dev\SB19\OCR\sb19_ready_2024_screenshot_20260122_121938.png
20260122_120001;KALAKAL;SB19;2024;Single;Gloc-9;https://open.spotify.com/track/1cFGU7MQu0mHS5uVyD1STP;21590795;14689;D:\dev\SB19\OCR\sb19_kalakal_2024_screenshot_20260122_122005.png
20260122_120001;MAPA (Indonesian Version);SB19;2025;Single;Aruma;https://open.spotify.com/track/23FJNFAeNLzAuFORNvyBFf;7323591;9767;D:\dev\SB19\OCR\sb19_mapa_indonesian_version_2025_screenshot_20260122_122033.png
20260122_120001;Umaaligid;SB19;2025;Single;Sarah Geronimo;https://open.spotify.com/track/5XYYmsZJG5qIBAniny4bHe;12877587;23826;D:\dev\SB19\OCR\sb19_umaaligid_2025_screenshot_20260122_122102.png
20260122_120001;Burn The Flame;SB19;2025;Single (Honor of Kings);Honor of Kings;https://open.spotify.com/track/3mvN8n8mg7X41CbGvc7xYU;2860194;23127;D:\dev\SB19\OCR\sb19_burn_the_flame_2025_screenshot_20260122_122130.png
20260122_120001;Burn The Flame (Taglish Version);SB19;2025;Single (Honor of Kings);Honor of Kings;https://open.spotify.com/track/0aKGIF1iGjV6D6vXYDJgyy;792140;5134;D:\dev\SB19\OCR\sb19_burn_the_flame_taglish_version_2025_screenshot_20260122_122200.png
20260122_120001;Burn The Flame (Karaoke Version);SB19;2025;Single (Honor of Kings);Honor of Kings;https://open.spotify.com/track/38UTDIDP582bP8ZAU20bsT;189290;1287;D:\dev\SB19\OCR\sb19_burn_the_flame_karaoke_version_2025_screenshot_20260122_122228.png
20260122_120001;Burn The Flame (Instrumental);SB19;2025;Single (Honor of Kings);Honor of Kings;https://open.spotify.com/track/1MLMEY4ahXUjTcmi01s4jA;134376;462;D:\dev\SB19\OCR\sb19_burn_the_flame_instrumental_2025_screenshot_20260122_122257.png
20260122_120001;Love Yours;SB19;2021;Featured;Ohwon Lee;https://open.spotify.com/track/62iq4hiMI4CxLek4nYI14R;5486365;3751;D:\dev\SB19\OCR\sb19_love_yours_2021_screenshot_20260122_122326.png
20260122_120001;Kapangyarihan;SB19;2021;Featured;Ben&Ben;https://open.spotify.com/track/6FFtbC1K2aNeCS376paoHN;22954057;21151;D:\dev\SB19\OCR\sb19_kapangyarihan_2021_screenshot_20260122_122355.png
20260122_120001;The One;SB19;2022;Promotional (Dunkin');Dunkin';https://open.spotify.com/track/5SZPGItm64sVZ8KVYmoV4N;8848287;6500;D:\dev\SB19\OCR\sb19_the_one_2022_screenshot_20260122_122425.png
20260122_120001;Merry Munchkins (SB19 Version);SB19;2021;Promotional (Dunkin');Dunkin' Philippines;https://open.spotify.com/track/3r3U5OpESU60BAVT11KuYS;2731264;448;D:\dev\SB19\OCR\sb19_merry_munchkins_sb19_version_2021_screenshot_20260122_122452.png
20260122_120001;Live It Up;SB19;2021;Promotional (Acer);Acer Philippines;https://open.spotify.com/track/42D9L3kTskZ5anDWGBhtEk;3912571;1668;D:\dev\SB19\OCR\sb19_live_it_up_2021_screenshot_20260122_122521.png
20260122_120001;Make Your Green Mark;SB19;2022;Promotional (Acer);Acer Philippines;https://open.spotify.com/track/0thBJj3R0mM8mLwe2WMJI1;2449477;979;D:\dev\SB19\OCR\sb19_make_your_green_mark_2022_screenshot_20260122_122550.png
20260122_120001;Ace Your World;SB19;2023;Promotional (Acer);Acer Philippines, Sarah Geronimo;https://open.spotify.com/track/3lgJ5YAfc6wxVB9xpUDyH9;3071047;0;D:\dev\SB19\OCR\sb19_ace_your_world_2023_screenshot_20260122_122724.png
20260122_120001;Reset;SB19;2023;Promotional (Acer);Sandara Park;https://open.spotify.com/track/6a7itY9YQTkmb8oMwwmhRp;3159609;1918;D:\dev\SB19\OCR\sb19_reset_2023_screenshot_20260122_122752.png
20260122_120001;Tahanan;SB19;2025;Promotional (Acer);Acer Philippines;https://open.spotify.com/track/6XOT8LCjly8StKCooz6pp1;1534182;11475;D:\dev\SB19\OCR\sb19_tahanan_2025_screenshot_20260122_122821.png
20260122_120001;G Pa Rin Ang Pasko;SB19;2021;Promotional (GCash);GCash;https://open.spotify.com/track/0JYEUl8iJovowKP7Xi6mSM;796732;0;D:\dev\SB19\OCR\sb19_g_pa_rin_ang_pasko_2021_screenshot_20260122_122850.png
20260122_120001;Ready, Set, G!;SB19;2022;Promotional (GCash);GCash, GCash Jr.;https://open.spotify.com/track/3RFGJAl8B1MiW4Ti6qvGeq;1134886;0;D:\dev\SB19\OCR\sb19_ready_set_g_2022_screenshot_20260122_122919.png
20260122_120001;We Wish You A Merry GCash;SB19;2023;Promotional (GCash);GCash;https://open.spotify.com/track/7H2N6amk6lmn9oahy3qxQl;1318843;910;D:\dev\SB19\OCR\sb19_we_wish_you_a_merry_gcash_2023_screenshot_20260122_122949.png
20260122_120001;Make It Merry, I-GCash Mo;SB19;2023;Promotional (GCash);GCash;https://open.spotify.com/track/1cTLpJs2LHvA0q5Z6YWzbD;984196;3494;D:\dev\SB19\OCR\sb19_make_it_merry_i_gcash_mo_2023_screenshot_20260122_123019.png
20260122_120001;Tara, Summer Na!;SB19;2024;Promotional (GCash);GCash;https://open.spotify.com/track/5RbO3gk0BiIfoFop0un9Dn;1891244;1320;D:\dev\SB19\OCR\sb19_tara_summer_na_2024_screenshot_20260122_123048.png
20260122_120001;TM Doble Dekada (Samahang Pina-Easy);SB19;2021;Promotional (TM);The Juans, Donnalyn, Matthaios;https://open.spotify.com/track/5pSDEveqgXTvPU102hAIY1;7774057;0;D:\dev\SB19\OCR\sb19_tm_doble_dekada_samahang_pina_easy_2021_screenshot_20260122_123227.png
20260122_120001;Dobleng GV sa FunPasko (Noon, Ngayon, Palagi);SB19;2021;Promotional (TM);The Juans;https://open.spotify.com/track/5hVNG3wLy8rSSCqShicG4I;671648;506;D:\dev\SB19\OCR\sb19_dobleng_gv_sa_funpasko_noon_ngayon_palagi_2021_screenshot_20260122_123257.png
20260122_120001;TM FunPasko (Samahang Pina-Easy);SB19;2021;Promotional (TM);The Juans, Donnalyn;https://open.spotify.com/track/1ZLVZ75W0ZNqiuzQPbz3ZG;899611;772;D:\dev\SB19\OCR\sb19_tm_funpasko_samahang_pina_easy_2021_screenshot_20260122_123327.png
20260122_120001;Push Ang Pusuan;SB19;2021;Promotional (TM);The Juans, Matthaios;https://open.spotify.com/track/2hUZkOBSRlp6uB9hXvYgPi;3453433;4196;D:\dev\SB19\OCR\sb19_push_ang_pusuan_2021_screenshot_20260122_123356.png
20260122_120001;Team Tayo;SB19;2023;Promotional (TM);The Juans;https://open.spotify.com/track/3aKVPphQZ3kjwY7Tn1TUhP;1054644;517;D:\dev\SB19\OCR\sb19_team_tayo_2023_screenshot_20260122_123425.png
20260122_120001;Ating Pasko;SB19;2024;Promotional;G22;https://open.spotify.com/track/7y5C9pM3gt7WNoiSzFHcGN;2424436;425;D:\dev\SB19\OCR\sb19_ating_pasko_2024_screenshot_20260122_123453.png
20260122_120001;La Luna;PABLO;2022;Single;;https://open.spotify.com/track/2UH7vzHodDdXtNyPEeHkb7;17403043;4307;D:\dev\SB19\OCR\pablo_la_luna_2022_screenshot_20260122_123522.png
20260122_120001;La Luna;PABLO;2024;ALON;;https://open.spotify.com/track/01NEcBpMXPQNxONQnObJJ3;17403043;4307;D:\dev\SB19\OCR\pablo_la_luna_2024_screenshot_20260122_123549.png
20260122_120001;Presyon;PABLO;2024;ALON;;https://open.spotify.com/track/7cErqp4Jg64PcqAE0uYeZP;2629669;2715;D:\dev\SB19\OCR\pablo_presyon_2024_screenshot_20260122_123617.png
20260122_120001;Wala;PABLO;2024;ALON;;https://open.spotify.com/track/5gLNDt687YE0Zgad2yaaAD;2863049;2997;D:\dev\SB19\OCR\pablo_wala_2024_screenshot_20260122_123645.png
20260122_120001;The Boy Who Cried Wolf;PABLO;2024;ALON;;https://open.spotify.com/track/3dNKnbTBjliNTwCeLqlMG3;4860784;4937;D:\dev\SB19\OCR\pablo_the_boy_who_cried_wolf_2024_screenshot_20260122_123713.png
20260122_120001;Kumunoy;PABLO;2024;ALON;;https://open.spotify.com/track/6WkQrra0cZQAo42aMxdT2X;3919009;6059;D:\dev\SB19\OCR\pablo_kumunoy_2024_screenshot_20260122_123741.png
20260122_120001;Kelan;PABLO;2024;ALON;Josue;https://open.spotify.com/track/39aItIaR9sIBz3EP8RXuhs;2423589;3710;D:\dev\SB19\OCR\pablo_kelan_2024_screenshot_20260122_123809.png
20260122_120001;Drowning in the Water;PABLO;2024;ALON;;https://open.spotify.com/track/6065mStxNxs8sCy3yCrg8H;5587889;6497;D:\dev\SB19\OCR\pablo_drowning_in_the_water_2024_screenshot_20260122_123837.png
20260122_120001;Breathe (Outro);PABLO;2024;ALON;;https://open.spotify.com/track/2lKyuf60Q5qSwTF0dl7qM6;4943079004;0;D:\dev\SB19\OCR\pablo_breathe_outro_2024_screenshot_20260122_123906.png
20260122_120001;Neumun;PABLO;2024;LAON;;https://open.spotify.com/track/4DF1e91DMTM4oTpW8jgsP2;3642870;3947;D:\dev\SB19\OCR\pablo_neumun_2024_screenshot_20260122_123933.png
20260122_120001;Don't Care;PABLO;2024;LAON;;https://open.spotify.com/track/06YsrZvTJmdPNXY5La1jFK;2768027;3300;D:\dev\SB19\OCR\pablo_don_t_care_2024_screenshot_20260122_124001.png
20260122_120001;Butata;PABLO;2024;LAON;;https://open.spotify.com/track/68hXl4L5vCusj8U2QlC73D;6609872;5812;D:\dev\SB19\OCR\pablo_butata_2024_screenshot_20260122_124029.png
20260122_120001;Puyat;PABLO;2024;LAON;;https://open.spotify.com/track/5EiD5Pk0Wv6dkHS1ZpNvzE;3187266;0;D:\dev\SB19\OCR\pablo_puyat_2024_screenshot_20260122_124203.png
20260122_120001;Blessed;PABLO;2024;LAON;;https://open.spotify.com/track/4hdPboEAxOZjaaHML4q62u;4022578;5492;D:\dev\SB19\OCR\pablo_blessed_2024_screenshot_20260122_124231.png
20260122_120001;Tambol (Ibang Planeta);PABLO;2024;LAON;;https://open.spotify.com/track/753jWXJVBxK6cuYDUVbeux;2487104;2605;D:\dev\SB19\OCR\pablo_tambol_ibang_planeta_2024_screenshot_20260122_124258.png
20260122_120001;Micha!;PABLO;2024;LAON;;https://open.spotify.com/track/7F3NzrsN3zNGcIP2FbUYUo;3427887;6462;D:\dev\SB19\OCR\pablo_micha_2024_screenshot_20260122_124326.png
20260122_120001;DETERMINADO;PABLO;2024;Single;Josue;https://open.spotify.com/track/0hQJzMEbXg8ssQwgMbJUbw;6298222;4756;D:\dev\SB19\OCR\pablo_determinado_2024_screenshot_20260122_124353.png
20260122_120001;AKALA;PABLO;2024;Single;Josue;https://open.spotify.com/track/5w4CLRxwroocAzFiJ568oY;5358234;4403;D:\dev\SB19\OCR\pablo_akala_2024_screenshot_20260122_124421.png
20260122_120001;edsa;PABLO;2024;Single;;https://open.spotify.com/track/64p2tRd4zsBsJUucEnfWrX;7808989;9347;D:\dev\SB19\OCR\pablo_edsa_2024_screenshot_20260122_124449.png
20260122_120001;Liwanag sa Dilim (from Incognito);PABLO;2025;Single (OST);;https://open.spotify.com/track/3Ynpt5qseTmDdl9bN21FNJ;6285483;8471;D:\dev\SB19\OCR\pablo_liwanag_sa_dilim_from_incognito_2025_screenshot_20260122_124517.png
20260122_120001;Palayo;FELIP;2021;Single;;https://open.spotify.com/track/3FvYLNM5ShB5vDCzGw8syX;12294625;4688;D:\dev\SB19\OCR\felip_palayo_2021_screenshot_20260122_124547.png
20260122_120001;Bulan;FELIP;2022;Single;;https://open.spotify.com/track/2qYmu6Obx3NW1VeNOiCFMK;6661541;2830;D:\dev\SB19\OCR\felip_bulan_2022_screenshot_20260122_124615.png
20260122_120001;ROCKSTA;FELIP;2023;COM•PLEX;;https://open.spotify.com/track/5UhtleGyBZJCvG8cstjLkr;6382041;6325;D:\dev\SB19\OCR\felip_rocksta_2023_screenshot_20260122_124642.png
20260122_120001;SUPERIORITY;FELIP;2023;COM•PLEX;;https://open.spotify.com/track/3Tzmy7ExNOlP0tdDr9sjUT;3674630;1712;D:\dev\SB19\OCR\felip_superiority_2023_screenshot_20260122_124710.png
20260122_120001;MICTEST;FELIP;2023;COM•PLEX;;https://open.spotify.com/track/5MC8Oxr5FTIQYJ6f7Cg6gR;4206823;1581;D:\dev\SB19\OCR\felip_mictest_2023_screenshot_20260122_124739.png
20260122_120001;DRINKSMOKE;FELIP;2023;COM•PLEX;;https://open.spotify.com/track/29UIvWBrkjWtVuSEyexLt1;6241385;0;D:\dev\SB19\OCR\felip_drinksmoke_2023_screenshot_20260122_124913.png
20260122_120001;CRIMINAL;FELIP;2023;COM•PLEX;;https://open.spotify.com/track/4YPz66cDppOl9KVUOCpBV5;6639834;3193;D:\dev\SB19\OCR\felip_criminal_2023_screenshot_20260122_124940.png
20260122_120001;STRAYDOGS;FELIP;2023;COM•PLEX;;https://open.spotify.com/track/03aFaNBeCXmFl194HuyWKe;5565432;2279;D:\dev\SB19\OCR\felip_straydogs_2023_screenshot_20260122_125008.png
20260122_120001;Kanako;FELIP;2023;Single;;https://open.spotify.com/track/76hOMoRACZOQq5CfqSNU9i;9709377;8448;D:\dev\SB19\OCR\felip_kanako_2023_screenshot_20260122_125036.png
20260122_120001;Moving Closer;FELIP;2023;Single;;https://open.spotify.com/track/59PCn7ObERln3cPl84CGx6;10281945;5769;D:\dev\SB19\OCR\felip_moving_closer_2023_screenshot_20260122_125104.png
20260122_120001;FLYYY;FELIP;2024;Single;PLAYERTWO;https://open.spotify.com/track/0PWBx43woMnsyUC72NC1Gl;3500137;1765;D:\dev\SB19\OCR\felip_flyyy_2024_screenshot_20260122_125132.png
20260122_120001;Pagdali;FELIP;2024;Single;PLAYERTWO;https://open.spotify.com/track/7fMR5ryCo3m38yyj1PCym4;3390433;2411;D:\dev\SB19\OCR\felip_pagdali_2024_screenshot_20260122_125200.png
20260122_120001;Fake Faces;FELIP;2024;Single;;https://open.spotify.com/track/4ntKnZnztFdovszJpIoeVO;8746011;6667;D:\dev\SB19\OCR\felip_fake_faces_2024_screenshot_20260122_125228.png
20260122_120001;foes;FELIP;2024;7sins;;https://open.spotify.com/track/5IyWs6bAMeT9vPUiUVgSdd;2377316;1907;D:\dev\SB19\OCR\felip_foes_2024_screenshot_20260122_125256.png
20260122_120001;envy;FELIP;2024;7sins;;https://open.spotify.com/track/6uJggzzrSE5tK9CRTZejgm;3400090;2760;D:\dev\SB19\OCR\felip_envy_2024_screenshot_20260122_125324.png
20260122_120001;wrath;FELIP;2024;7sins;;https://open.spotify.com/track/12VANuhDUHnXRtRG6YP72a;3395208;0;D:\dev\SB19\OCR\felip_wrath_2024_screenshot_20260122_125456.png
20260122_120001;greed;FELIP;2024;7sins;;https://open.spotify.com/track/3foNAstTb7fdbbfFnKwn28;3297198;3735;D:\dev\SB19\OCR\felip_greed_2024_screenshot_20260122_125524.png
20260122_120001;pride;FELIP;2024;7sins;;https://open.spotify.com/track/1jZET8rPE5RWZZrkCM2toY;1911391;1718;D:\dev\SB19\OCR\felip_pride_2024_screenshot_20260122_125551.png
20260122_120001;gluttony;FELIP;2024;7sins;PLAYERTWO;https://open.spotify.com/track/216LlnUj3GfZ0yE2hXZxm0;1710496;1428;D:\dev\SB19\OCR\felip_gluttony_2024_screenshot_20260122_125619.png
20260122_120001;lust;FELIP;2024;7sins;Cyra Gwynth;https://open.spotify.com/track/70kZ4pCeZ0WIanftduEDov;3477366;3709;D:\dev\SB19\OCR\felip_lust_2024_screenshot_20260122_125647.png
20260122_120001;sloth;FELIP;2024;7sins;;https://open.spotify.com/track/6PJLoGD9KpyMSx8j7vVWHq;2632536;0;D:\dev\SB19\OCR\felip_sloth_2024_screenshot_20260122_125820.png
20260122_120001;ache;FELIP;2024;7sins;;https://open.spotify.com/track/3G3ZYOLBcjbIv0GDlIoZeh;4483728;5489;D:\dev\SB19\OCR\felip_ache_2024_screenshot_20260122_125848.png
20260122_120001;ID;FELIP;2025;Featured;SKY-HI, RYOKI, RYUKI, JIMMY;https://open.spotify.com/track/2cXkFKFgEW5Myc0yNy6CqL;2386998;2471;D:\dev\SB19\OCR\felip_id_2025_screenshot_20260122_125915.png
20260122_120001;KAWASAKI;FELIP;2025;Featured;ONE OR EIGHT, thủy;https://open.spotify.com/track/37ifPBg9M2NzlRNHe9WUIy;1635987;2163;D:\dev\SB19\OCR\felip_kawasaki_2025_screenshot_20260122_125945.png
20260122_120001;WILD TONIGHT;JOSH CULLEN;2023;Single;;https://open.spotify.com/track/4yBwaJUom5dOYp54wU6hA2;16307953;0;D:\dev\SB19\OCR\josh_cullen_wild_tonight_2023_screenshot_20260122_130122.png
20260122_120001;Pakiusap Lang;JOSH CULLEN;2023;Single;;https://open.spotify.com/track/6trU06kJgdYaPqRUvz5K9e;5243164;1690;D:\dev\SB19\OCR\josh_cullen_pakiusap_lang_2023_screenshot_20260122_130150.png
20260122_120001;GET RIGHT;JOSH CULLEN;2023;Single;;https://open.spotify.com/track/56FnjRDkdoCV5lVSyuQ9MU;4591207;2833;D:\dev\SB19\OCR\josh_cullen_get_right_2023_screenshot_20260122_130219.png
20260122_120001;Yoko Na;JOSH CULLEN;2024;Single;Al James;https://open.spotify.com/track/6SIaYQUPOJpO8XFWeTl5dC;10321510;5038;D:\dev\SB19\OCR\josh_cullen_yoko_na_2024_screenshot_20260122_130247.png
20260122_120001;1999;JOSH CULLEN;2024;Lost & Found;;https://open.spotify.com/track/0PMfgKba5PLGETb02cDcMg;6171529;6788;D:\dev\SB19\OCR\josh_cullen_1999_2024_screenshot_20260122_130316.png
20260122_120001;See Me;JOSH CULLEN;2024;Lost & Found;;https://open.spotify.com/track/5jH6p468HtmNHdJiubGQ6t;2889305;3358;D:\dev\SB19\OCR\josh_cullen_see_me_2024_screenshot_20260122_130344.png
20260122_120001;Silent Cries;JOSH CULLEN;2024;Lost & Found;;https://open.spotify.com/track/1x0Y2jS5oJW4Q3aU9jZBER;3803452;3433;D:\dev\SB19\OCR\josh_cullen_silent_cries_2024_screenshot_20260122_130413.png
20260122_120001;Honest;JOSH CULLEN;2024;Lost & Found;;https://open.spotify.com/track/1Rl5KDAu4wrUsQZZtD2hiy;2623143;2493;D:\dev\SB19\OCR\josh_cullen_honest_2024_screenshot_20260122_130441.png
20260122_120001;No Control;JOSH CULLEN;2024;Lost & Found;(e)motion engine;https://open.spotify.com/track/0Rg0DIhiShdvZvF7snNZIt;2174673;1940;D:\dev\SB19\OCR\josh_cullen_no_control_2024_screenshot_20260122_130510.png
20260122_120001;Lights Out;JOSH CULLEN;2024;Lost & Found;Mo Mitchell;https://open.spotify.com/track/2TQQX4gYeQmobxNEXwtrZ3;1934643;2614;D:\dev\SB19\OCR\josh_cullen_lights_out_2024_screenshot_20260122_130539.png
20260122_120001;Sumaya;JOSH CULLEN;2024;Lost & Found;;https://open.spotify.com/track/2qKu8tPpilCBJqxzGWcOaC;5278921;4617;D:\dev\SB19\OCR\josh_cullen_sumaya_2024_screenshot_20260122_130608.png
20260122_120001;Silent Cries (Instrumental);JOSH CULLEN;2024;Lost & Found;;https://open.spotify.com/track/5FQodaxJAZTUPjdpbDT9pa;525724;819;D:\dev\SB19\OCR\josh_cullen_silent_cries_instrumental_2024_screenshot_20260122_130637.png
20260122_120001;No Control (Instrumental);JOSH CULLEN;2024;Lost & Found;;https://open.spotify.com/track/65LG9NubWQtyImpyNXotHo;512644;709;D:\dev\SB19\OCR\josh_cullen_no_control_instrumental_2024_screenshot_20260122_130706.png
20260122_120001;Takbuhan;JOSH CULLEN;2024;Featured;Kael Guerrero;https://open.spotify.com/track/3RCVzaTWA7h1SR0nWQtIk1;904455;1497;D:\dev\SB19\OCR\josh_cullen_takbuhan_2024_screenshot_20260122_130735.png
20260122_120001;Re: Thinkin' About You;JOSH CULLEN;2024;Featured;H1-KEY;https://open.spotify.com/track/2R1CjdVdXz7frvQRwCdQa6;4219174;4205;D:\dev\SB19\OCR\josh_cullen_re_thinkin_about_you_2024_screenshot_20260122_130803.png
20260122_120001;Room;Stell;2024;Room EP;;https://open.spotify.com/track/1PLKN0HC7m5drBHg0jarZE;11876566;12865;D:\dev\SB19\OCR\stell_room_2024_screenshot_20260122_130832.png
20260122_120001;Anino;Stell;2024;Room EP;;https://open.spotify.com/track/5tMJZOyBv8t49i9elHuQZF;6994089;0;D:\dev\SB19\OCR\stell_anino_2024_screenshot_20260122_131003.png
20260122_120001;'Di Ko Masabi;Stell;2024;Room EP;;https://open.spotify.com/track/3JEE0hhTI6u9CEZCZWalKe;7546819;10021;D:\dev\SB19\OCR\stell_di_ko_masabi_2024_screenshot_20260122_131030.png
20260122_120001;Classic;Stell;2024;Room EP;;https://open.spotify.com/track/15bdfvbGida1Z8OVZ0YvSQ;6460984;10109;D:\dev\SB19\OCR\stell_classic_2024_screenshot_20260122_131057.png
20260122_120001;Room (Stripped);Stell;2024;Room EP;;https://open.spotify.com/track/6fwpkEZRQZ8Kr5Ws4q0Kyn;4705814;7137;D:\dev\SB19\OCR\stell_room_stripped_2024_screenshot_20260122_131124.png
20260122_120001;Surreal;justin;2024;Single;;https://open.spotify.com/track/5TT4xi1HEPTkVTO59jY3tz;14871457;11729;D:\dev\SB19\OCR\justin_surreal_2024_screenshot_20260122_131151.png
20260122_120001;Sunday Morning;justin;2024;Single (Cover);;https://open.spotify.com/track/3sp427zYHOXL3LPCYgwuRv;5388695;5242;D:\dev\SB19\OCR\justin_sunday_morning_2024_screenshot_20260122_131219.png
20260122_120001;Kaibigan;justin;2024;Single;;https://open.spotify.com/track/3rwioq6hSNjwynK8rVPCma;8730781;8408;D:\dev\SB19\OCR\justin_kaibigan_2024_screenshot_20260122_131248.png
20260122_120001;Palayo;justin;2024;Single;;https://open.spotify.com/track/0WoGaGmUip0OPQ662Drdlj;1546767;3675;D:\dev\SB19\OCR\justin_palayo_2024_screenshot_20260122_131316.png
20260122_120001;Silangan;justin;2024;Single;;https://open.spotify.com/track/4nnhn2O5oQmPC2HedN5W4b;700415;1906;D:\dev\SB19\OCR\justin_silangan_2024_screenshot_20260122_131344.png
20260122_120001;Sampung Mga Daliri;justin;2025;Single;dwta;https://open.spotify.com/track/2MHg2BVPaTgiCUDWp2jZqf;7486845;6606;D:\dev\SB19\OCR\justin_sampung_mga_daliri_2025_screenshot_20260122_131413.png
20260122_120001;GENTO - From THE FIRST TAKE;SB19;2023;THE FIRST TAKE;;https://open.spotify.com/track/2h7syqD1QScej4PqMxJfp2;6972241;10532;D:\dev\SB19\OCR\sb19_gento_from_the_first_take_2023_screenshot_20260122_131443.png
20260122_120001;MAPA - From THE FIRST TAKE;SB19;2023;THE FIRST TAKE;;https://open.spotify.com/track/4MZbVDIPOYmPkjcVqpPe9v;6130639;7749;D:\dev\SB19\OCR\sb19_mapa_from_the_first_take_2023_screenshot_20260122_131512.png
20260122_120001;DAM - From THE FIRST TAKE;SB19;2025;THE FIRST TAKE;;https://open.spotify.com/track/14WOLW4oTwD7Mh9eb0hLDs;1928196;0;D:\dev\SB19\OCR\sb19_dam_from_the_first_take_2025_screenshot_20260122_131646.png
20260122_120001;Time - From THE FIRST TAKE;SB19;2025;THE FIRST TAKE;;https://open.spotify.com/track/1ctnGFHyklJbmHLyaDYtyg;2046848;21194;D:\dev\SB19\OCR\sb19_time_from_the_first_take_2025_screenshot_20260122_131713.png
20260122_120001;No Stopping You (Remix);SB19;2021;Single;Jayda;https://open.spotify.com/track/1dPLpa30IWMBqok6sIKDiP;8698708;7143;D:\dev\SB19\OCR\sb19_no_stopping_you_remix_2021_screenshot_20260122_131742.png
20260122_120001;Moonlight (Ian Asher Club Mix);SB19;2024;Single;Ian Asher, Terry Zhong;https://open.spotify.com/track/5YYzdzlunDyLDwlM40W0Gc;2916754;4142;D:\dev\SB19\OCR\sb19_moonlight_ian_asher_club_mix_2024_screenshot_20260122_131812.png
20260122_120001;Umaaligid (Extended Ver.);SB19;2025;Single;Sarah Geronimo;https://open.spotify.com/track/1XFHLGwXrlL0FpJgRcFYTI;2692901;4367;D:\dev\SB19\OCR\sb19_umaaligid_extended_ver_2025_screenshot_20260122_131841.png
20260122_120001;Love Yours (DIOR & RealBros Remix);SB19;2022;Featured;Ohwon Lee;https://open.spotify.com/track/3qw9D8YC0sezDriUMx5lRG;860759;569;D:\dev\SB19\OCR\sb19_love_yours_dior_realbros_remix_2022_screenshot_20260122_131910.png
20260122_120001;What? - Extended Version;SB19;2021;Pagsibol;;https://open.spotify.com/track/7jn2llkeDI9IRROCYNa7sL;6263419;4623;D:\dev\SB19\OCR\sb19_what_extended_version_2021_screenshot_20260122_131938.png
