timestamp;song_title;artist;streams;source_file
2026-01-24 02:49:49;Tilaluha;SB19;23564846;sb19_tilaluha_20260124_024949.html
2026-01-24 02:50:09;Alab (Burning);SB19;22520144;sb19_alab_burning_20260124_025009.html
2026-01-24 02:56:34;Hanggang Sa Huli;SB19;32168095;sb19_hanggang_sa_huli_20260124_025634.html
2026-01-24 02:56:44;Love Goes;SB19;11100278;sb19_love_goes_20260124_025644.html
2026-01-24 02:56:54;Love Goes (EDM Version);SB19;7110567;sb19_love_goes_edm_version_20260124_025654.html
2026-01-24 02:57:05;'Wag Mong Ikunot Ang Iyong Noo;SB19;9418386;sb19_wag_mong_ikunot_ang_iyong_noo_20260124_025705.html
2026-01-24 02:57:16;Tilaluha (Instrumental);SB19;2206559;sb19_tilaluha_instrumental_20260124_025716.html
2026-01-24 02:57:26;Hanggang Sa Huli (Instrumental);SB19;2315349;sb19_hanggang_sa_huli_instrumental_20260124_025726.html
2026-01-24 02:57:35;What?;SB19;25621866;sb19_what_20260124_025735.html
2026-01-24 02:57:45;MAPA;SB19;85768814;sb19_mapa_20260124_025745.html
2026-01-24 02:57:55;Bazinga;SB19;31673188;sb19_bazinga_20260124_025755.html
2026-01-24 02:58:04;SLMT;SB19;17406979;sb19_slmt_20260124_025804.html
2026-01-24 02:58:14;Mana;SB19;20705520;sb19_mana_20260124_025814.html
2026-01-24 02:58:24;Ikako;SB19;14677389;sb19_ikako_20260124_025824.html
2026-01-24 02:58:33;Gento;SB19;75609108;sb19_gento_20260124_025833.html
2026-01-24 02:58:43;I Want You;SB19;31441705;sb19_i_want_you_20260124_025843.html
2026-01-24 02:58:53;Ilaw;SB19;19631264;sb19_ilaw_20260124_025853.html
2026-01-24 02:59:02;Crimzone;SB19;25256576;sb19_crimzone_20260124_025902.html
2026-01-24 02:59:12;LIHAM;SB19;20028932;sb19_liham_20260124_025912.html
2026-01-24 02:59:21;Freedom;SB19;16350128;sb19_freedom_20260124_025921.html
2026-01-24 02:59:31;DAM;SB19;60155367;sb19_dam_20260124_025931.html
2026-01-24 02:59:41;Time;SB19;21730996;sb19_time_20260124_025941.html
2026-01-24 02:59:51;8TonBall;SB19;15715910;sb19_8tonball_20260124_025951.html
2026-01-24 03:00:00;Quit;SB19;16785801;sb19_quit_20260124_030000.html
2026-01-24 03:00:10;Shooting for the Stars;SB19;14713040;sb19_shooting_for_the_stars_20260124_030010.html
2026-01-24 03:00:20;Dungka!;SB19;27457986;sb19_dungka_20260124_030020.html
2026-01-24 03:00:29;DAM (Extended Ver.);SB19;18701726;sb19_dam_extended_ver_20260124_030029.html
2026-01-24 03:00:39;WYAT (Where You At);SB19;24980883;sb19_wyat_where_you_at_20260124_030039.html
2026-01-24 03:00:49;Nyebe;SB19;18012381;sb19_nyebe_20260124_030049.html
2026-01-24 03:00:58;No Stopping You;SB19;8714066;sb19_no_stopping_you_20260124_030058.html
2026-01-24 03:01:08;Ligaya;SB19;9678202;sb19_ligaya_20260124_030108.html
2026-01-24 03:01:18;MAPA (Band Version);"SB19, Ben&amp;Ben";27862410;sb19_mapa_band_version_20260124_030118.html
2026-01-24 03:01:27;Kabataang Pinoy;BINI, SB19, Jonathan Manalo;9082991;sb19_kabataang_pinoy_20260124_030127.html
2026-01-24 03:01:37;Win Your Heart;SB19;11025641;sb19_win_your_heart_20260124_030137.html
2026-01-24 03:01:47;Christmas Party (SB19 Version);SB19;4446898;sb19_christmas_party_sb19_version_20260124_030147.html
2026-01-24 03:01:56;golden hour (SB19 Remix);JVKE, SB19;20893727;sb19_golden_hour_sb19_remix_20260124_030156.html
2026-01-24 03:02:06;Moonlight;Ian Asher, SB19, Terry Zhong;22532341;sb19_moonlight_20260124_030206.html
2026-01-24 03:02:16;Ready;apl.de.ap, SB19;9665131;sb19_ready_20260124_030216.html
2026-01-24 03:02:25;KALAKAL;SB19, Gloc-9;21621502;sb19_kalakal_20260124_030225.html
2026-01-24 03:02:35;MAPA (Indonesian Version);SB19, Aruma;7340737;sb19_mapa_indonesian_version_20260124_030235.html
2026-01-24 03:02:45;Umaaligid;Sarah Geronimo, SB19;12926220;sb19_umaaligid_20260124_030245.html
2026-01-24 03:02:54;Burn The Flame;Honor of Kings, SB19;2900619;sb19_burn_the_flame_20260124_030254.html
2026-01-24 03:03:04;Burn The Flame (Taglish Version);Honor of Kings, SB19;800350;sb19_burn_the_flame_taglish_version_20260124_030304.html
2026-01-24 03:03:14;Burn The Flame (Karaoke Version);Honor of Kings, SB19;192745;sb19_burn_the_flame_karaoke_version_20260124_030314.html
2026-01-24 03:03:23;Burn The Flame (Instrumental);Honor of Kings, SB19;135937;sb19_burn_the_flame_instrumental_20260124_030323.html
2026-01-24 03:03:33;Love Yours;Ohwon Lee, SB19;5493926;sb19_love_yours_20260124_030333.html
2026-01-24 03:03:42;Kapangyarihan;"Ben&amp;Ben, SB19";22998427;sb19_kapangyarihan_20260124_030342.html
2026-01-24 03:03:52;The One;SB19;8860972;sb19_the_one_20260124_030352.html
2026-01-24 03:04:02;Merry Munchkins (SB19 Version);Dunkin' Philippines;2732177;sb19_merry_munchkins_sb19_version_20260124_030402.html
2026-01-24 03:04:11;Live It Up;Acer Philippines, SB19;3916652;sb19_live_it_up_20260124_030411.html
2026-01-24 03:04:21;Make Your Green Mark;Acer Philippines, SB19;2451309;sb19_make_your_green_mark_20260124_030421.html
2026-01-24 03:04:31;Ace Your World;Acer Philippines, SB19, Sarah Geronimo;3078318;sb19_ace_your_world_20260124_030431.html
2026-01-24 03:04:40;Reset;Acer Philippines, SB19, Sandara Park;3162798;sb19_reset_20260124_030440.html
2026-01-24 03:04:50;Tahanan;Acer Philippines, SB19;1570479;sb19_tahanan_20260124_030450.html
2026-01-24 03:05:00;G Pa Rin Ang Pasko;GCash, SB19;796732;sb19_g_pa_rin_ang_pasko_20260124_030500.html
2026-01-24 03:05:09;Ready, Set, G!;GCash, GCash Jr., SB19;1134886;sb19_ready_set_g_20260124_030509.html
2026-01-24 03:05:19;We Wish You A Merry GCash;GCash, SB19;1320370;sb19_we_wish_you_a_merry_gcash_20260124_030519.html
2026-01-24 03:05:29;Make It Merry, I-GCash Mo;GCash, SB19;990488;sb19_make_it_merry_i_gcash_mo_20260124_030529.html
2026-01-24 03:05:38;Tara, Summer Na!;GCash, SB19;1893991;sb19_tara_summer_na_20260124_030538.html
2026-01-24 03:05:48;TM Doble Dekada (Samahang Pina-Easy);The Juans, SB19, Donnalyn, Matthaios;2839048;sb19_tm_doble_dekada_samahang_pina_easy_20260124_030548.html
2026-01-24 03:05:57;Dobleng GV sa FunPasko (Noon, Ngayon, Palagi);The Juans, SB19;672307;sb19_dobleng_gv_sa_funpasko_noon_ngayon_palagi_20260124_030557.html
2026-01-24 03:06:07;TM FunPasko (Samahang Pina-Easy);The Juans, SB19, Donnalyn;900609;sb19_tm_funpasko_samahang_pina_easy_20260124_030607.html
2026-01-24 03:06:17;Push Ang Pusuan;The Juans, SB19, Matthaios;3460995;sb19_push_ang_pusuan_20260124_030617.html
2026-01-24 03:06:26;Team Tayo;The Juans, SB19;1055171;sb19_team_tayo_20260124_030626.html
2026-01-24 03:06:36;Ating Pasko;Acer Philippines, SB19, G22;2425315;sb19_ating_pasko_20260124_030636.html
2026-01-24 03:06:45;La Luna;PABLO;17411592;pablo_la_luna_20260124_030645.html
2026-01-24 03:07:05;Presyon;PABLO;2635129;pablo_presyon_20260124_030705.html
2026-01-24 03:07:15;Wala;PABLO;2868083;pablo_wala_20260124_030715.html
2026-01-24 03:07:24;The Boy Who Cried Wolf;PABLO;4871807;pablo_the_boy_who_cried_wolf_20260124_030724.html
2026-01-24 03:07:34;Kumunoy;PABLO;3936887;pablo_kumunoy_20260124_030734.html
2026-01-24 03:07:44;Kelan;PABLO, Josue;2429751;pablo_kelan_20260124_030744.html
2026-01-24 03:07:53;Drowning in the Water;PABLO;5600545;pablo_drowning_in_the_water_20260124_030753.html
2026-01-24 03:08:03;Breathe (Outro);PABLO;1889949;pablo_breathe_outro_20260124_030803.html
2026-01-24 03:08:12;Neumun;PABLO;3650800;pablo_neumun_20260124_030812.html
2026-01-24 03:08:22;Don't Care;PABLO;2774668;pablo_don_t_care_20260124_030822.html
2026-01-24 03:08:32;Butata;PABLO;6621583;pablo_butata_20260124_030832.html
2026-01-24 03:08:41;Puyat;PABLO;3172479;pablo_puyat_20260124_030841.html
2026-01-24 03:08:51;Blessed;PABLO;4035753;pablo_blessed_20260124_030851.html
2026-01-24 03:09:01;Tambol (Ibang Planeta);PABLO;2491834;pablo_tambol_ibang_planeta_20260124_030901.html
2026-01-24 03:09:10;Micha!;PABLO;3437580;pablo_micha_20260124_030910.html
2026-01-24 03:09:20;DETERMINADO;RADKIDZ, PABLO, Josue;6304971;pablo_determinado_20260124_030920.html
2026-01-24 03:09:29;AKALA;RADKIDZ, PABLO, Josue;5364688;pablo_akala_20260124_030929.html
2026-01-24 03:09:39;edsa;PABLO;7817955;pablo_edsa_20260124_030939.html
2026-01-24 03:09:49;Liwanag sa Dilim (from Incognito);PABLO;6300089;pablo_liwanag_sa_dilim_from_incognito_20260124_030949.html
2026-01-24 03:09:58;Palayo;Felip;12302889;felip_palayo_20260124_030958.html
2026-01-24 03:10:08;Bulan;Felip;6668591;felip_bulan_20260124_031008.html
2026-01-24 03:10:18;ROCKSTA;Felip;6386825;felip_rocksta_20260124_031018.html
2026-01-24 03:10:27;SUPERIORITY;Felip;3678269;felip_superiority_20260124_031027.html
2026-01-24 03:10:37;MICTEST;Felip;4210438;felip_mictest_20260124_031037.html
2026-01-24 03:10:47;DRINKSMOKE;Felip;5248030;felip_drinksmoke_20260124_031047.html
2026-01-24 03:10:56;CRIMINAL;Felip;6546864;felip_criminal_20260124_031056.html
2026-01-24 03:11:06;STRAYDOGS;Felip;5569786;felip_straydogs_20260124_031106.html
2026-01-24 03:11:16;Kanako;Felip;9725000;felip_kanako_20260124_031116.html
2026-01-24 03:11:25;Moving Closer;Felip;10294225;felip_moving_closer_20260124_031125.html
2026-01-24 03:11:35;FLYYY;PLAYERTWO, Felip;3503315;felip_flyyy_20260124_031135.html
2026-01-24 03:11:45;Pagdali;PLAYERTWO, Felip;3394706;felip_pagdali_20260124_031145.html
2026-01-24 03:11:55;Fake Faces;Felip;8759483;felip_fake_faces_20260124_031155.html
2026-01-24 03:12:04;foes;Felip;2381585;felip_foes_20260124_031204.html
2026-01-24 03:12:14;envy;Felip;3405428;felip_envy_20260124_031214.html
2026-01-24 03:12:24;wrath;Felip;2018589;felip_wrath_20260124_031224.html
2026-01-24 03:12:33;greed;Felip;3304643;felip_greed_20260124_031233.html
2026-01-24 03:12:43;pride;Felip;1915087;felip_pride_20260124_031243.html
2026-01-24 03:12:53;gluttony;Felip, PLAYERTWO;1713362;felip_gluttony_20260124_031253.html
2026-01-24 03:13:02;lust;Felip, Cyra Gwynth;3484716;felip_lust_20260124_031302.html
2026-01-24 03:13:12;sloth;Felip;2539569;felip_sloth_20260124_031312.html
2026-01-24 03:13:22;ache;Felip;4493715;felip_ache_20260124_031322.html
2026-01-24 03:13:32;ID;SKY-HI, RYOKI, RYUKI, JIMMY, Felip;2392256;felip_id_20260124_031332.html
2026-01-24 03:13:41;KAWASAKI;ONE OR EIGHT, Felip, thủy;1642060;felip_kawasaki_20260124_031341.html
2026-01-24 03:13:51;WILD TONIGHT;JOSH CULLEN;9693971;josh_cullen_wild_tonight_20260124_031351.html
2026-01-24 03:14:01;Pakiusap Lang;JOSH CULLEN;5247430;josh_cullen_pakiusap_lang_20260124_031401.html
2026-01-24 03:14:12;GET RIGHT;JOSH CULLEN;4597468;josh_cullen_get_right_20260124_031412.html
2026-01-24 03:14:21;Yoko Na;JOSH CULLEN, Al James;10331283;josh_cullen_yoko_na_20260124_031421.html
2026-01-24 03:14:31;1999;JOSH CULLEN;6185245;josh_cullen_1999_20260124_031431.html
2026-01-24 03:14:41;See Me;JOSH CULLEN;2896471;josh_cullen_see_me_20260124_031441.html
2026-01-24 03:14:53;Silent Cries;JOSH CULLEN;3809365;josh_cullen_silent_cries_20260124_031453.html
2026-01-24 03:15:03;Honest;JOSH CULLEN;2627957;josh_cullen_honest_20260124_031503.html
2026-01-24 03:15:13;No Control;JOSH CULLEN, (e)motion engine;2179365;josh_cullen_no_control_20260124_031513.html
2026-01-24 03:15:23;Lights Out;JOSH CULLEN, Mo Mitchell;1939393;josh_cullen_lights_out_20260124_031523.html
2026-01-24 03:15:32;Sumaya;JOSH CULLEN;5286101;josh_cullen_sumaya_20260124_031532.html
2026-01-24 03:15:42;Silent Cries (Instrumental);JOSH CULLEN;527236;josh_cullen_silent_cries_instrumental_20260124_031542.html
2026-01-24 03:15:52;No Control (Instrumental);JOSH CULLEN;514408;josh_cullen_no_control_instrumental_20260124_031552.html
2026-01-24 03:16:01;Takbuhan;Kael Guerrero, JOSH CULLEN;907737;josh_cullen_takbuhan_20260124_031601.html
2026-01-24 03:16:11;Re: Thinkin' About You;H1-KEY, JOSH CULLEN;4226951;josh_cullen_re_thinkin_about_you_20260124_031611.html
2026-01-24 03:16:22;Room;Stell;11902188;stell_room_20260124_031622.html
2026-01-24 03:16:32;Anino;Stell;6025353;stell_anino_20260124_031632.html
2026-01-24 03:16:42;'Di Ko Masabi;Stell;7566031;stell_di_ko_masabi_20260124_031642.html
2026-01-24 03:16:51;Classic;Stell;6479288;stell_classic_20260124_031651.html
2026-01-24 03:17:01;Room (Stripped);Stell;4719201;stell_room_stripped_20260124_031701.html
2026-01-24 03:17:11;Surreal;justin;14893244;justin_surreal_20260124_031711.html
2026-01-24 03:17:20;Sunday Morning;justin;5399027;justin_sunday_morning_20260124_031720.html
2026-01-24 03:17:30;Kaibigan;justin;8747000;justin_kaibigan_20260124_031730.html
2026-01-24 03:17:40;Sampung Mga Daliri (Acoustic Version);dwta, justin;1553336;justin_palayo_20260124_031740.html
2026-01-24 03:17:49;Sampung Mga Daliri (Reimagined Version);dwta, justin;704340;justin_silangan_20260124_031749.html
2026-01-24 03:17:59;Sampung Mga Daliri;dwta, justin;7503233;justin_sampung_mga_daliri_20260124_031759.html
2026-01-24 03:18:09;GENTO - From THE FIRST TAKE;SB19;6990212;sb19_gento_from_the_first_take_20260124_031809.html
2026-01-24 03:18:18;MAPA - From THE FIRST TAKE;SB19;5146389;sb19_mapa_from_the_first_take_20260124_031818.html
2026-01-24 03:18:28;DAM - From THE FIRST TAKE;SB19;1985334;sb19_dam_from_the_first_take_20260124_031828.html
2026-01-24 03:18:38;Time - From THE FIRST TAKE;SB19;2096718;sb19_time_from_the_first_take_20260124_031838.html
2026-01-24 03:18:57;Moonlight (Ian Asher Club Mix);Ian Asher, SB19, Terry Zhong;2925445;sb19_moonlight_ian_asher_club_mix_20260124_031857.html
2026-01-24 03:19:06;Umaaligid (Extended Ver.);Sarah Geronimo, SB19;2701956;sb19_umaaligid_extended_ver_20260124_031906.html
2026-01-24 03:19:18;Love Yours (DIOR & RealBros Remix);Ohwon Lee, SB19;861910;sb19_love_yours_dior_realbros_remix_20260124_031918.html
2026-01-24 03:19:27;What? - Extended Version;SB19;6273778;sb19_what_extended_version_20260124_031927.html
2026-01-24 21:57:02;Palayo - Live Band Ver;Felip;2224861;felip_palayo_live_band_ver_20260124_215702.html
2026-01-24 21:57:12;Bulan - Live Band Ver;Felip;1944147;felip_bulan_live_band_ver_20260124_215712.html
2026-01-24 21:57:22;Palayo Inst.;Felip;1258668;felip_palayo_inst_20260124_215722.html
2026-01-24 21:57:31;Bulan Inst.;Felip;1183342;felip_bulan_inst_20260124_215731.html
2026-01-24 21:57:41;Moving Closer - From The Cafe;Felip;2198260;felip_moving_closer_from_the_cafe_20260124_215741.html
2026-01-24 21:57:51;Moving Closer - From The Lounge;Felip;1521143;felip_moving_closer_from_the_lounge_20260124_215751.html
2026-01-24 21:58:04;ID (new version);SKY-HI, SHUNTO, RYUKI, JIMMY, Felip;175157;felip_id_new_version_20260124_215804.html
2026-01-24 21:58:14;ROCKSTA (Superior Session Live);Felip;1497699;felip_rocksta_superior_session_live_20260124_215814.html
2026-01-24 21:58:23;SUPERIORITY (Superior Session Live);Felip;1398219;felip_superiority_superior_session_live_20260124_215823.html
2026-01-24 21:58:33;MICTEST (Superior Session Live);Felip;1330100;felip_mictest_superior_session_live_20260124_215833.html
2026-01-24 21:58:43;DRINKSMOKE (Superior Session Live);Felip;1509131;felip_drinksmoke_superior_session_live_20260124_215843.html
2026-01-24 21:58:52;CRIMINAL (Superior Session Live);Felip;1701419;felip_criminal_superior_session_live_20260124_215852.html
2026-01-24 21:59:02;STRAYDOGS (Superior Session Live);Felip;1333181;felip_straydogs_superior_session_live_20260124_215902.html
2026-01-24 21:59:12;to sin is human, to forgive is divine - live;Felip;153043;felip_to_sin_is_human_to_forgive_is_divine_live_20260124_215912.html
2026-01-24 21:59:21;foes - live;Felip;146879;felip_foes_live_20260124_215921.html
2026-01-24 21:59:31;envy - live;Felip;129508;felip_envy_live_20260124_215931.html
2026-01-24 21:59:41;greed - live;Felip;140078;felip_greed_live_20260124_215941.html
2026-01-24 21:59:50;lust - live;Felip, Cyra Gwynth;135824;felip_lust_live_20260124_215950.html
2026-01-24 22:00:00;pride - live;Felip;122919;felip_pride_live_20260124_220000.html
2026-01-24 22:00:10;gluttony (feat. PLAYERTWO) - live;Felip, PLAYERTWO;123949;felip_gluttony_feat_playertwo_live_20260124_220010.html
2026-01-24 22:00:19;wrath - live;Felip;134272;felip_wrath_live_20260124_220019.html
2026-01-24 22:00:29;tokyo - live;Felip;588594;felip_tokyo_live_20260124_220029.html
2026-01-24 22:00:39;sloth - live;Felip;130821;felip_sloth_live_20260124_220039.html
2026-01-24 22:00:48;grace - live;Felip;137154;felip_grace_live_20260124_220048.html
2026-01-24 22:00:58;ache - live;Felip;160453;felip_ache_live_20260124_220058.html
2026-01-24 23:17:58;Go Up;SB19;26714910;sb19_go_up_20260124_231758.html
2026-01-25 08:52:40;Tilaluha;SB19;23577280;sb19_tilaluha_20260125_085240.html
2026-01-25 08:52:54;Go Up;SB19;26714910;sb19_go_up_20260125_085254.html
2026-01-25 08:53:07;Alab (Burning);SB19;22532293;sb19_alab_burning_20260125_085307.html
2026-01-25 08:53:16;Hanggang Sa Huli;SB19;32184592;sb19_hanggang_sa_huli_20260125_085316.html
2026-01-25 08:53:26;Love Goes;SB19;11107862;sb19_love_goes_20260125_085326.html
2026-01-25 08:53:37;Love Goes (EDM Version);SB19;7114940;sb19_love_goes_edm_version_20260125_085337.html
2026-01-25 08:53:47;'Wag Mong Ikunot Ang Iyong Noo;SB19;9428244;sb19_wag_mong_ikunot_ang_iyong_noo_20260125_085347.html
2026-01-25 08:53:57;Tilaluha (Instrumental);SB19;2207545;sb19_tilaluha_instrumental_20260125_085357.html
2026-01-25 08:54:06;Hanggang Sa Huli (Instrumental);SB19;2316413;sb19_hanggang_sa_huli_instrumental_20260125_085406.html
2026-01-25 08:54:16;What?;SB19;25634945;sb19_what_20260125_085416.html
2026-01-25 08:54:26;MAPA;SB19;85813626;sb19_mapa_20260125_085426.html
2026-01-25 08:54:35;Bazinga;SB19;31691142;sb19_bazinga_20260125_085435.html
2026-01-25 08:54:45;SLMT;SB19;17418207;sb19_slmt_20260125_085445.html
2026-01-25 08:54:55;Mana;SB19;20719432;sb19_mana_20260125_085455.html
2026-01-25 08:55:05;Ikako;SB19;14689009;sb19_ikako_20260125_085505.html
2026-01-25 08:55:14;Gento;SB19;75652999;sb19_gento_20260125_085514.html
2026-01-25 08:55:24;I Want You;SB19;31461837;sb19_i_want_you_20260125_085524.html
2026-01-25 08:55:33;Ilaw;SB19;19648519;sb19_ilaw_20260125_085533.html
2026-01-25 08:55:43;Crimzone;SB19;25276204;sb19_crimzone_20260125_085543.html
2026-01-25 08:55:53;LIHAM;SB19;20046082;sb19_liham_20260125_085553.html
2026-01-25 08:56:03;Freedom;SB19;16363831;sb19_freedom_20260125_085603.html
2026-01-25 08:56:13;DAM;SB19;60249811;sb19_dam_20260125_085613.html
2026-01-25 08:56:22;Time;SB19;21778862;sb19_time_20260125_085622.html
2026-01-25 08:56:32;8TonBall;SB19;15754361;sb19_8tonball_20260125_085632.html
2026-01-25 08:56:41;Quit;SB19;16828077;sb19_quit_20260125_085641.html
2026-01-25 08:56:51;Shooting for the Stars;SB19;14751424;sb19_shooting_for_the_stars_20260125_085651.html
2026-01-25 08:57:01;Dungka!;SB19;27512691;sb19_dungka_20260125_085701.html
2026-01-25 08:57:10;DAM (Extended Ver.);SB19;18724988;sb19_dam_extended_ver_20260125_085710.html
2026-01-25 08:57:20;WYAT (Where You At);SB19;24994920;sb19_wyat_where_you_at_20260125_085720.html
2026-01-25 08:57:31;Nyebe;SB19;18027092;sb19_nyebe_20260125_085731.html
2026-01-25 08:57:41;No Stopping You;SB19;8721931;sb19_no_stopping_you_20260125_085741.html
2026-01-25 08:57:51;Ligaya;SB19;9682970;sb19_ligaya_20260125_085751.html
2026-01-25 08:58:00;MAPA (Band Version);"SB19, Ben&amp;Ben";27871529;sb19_mapa_band_version_20260125_085800.html
2026-01-25 08:58:10;Kabataang Pinoy;BINI, SB19, Jonathan Manalo;9085496;sb19_kabataang_pinoy_20260125_085810.html
2026-01-25 08:58:20;Win Your Heart;SB19;11034640;sb19_win_your_heart_20260125_085820.html
2026-01-25 08:58:30;Christmas Party (SB19 Version);SB19;4449038;sb19_christmas_party_sb19_version_20260125_085830.html
2026-01-25 08:58:39;golden hour (SB19 Remix);JVKE, SB19;20906767;sb19_golden_hour_sb19_remix_20260125_085839.html
2026-01-25 08:58:49;Moonlight;Ian Asher, SB19, Terry Zhong;22546185;sb19_moonlight_20260125_085849.html
2026-01-25 08:58:59;Ready;apl.de.ap, SB19;9675310;sb19_ready_20260125_085859.html
2026-01-25 08:59:09;KALAKAL;SB19, Gloc-9;21636273;sb19_kalakal_20260125_085909.html
2026-01-25 08:59:24;MAPA (Indonesian Version);SB19, Aruma;7351309;sb19_mapa_indonesian_version_20260125_085924.html
2026-01-25 08:59:34;Umaaligid;Sarah Geronimo, SB19;12952270;sb19_umaaligid_20260125_085934.html
2026-01-25 08:59:44;Burn The Flame;Honor of Kings, SB19;2918835;sb19_burn_the_flame_20260125_085944.html
2026-01-25 08:59:54;Burn The Flame (Taglish Version);Honor of Kings, SB19;803094;sb19_burn_the_flame_taglish_version_20260125_085954.html
2026-01-25 09:00:03;Burn The Flame (Karaoke Version);Honor of Kings, SB19;193821;sb19_burn_the_flame_karaoke_version_20260125_090003.html
2026-01-25 09:00:13;Burn The Flame (Instrumental);Honor of Kings, SB19;136461;sb19_burn_the_flame_instrumental_20260125_090013.html
2026-01-25 09:00:23;Love Yours;Ohwon Lee, SB19;5497420;sb19_love_yours_20260125_090023.html
2026-01-25 09:00:32;Kapangyarihan;"Ben&amp;Ben, SB19";23020646;sb19_kapangyarihan_20260125_090032.html
2026-01-25 09:00:42;The One;SB19;8867236;sb19_the_one_20260125_090042.html
2026-01-25 09:00:52;Merry Munchkins (SB19 Version);Dunkin' Philippines;2732596;sb19_merry_munchkins_sb19_version_20260125_090052.html
2026-01-25 09:01:03;Live It Up;Acer Philippines, SB19;3918472;sb19_live_it_up_20260125_090103.html
2026-01-25 09:01:13;Make Your Green Mark;Acer Philippines, SB19;2452312;sb19_make_your_green_mark_20260125_090113.html
2026-01-25 09:01:22;Ace Your World;Acer Philippines, SB19, Sarah Geronimo;3082139;sb19_ace_your_world_20260125_090122.html
2026-01-25 09:01:32;Reset;Acer Philippines, SB19, Sandara Park;3164396;sb19_reset_20260125_090132.html
2026-01-25 09:01:42;Tahanan;Acer Philippines, SB19;1584585;sb19_tahanan_20260125_090142.html
2026-01-25 09:01:51;G Pa Rin Ang Pasko;GCash, SB19;796732;sb19_g_pa_rin_ang_pasko_20260125_090151.html
2026-01-25 09:02:01;Ready, Set, G!;GCash, GCash Jr., SB19;1134886;sb19_ready_set_g_20260125_090201.html
2026-01-25 09:02:11;We Wish You A Merry GCash;GCash, SB19;1320909;sb19_we_wish_you_a_merry_gcash_20260125_090211.html
2026-01-25 09:02:20;Make It Merry, I-GCash Mo;GCash, SB19;994836;sb19_make_it_merry_i_gcash_mo_20260125_090220.html
2026-01-25 09:02:30;Tara, Summer Na!;GCash, SB19;1895201;sb19_tara_summer_na_20260125_090230.html
2026-01-25 09:02:40;TM Doble Dekada (Samahang Pina-Easy);The Juans, SB19, Donnalyn, Matthaios;2840982;sb19_tm_doble_dekada_samahang_pina_easy_20260125_090240.html
2026-01-25 09:02:49;Dobleng GV sa FunPasko (Noon, Ngayon, Palagi);The Juans, SB19;672549;sb19_dobleng_gv_sa_funpasko_noon_ngayon_palagi_20260125_090249.html
2026-01-25 09:02:59;TM FunPasko (Samahang Pina-Easy);The Juans, SB19, Donnalyn;901255;sb19_tm_funpasko_samahang_pina_easy_20260125_090259.html
2026-01-25 09:03:09;Push Ang Pusuan;The Juans, SB19, Matthaios;3464244;sb19_push_ang_pusuan_20260125_090309.html
2026-01-25 09:03:19;Team Tayo;The Juans, SB19;1055437;sb19_team_tayo_20260125_090319.html
2026-01-25 09:03:29;Ating Pasko;Acer Philippines, SB19, G22;2425604;sb19_ating_pasko_20260125_090329.html
2026-01-25 09:03:38;La Luna;PABLO;17415392;pablo_la_luna_20260125_090338.html
2026-01-25 09:03:58;Presyon;PABLO;2637556;pablo_presyon_20260125_090358.html
2026-01-25 09:04:08;Wala;PABLO;2870842;pablo_wala_20260125_090408.html
2026-01-25 09:04:17;The Boy Who Cried Wolf;PABLO;4876472;pablo_the_boy_who_cried_wolf_20260125_090417.html
2026-01-25 09:04:27;Kumunoy;PABLO;3946921;pablo_kumunoy_20260125_090427.html
2026-01-25 09:04:37;Kelan;PABLO, Josue;2432586;pablo_kelan_20260125_090437.html
2026-01-25 09:04:46;Drowning in the Water;PABLO;5606658;pablo_drowning_in_the_water_20260125_090446.html
2026-01-25 09:04:56;Breathe (Outro);PABLO;1891497;pablo_breathe_outro_20260125_090456.html
2026-01-25 09:05:06;Neumun;PABLO;3654194;pablo_neumun_20260125_090506.html
2026-01-25 09:05:15;Don't Care;PABLO;2777667;pablo_don_t_care_20260125_090515.html
2026-01-25 09:05:25;Butata;PABLO;6627853;pablo_butata_20260125_090525.html
2026-01-25 09:05:35;Puyat;PABLO;3176757;pablo_puyat_20260125_090535.html
2026-01-25 09:05:45;Blessed;PABLO;4041470;pablo_blessed_20260125_090545.html
2026-01-25 09:05:54;Tambol (Ibang Planeta);PABLO;2494031;pablo_tambol_ibang_planeta_20260125_090554.html
2026-01-25 09:06:04;Micha!;PABLO;3442664;pablo_micha_20260125_090604.html
2026-01-25 09:06:14;DETERMINADO;RADKIDZ, PABLO, Josue;6307789;pablo_determinado_20260125_090614.html
2026-01-25 09:06:24;AKALA;RADKIDZ, PABLO, Josue;5367549;pablo_akala_20260125_090624.html
2026-01-25 09:06:33;edsa;PABLO;7822124;pablo_edsa_20260125_090633.html
2026-01-25 09:06:43;Liwanag sa Dilim (from Incognito);PABLO;6307623;pablo_liwanag_sa_dilim_from_incognito_20260125_090643.html
2026-01-25 09:06:53;Palayo;Felip;12307321;felip_palayo_20260125_090653.html
2026-01-25 09:07:03;Bulan;Felip;6671068;felip_bulan_20260125_090703.html
2026-01-25 09:07:13;ROCKSTA;Felip;6389426;felip_rocksta_20260125_090713.html
2026-01-25 09:07:22;SUPERIORITY;Felip;3679825;felip_superiority_20260125_090722.html
2026-01-25 09:07:32;MICTEST;Felip;4212219;felip_mictest_20260125_090732.html
2026-01-25 09:07:42;DRINKSMOKE;Felip;5249956;felip_drinksmoke_20260125_090742.html
2026-01-25 09:07:52;CRIMINAL;Felip;6550716;felip_criminal_20260125_090752.html
2026-01-25 09:08:01;STRAYDOGS;Felip;5572033;felip_straydogs_20260125_090801.html
2026-01-25 09:08:11;Kanako;Felip;9735244;felip_kanako_20260125_090811.html
2026-01-25 09:08:21;Moving Closer;Felip;10299409;felip_moving_closer_20260125_090821.html
2026-01-25 09:08:30;FLYYY;PLAYERTWO, Felip;3504832;felip_flyyy_20260125_090830.html
2026-01-25 09:08:40;Pagdali;PLAYERTWO, Felip;3397324;felip_pagdali_20260125_090840.html
2026-01-25 09:08:50;Fake Faces;Felip;8765641;felip_fake_faces_20260125_090850.html
2026-01-25 09:09:00;foes;Felip;2383972;felip_foes_20260125_090900.html
2026-01-25 09:09:09;envy;Felip;3407999;felip_envy_20260125_090909.html
2026-01-25 09:09:19;wrath;Felip;2020790;felip_wrath_20260125_090919.html
2026-01-25 09:09:29;greed;Felip;3308501;felip_greed_20260125_090929.html
2026-01-25 09:09:38;pride;Felip;1916870;felip_pride_20260125_090938.html
2026-01-25 09:09:48;gluttony;Felip, PLAYERTWO;1714923;felip_gluttony_20260125_090948.html
2026-01-25 09:09:58;lust;Felip, Cyra Gwynth;3488304;felip_lust_20260125_090958.html
2026-01-25 09:10:08;sloth;Felip;2542031;felip_sloth_20260125_091008.html
2026-01-25 09:10:17;ache;Felip;4498544;felip_ache_20260125_091017.html
2026-01-25 09:10:27;ID;SKY-HI, RYOKI, RYUKI, JIMMY, Felip;2394414;felip_id_20260125_091027.html
2026-01-25 09:10:37;KAWASAKI;ONE OR EIGHT, Felip, thủy;1645371;felip_kawasaki_20260125_091037.html
2026-01-25 09:10:48;Palayo - Live Band Ver;Felip;2225987;felip_palayo_live_band_ver_20260125_091048.html
2026-01-25 09:10:58;Bulan - Live Band Ver;Felip;1944689;felip_bulan_live_band_ver_20260125_091058.html
2026-01-25 09:11:08;Palayo Inst.;Felip;1258952;felip_palayo_inst_20260125_091108.html
2026-01-25 09:11:17;Bulan Inst.;Felip;1183758;felip_bulan_inst_20260125_091117.html
2026-01-25 09:11:27;Moving Closer - From The Cafe;Felip;2200064;felip_moving_closer_from_the_cafe_20260125_091127.html
2026-01-25 09:11:37;Moving Closer - From The Lounge;Felip;1522450;felip_moving_closer_from_the_lounge_20260125_091137.html
2026-01-25 09:11:46;ID (new version);SKY-HI, SHUNTO, RYUKI, JIMMY, Felip;178366;felip_id_new_version_20260125_091146.html
2026-01-25 09:11:56;ROCKSTA (Superior Session Live);Felip;1498265;felip_rocksta_superior_session_live_20260125_091156.html
2026-01-25 09:12:05;SUPERIORITY (Superior Session Live);Felip;1398845;felip_superiority_superior_session_live_20260125_091205.html
2026-01-25 09:12:35;MICTEST (Superior Session Live);Felip;1330637;felip_mictest_superior_session_live_20260125_091235.html
2026-01-25 09:12:44;DRINKSMOKE (Superior Session Live);Felip;1509843;felip_drinksmoke_superior_session_live_20260125_091244.html
2026-01-25 09:12:54;CRIMINAL (Superior Session Live);Felip;1702161;felip_criminal_superior_session_live_20260125_091254.html
2026-01-25 09:13:04;STRAYDOGS (Superior Session Live);Felip;1333735;felip_straydogs_superior_session_live_20260125_091304.html
2026-01-25 09:13:13;to sin is human, to forgive is divine - live;Felip;153043;felip_to_sin_is_human_to_forgive_is_divine_live_20260125_091313.html
2026-01-25 09:13:23;foes - live;Felip;146879;felip_foes_live_20260125_091323.html
2026-01-25 09:13:32;envy - live;Felip;129947;felip_envy_live_20260125_091332.html
2026-01-25 09:13:42;greed - live;Felip;140564;felip_greed_live_20260125_091342.html
2026-01-25 09:13:52;lust - live;Felip, Cyra Gwynth;135824;felip_lust_live_20260125_091352.html
2026-01-25 09:14:02;pride - live;Felip;122919;felip_pride_live_20260125_091402.html
2026-01-25 09:14:11;gluttony (feat. PLAYERTWO) - live;Felip, PLAYERTWO;124366;felip_gluttony_feat_playertwo_live_20260125_091411.html
2026-01-25 09:14:21;wrath - live;Felip;135528;felip_wrath_live_20260125_091421.html
2026-01-25 09:14:31;tokyo - live;Felip;591528;felip_tokyo_live_20260125_091431.html
2026-01-25 09:14:42;sloth - live;Felip;131472;felip_sloth_live_20260125_091442.html
2026-01-25 09:14:53;grace - live;Felip;137789;felip_grace_live_20260125_091453.html
2026-01-25 09:15:03;ache - live;Felip;161134;felip_ache_live_20260125_091503.html
2026-01-25 09:15:12;WILD TONIGHT;JOSH CULLEN;9699315;josh_cullen_wild_tonight_20260125_091512.html
2026-01-25 09:15:22;Pakiusap Lang;JOSH CULLEN;5249074;josh_cullen_pakiusap_lang_20260125_091522.html
2026-01-25 09:15:32;GET RIGHT;JOSH CULLEN;4600457;josh_cullen_get_right_20260125_091532.html
2026-01-25 09:15:41;Yoko Na;JOSH CULLEN, Al James;10336189;josh_cullen_yoko_na_20260125_091541.html
2026-01-25 09:15:51;1999;JOSH CULLEN;6192642;josh_cullen_1999_20260125_091551.html
2026-01-25 09:16:01;See Me;JOSH CULLEN;2899627;josh_cullen_see_me_20260125_091601.html
2026-01-25 09:16:10;Silent Cries;JOSH CULLEN;3812718;josh_cullen_silent_cries_20260125_091610.html
2026-01-25 09:16:20;Honest;JOSH CULLEN;2630023;josh_cullen_honest_20260125_091620.html
2026-01-25 09:16:30;No Control;JOSH CULLEN, (e)motion engine;2181615;josh_cullen_no_control_20260125_091630.html
2026-01-25 09:16:39;Lights Out;JOSH CULLEN, Mo Mitchell;1941780;josh_cullen_lights_out_20260125_091639.html
2026-01-25 09:16:49;Sumaya;JOSH CULLEN;5289908;josh_cullen_sumaya_20260125_091649.html
2026-01-25 09:16:59;Silent Cries (Instrumental);JOSH CULLEN;528116;josh_cullen_silent_cries_instrumental_20260125_091659.html
2026-01-25 09:17:08;No Control (Instrumental);JOSH CULLEN;515201;josh_cullen_no_control_instrumental_20260125_091708.html
2026-01-25 09:17:18;Takbuhan;Kael Guerrero, JOSH CULLEN;909303;josh_cullen_takbuhan_20260125_091718.html
2026-01-25 09:17:27;Re: Thinkin' About You;H1-KEY, JOSH CULLEN;4230805;josh_cullen_re_thinkin_about_you_20260125_091727.html
2026-01-25 09:17:37;Room;Stell;11917007;stell_room_20260125_091737.html
2026-01-25 09:17:47;Anino;Stell;6033076;stell_anino_20260125_091747.html
2026-01-25 09:17:56;'Di Ko Masabi;Stell;7576242;stell_di_ko_masabi_20260125_091756.html
2026-01-25 09:18:06;Classic;Stell;6488803;stell_classic_20260125_091806.html
2026-01-25 09:18:16;Room (Stripped);Stell;4726014;stell_room_stripped_20260125_091816.html
2026-01-25 09:18:25;Surreal;justin;14903501;justin_surreal_20260125_091825.html
2026-01-25 09:18:35;Sunday Morning;justin;5404007;justin_sunday_morning_20260125_091835.html
2026-01-25 09:18:45;Kaibigan;justin;8755265;justin_kaibigan_20260125_091845.html
2026-01-25 09:18:54;Sampung Mga Daliri;dwta, justin;7510440;justin_sampung_mga_daliri_20260125_091854.html
2026-01-25 09:19:04;GENTO - From THE FIRST TAKE;SB19;6999325;sb19_gento_from_the_first_take_20260125_091904.html
2026-01-25 09:19:13;MAPA - From THE FIRST TAKE;SB19;5152917;sb19_mapa_from_the_first_take_20260125_091913.html
2026-01-25 09:19:23;DAM - From THE FIRST TAKE;SB19;2003350;sb19_dam_from_the_first_take_20260125_091923.html
2026-01-25 09:19:33;Time - From THE FIRST TAKE;SB19;2117140;sb19_time_from_the_first_take_20260125_091933.html
2026-01-25 09:19:52;Moonlight (Ian Asher Club Mix);Ian Asher, SB19, Terry Zhong;2928652;sb19_moonlight_ian_asher_club_mix_20260125_091952.html
2026-01-25 09:20:02;Umaaligid (Extended Ver.);Sarah Geronimo, SB19;2707461;sb19_umaaligid_extended_ver_20260125_092002.html
2026-01-25 09:20:11;Love Yours (DIOR & RealBros Remix);Ohwon Lee, SB19;862264;sb19_love_yours_dior_realbros_remix_20260125_092011.html
2026-01-25 09:20:21;What? - Extended Version;SB19;6277812;sb19_what_extended_version_20260125_092021.html
2026-01-26 22:02:38;Tilaluha;SB19;23600914;sb19_tilaluha_20260126_220238.html
2026-01-26 22:02:48;Go Up;SB19;26738273;sb19_go_up_20260126_220248.html
2026-01-26 22:02:58;Alab (Burning);SB19;22556291;sb19_alab_burning_20260126_220258.html
2026-01-26 22:03:07;Hanggang Sa Huli;SB19;32216735;sb19_hanggang_sa_huli_20260126_220307.html
2026-01-26 22:03:56;Love Goes;SB19;11121150;sb19_love_goes_20260126_220356.html
2026-01-26 22:04:06;Love Goes (EDM Version);SB19;7124562;sb19_love_goes_edm_version_20260126_220406.html
2026-01-26 22:04:16;'Wag Mong Ikunot Ang Iyong Noo;SB19;9441412;sb19_wag_mong_ikunot_ang_iyong_noo_20260126_220416.html
2026-01-26 22:04:25;Tilaluha (Instrumental);SB19;2209394;sb19_tilaluha_instrumental_20260126_220425.html
2026-01-26 22:04:35;Hanggang Sa Huli (Instrumental);SB19;2318315;sb19_hanggang_sa_huli_instrumental_20260126_220435.html
2026-01-26 22:04:45;What?;SB19;25665288;sb19_what_20260126_220445.html
2026-01-26 22:04:54;MAPA;SB19;85898231;sb19_mapa_20260126_220454.html
2026-01-26 22:05:05;Bazinga;SB19;31726371;sb19_bazinga_20260126_220505.html
2026-01-26 22:05:15;SLMT;SB19;17442903;sb19_slmt_20260126_220515.html
2026-01-26 22:05:25;Mana;SB19;20747009;sb19_mana_20260126_220525.html
2026-01-26 22:05:34;Ikako;SB19;14711877;sb19_ikako_20260126_220534.html
2026-01-26 22:05:44;Gento;SB19;75737940;sb19_gento_20260126_220544.html
2026-01-26 22:05:53;I Want You;SB19;31503106;sb19_i_want_you_20260126_220553.html
2026-01-26 22:06:05;Ilaw;SB19;19687533;sb19_ilaw_20260126_220605.html
2026-01-26 22:06:15;Crimzone;SB19;25315827;sb19_crimzone_20260126_220615.html
2026-01-26 22:06:25;LIHAM;SB19;20080077;sb19_liham_20260126_220625.html
2026-01-26 22:06:34;Freedom;SB19;16392499;sb19_freedom_20260126_220634.html
2026-01-26 22:06:44;DAM;SB19;60417849;sb19_dam_20260126_220644.html
2026-01-26 22:06:54;Time;SB19;21860890;sb19_time_20260126_220654.html
2026-01-26 22:07:03;8TonBall;SB19;15825719;sb19_8tonball_20260126_220703.html
2026-01-26 22:07:13;Quit;SB19;16896843;sb19_quit_20260126_220713.html
2026-01-26 22:07:23;Shooting for the Stars;SB19;14817971;sb19_shooting_for_the_stars_20260126_220723.html
2026-01-26 22:07:32;Dungka!;SB19;27609953;sb19_dungka_20260126_220732.html
2026-01-26 22:07:42;DAM (Extended Ver.);SB19;18765526;sb19_dam_extended_ver_20260126_220742.html
2026-01-26 22:07:52;WYAT (Where You At);SB19;25022192;sb19_wyat_where_you_at_20260126_220752.html
2026-01-26 22:08:04;Nyebe;SB19;18056013;sb19_nyebe_20260126_220804.html
2026-01-26 22:08:13;No Stopping You;SB19;8736130;sb19_no_stopping_you_20260126_220813.html
2026-01-26 22:08:23;Ligaya;SB19;9692322;sb19_ligaya_20260126_220823.html
2026-01-26 22:08:32;MAPA (Band Version);"SB19, Ben&amp;Ben";27888153;sb19_mapa_band_version_20260126_220832.html
2026-01-26 22:08:42;Kabataang Pinoy;BINI, SB19, Jonathan Manalo;9090458;sb19_kabataang_pinoy_20260126_220842.html
2026-01-26 22:08:52;Win Your Heart;SB19;11048461;sb19_win_your_heart_20260126_220852.html
2026-01-26 22:09:01;Christmas Party (SB19 Version);SB19;4453570;sb19_christmas_party_sb19_version_20260126_220901.html
2026-01-26 22:09:11;golden hour (SB19 Remix);JVKE, SB19;20929988;sb19_golden_hour_sb19_remix_20260126_220911.html
2026-01-26 22:09:20;Moonlight;Ian Asher, SB19, Terry Zhong;22569048;sb19_moonlight_20260126_220920.html
2026-01-26 22:09:30;Ready;apl.de.ap, SB19;9690808;sb19_ready_20260126_220930.html
2026-01-26 22:09:40;KALAKAL;SB19, Gloc-9;21665691;sb19_kalakal_20260126_220940.html
2026-01-26 22:09:49;MAPA (Indonesian Version);SB19, Aruma;7370308;sb19_mapa_indonesian_version_20260126_220949.html
2026-01-26 22:09:59;Umaaligid;Sarah Geronimo, SB19;13003709;sb19_umaaligid_20260126_220959.html
2026-01-26 22:10:09;Burn The Flame;Honor of Kings, SB19;2958651;sb19_burn_the_flame_20260126_221009.html
2026-01-26 22:10:18;Burn The Flame (Taglish Version);Honor of Kings, SB19;810704;sb19_burn_the_flame_taglish_version_20260126_221018.html
2026-01-26 22:10:28;Burn The Flame (Karaoke Version);Honor of Kings, SB19;195831;sb19_burn_the_flame_karaoke_version_20260126_221028.html
2026-01-26 22:10:38;Burn The Flame (Instrumental);Honor of Kings, SB19;137183;sb19_burn_the_flame_instrumental_20260126_221038.html
2026-01-26 22:10:47;Love Yours;Ohwon Lee, SB19;5504385;sb19_love_yours_20260126_221047.html
2026-01-26 22:10:57;Kapangyarihan;"Ben&amp;Ben, SB19";23061455;sb19_kapangyarihan_20260126_221057.html
2026-01-26 22:11:06;The One;SB19;8880350;sb19_the_one_20260126_221106.html
2026-01-26 22:11:16;Merry Munchkins (SB19 Version);Dunkin' Philippines;2733594;sb19_merry_munchkins_sb19_version_20260126_221116.html
2026-01-26 22:11:26;Live It Up;Acer Philippines, SB19;3921716;sb19_live_it_up_20260126_221126.html
2026-01-26 22:11:35;Make Your Green Mark;Acer Philippines, SB19;2453686;sb19_make_your_green_mark_20260126_221135.html
2026-01-26 22:11:45;Ace Your World;Acer Philippines, SB19, Sarah Geronimo;3085445;sb19_ace_your_world_20260126_221145.html
2026-01-26 22:11:55;Reset;Acer Philippines, SB19, Sandara Park;3166976;sb19_reset_20260126_221155.html
2026-01-26 22:12:04;Tahanan;Acer Philippines, SB19;1618360;sb19_tahanan_20260126_221204.html
2026-01-26 22:12:14;G Pa Rin Ang Pasko;GCash, SB19;796732;sb19_g_pa_rin_ang_pasko_20260126_221214.html
2026-01-26 22:12:24;Ready, Set, G!;GCash, GCash Jr., SB19;1134886;sb19_ready_set_g_20260126_221224.html
2026-01-26 22:12:34;We Wish You A Merry GCash;GCash, SB19;1322006;sb19_we_wish_you_a_merry_gcash_20260126_221234.html
2026-01-26 22:12:43;Make It Merry, I-GCash Mo;GCash, SB19;1000941;sb19_make_it_merry_i_gcash_mo_20260126_221243.html
2026-01-26 22:12:53;Tara, Summer Na!;GCash, SB19;1897521;sb19_tara_summer_na_20260126_221253.html
2026-01-26 22:13:03;TM Doble Dekada (Samahang Pina-Easy);The Juans, SB19, Donnalyn, Matthaios;2844559;sb19_tm_doble_dekada_samahang_pina_easy_20260126_221303.html
2026-01-26 22:13:12;Dobleng GV sa FunPasko (Noon, Ngayon, Palagi);The Juans, SB19;673224;sb19_dobleng_gv_sa_funpasko_noon_ngayon_palagi_20260126_221312.html
2026-01-26 22:13:22;TM FunPasko (Samahang Pina-Easy);The Juans, SB19, Donnalyn;902258;sb19_tm_funpasko_samahang_pina_easy_20260126_221322.html
2026-01-26 22:13:32;Push Ang Pusuan;The Juans, SB19, Matthaios;3471124;sb19_push_ang_pusuan_20260126_221332.html
2026-01-26 22:13:41;Team Tayo;The Juans, SB19;1055952;sb19_team_tayo_20260126_221341.html
2026-01-26 22:13:51;Ating Pasko;Acer Philippines, SB19, G22;2426357;sb19_ating_pasko_20260126_221351.html
2026-01-26 22:14:01;La Luna;PABLO;17422375;pablo_la_luna_20260126_221401.html
2026-01-26 22:14:20;Presyon;PABLO;2642671;pablo_presyon_20260126_221420.html
2026-01-26 22:14:30;Wala;PABLO;2876906;pablo_wala_20260126_221430.html
2026-01-26 22:14:40;The Boy Who Cried Wolf;PABLO;4886299;pablo_the_boy_who_cried_wolf_20260126_221440.html
2026-01-26 22:14:50;Kumunoy;PABLO;3963104;pablo_kumunoy_20260126_221450.html
2026-01-26 22:14:59;Kelan;PABLO, Josue;2438594;pablo_kelan_20260126_221459.html
2026-01-26 22:15:09;Drowning in the Water;PABLO;5618992;pablo_drowning_in_the_water_20260126_221509.html
2026-01-26 22:15:18;Breathe (Outro);PABLO;1893644;pablo_breathe_outro_20260126_221518.html
2026-01-26 22:15:28;Neumun;PABLO;3660289;pablo_neumun_20260126_221528.html
2026-01-26 22:15:38;Don't Care;PABLO;2783190;pablo_don_t_care_20260126_221538.html
2026-01-26 22:15:47;Butata;PABLO;6639137;pablo_butata_20260126_221547.html
2026-01-26 22:15:57;Puyat;PABLO;3183955;pablo_puyat_20260126_221557.html
2026-01-26 22:16:07;Blessed;PABLO;4051914;pablo_blessed_20260126_221607.html
2026-01-26 22:16:16;Tambol (Ibang Planeta);PABLO;2498268;pablo_tambol_ibang_planeta_20260126_221616.html
2026-01-26 22:16:26;Micha!;PABLO;3452169;pablo_micha_20260126_221626.html
2026-01-26 22:16:36;DETERMINADO;RADKIDZ, PABLO, Josue;6313050;pablo_determinado_20260126_221636.html
2026-01-26 22:16:47;AKALA;RADKIDZ, PABLO, Josue;5372749;pablo_akala_20260126_221647.html
2026-01-26 22:16:57;edsa;PABLO;7830957;pablo_edsa_20260126_221657.html
2026-01-26 22:17:07;Liwanag sa Dilim (from Incognito);PABLO;6322113;pablo_liwanag_sa_dilim_from_incognito_20260126_221707.html
2026-01-26 22:17:16;Palayo;Felip;12315947;felip_palayo_20260126_221716.html
2026-01-26 22:17:26;Bulan;Felip;6676584;felip_bulan_20260126_221726.html
2026-01-26 22:17:36;ROCKSTA;Felip;6394522;felip_rocksta_20260126_221736.html
2026-01-26 22:17:46;SUPERIORITY;Felip;3682744;felip_superiority_20260126_221746.html
2026-01-26 22:17:55;MICTEST;Felip;4215247;felip_mictest_20260126_221755.html
2026-01-26 22:18:05;DRINKSMOKE;Felip;5253348;felip_drinksmoke_20260126_221805.html
2026-01-26 22:18:14;CRIMINAL;Felip;6556289;felip_criminal_20260126_221814.html
2026-01-26 22:18:24;STRAYDOGS;Felip;5575754;felip_straydogs_20260126_221824.html
2026-01-26 22:18:34;Kanako;Felip;9752739;felip_kanako_20260126_221834.html
2026-01-26 22:18:43;Moving Closer;Felip;10308455;felip_moving_closer_20260126_221843.html
2026-01-26 22:18:53;FLYYY;PLAYERTWO, Felip;3508211;felip_flyyy_20260126_221853.html
2026-01-26 22:19:03;Pagdali;PLAYERTWO, Felip;3401123;felip_pagdali_20260126_221903.html
2026-01-26 22:19:12;Fake Faces;Felip;8778459;felip_fake_faces_20260126_221912.html
2026-01-26 22:19:22;foes;Felip;2387891;felip_foes_20260126_221922.html
2026-01-26 22:19:32;envy;Felip;3412705;felip_envy_20260126_221932.html
2026-01-26 22:19:41;wrath;Felip;2024363;felip_wrath_20260126_221941.html
2026-01-26 22:19:51;greed;Felip;3314843;felip_greed_20260126_221951.html
2026-01-26 22:20:01;pride;Felip;1920048;felip_pride_20260126_222001.html
2026-01-26 22:20:10;gluttony;Felip, PLAYERTWO;1717991;felip_gluttony_20260126_222010.html
2026-01-26 22:20:20;lust;Felip, Cyra Gwynth;3494901;felip_lust_20260126_222020.html
2026-01-26 22:20:30;sloth;Felip;2546878;felip_sloth_20260126_222030.html
2026-01-26 22:20:39;ache;Felip;4508164;felip_ache_20260126_222039.html
2026-01-26 22:20:49;ID;SKY-HI, RYOKI, RYUKI, JIMMY, Felip;2398215;felip_id_20260126_222049.html
2026-01-26 22:20:59;KAWASAKI;ONE OR EIGHT, Felip, thủy;1652986;felip_kawasaki_20260126_222059.html
2026-01-26 22:21:08;Palayo - Live Band Ver;Felip;2227420;felip_palayo_live_band_ver_20260126_222108.html
2026-01-26 22:21:18;Bulan - Live Band Ver;Felip;1945954;felip_bulan_live_band_ver_20260126_222118.html
2026-01-26 22:21:28;Palayo Inst.;Felip;1259811;felip_palayo_inst_20260126_222128.html
2026-01-26 22:21:37;Bulan Inst.;Felip;1184554;felip_bulan_inst_20260126_222137.html
2026-01-26 22:21:47;Moving Closer - From The Cafe;Felip;2203480;felip_moving_closer_from_the_cafe_20260126_222147.html
2026-01-26 22:21:57;Moving Closer - From The Lounge;Felip;1525990;felip_moving_closer_from_the_lounge_20260126_222157.html
2026-01-26 22:22:06;ID (new version);SKY-HI, SHUNTO, RYUKI, JIMMY, Felip;184958;felip_id_new_version_20260126_222206.html
2026-01-26 22:22:16;ROCKSTA (Superior Session Live);Felip;1499473;felip_rocksta_superior_session_live_20260126_222216.html
2026-01-26 22:22:26;SUPERIORITY (Superior Session Live);Felip;1400007;felip_superiority_superior_session_live_20260126_222226.html
2026-01-26 22:22:35;MICTEST (Superior Session Live);Felip;1331535;felip_mictest_superior_session_live_20260126_222235.html
2026-01-26 22:22:45;DRINKSMOKE (Superior Session Live);Felip;1510835;felip_drinksmoke_superior_session_live_20260126_222245.html
2026-01-26 22:22:55;CRIMINAL (Superior Session Live);Felip;1703365;felip_criminal_superior_session_live_20260126_222255.html
2026-01-26 22:23:04;STRAYDOGS (Superior Session Live);Felip;1334818;felip_straydogs_superior_session_live_20260126_222304.html
2026-01-26 22:23:14;to sin is human, to forgive is divine - live;Felip;154070;felip_to_sin_is_human_to_forgive_is_divine_live_20260126_222314.html
2026-01-26 22:23:23;foes - live;Felip;147841;felip_foes_live_20260126_222323.html
2026-01-26 22:23:33;envy - live;Felip;130779;felip_envy_live_20260126_222333.html
2026-01-26 22:23:43;greed - live;Felip;141504;felip_greed_live_20260126_222343.html
2026-01-26 22:23:52;lust - live;Felip, Cyra Gwynth;136631;felip_lust_live_20260126_222352.html
2026-01-26 22:24:02;pride - live;Felip;123759;felip_pride_live_20260126_222402.html
2026-01-26 22:24:12;gluttony (feat. PLAYERTWO) - live;Felip, PLAYERTWO;125336;felip_gluttony_feat_playertwo_live_20260126_222412.html
2026-01-26 22:24:21;wrath - live;Felip;136868;felip_wrath_live_20260126_222421.html
2026-01-26 22:24:31;tokyo - live;Felip;596568;felip_tokyo_live_20260126_222431.html
2026-01-26 22:24:41;sloth - live;Felip;132325;felip_sloth_live_20260126_222441.html
2026-01-26 22:24:50;grace - live;Felip;138857;felip_grace_live_20260126_222450.html
2026-01-26 22:25:03;ache - live;Felip;162945;felip_ache_live_20260126_222503.html
2026-01-26 22:25:12;WILD TONIGHT;JOSH CULLEN;9709209;josh_cullen_wild_tonight_20260126_222512.html
2026-01-26 22:25:22;Pakiusap Lang;JOSH CULLEN;5252627;josh_cullen_pakiusap_lang_20260126_222522.html
2026-01-26 22:25:31;GET RIGHT;JOSH CULLEN;4605118;josh_cullen_get_right_20260126_222531.html
2026-01-26 22:25:41;Yoko Na;JOSH CULLEN, Al James;10345978;josh_cullen_yoko_na_20260126_222541.html
2026-01-26 22:25:51;1999;JOSH CULLEN;6206188;josh_cullen_1999_20260126_222551.html
2026-01-26 22:26:00;See Me;JOSH CULLEN;2906038;josh_cullen_see_me_20260126_222600.html
2026-01-26 22:26:10;Silent Cries;JOSH CULLEN;3818181;josh_cullen_silent_cries_20260126_222610.html
2026-01-26 22:26:20;Honest;JOSH CULLEN;2633856;josh_cullen_honest_20260126_222620.html
2026-01-26 22:26:29;No Control;JOSH CULLEN, (e)motion engine;2185312;josh_cullen_no_control_20260126_222629.html
2026-01-26 22:26:39;Lights Out;JOSH CULLEN, Mo Mitchell;1946058;josh_cullen_lights_out_20260126_222639.html
2026-01-26 22:26:49;Sumaya;JOSH CULLEN;5296596;josh_cullen_sumaya_20260126_222649.html
2026-01-26 22:26:58;Silent Cries (Instrumental);JOSH CULLEN;529443;josh_cullen_silent_cries_instrumental_20260126_222658.html
2026-01-26 22:27:09;No Control (Instrumental);JOSH CULLEN;516497;josh_cullen_no_control_instrumental_20260126_222709.html
2026-01-26 22:27:19;Takbuhan;Kael Guerrero, JOSH CULLEN;911920;josh_cullen_takbuhan_20260126_222719.html
2026-01-26 22:27:29;Re: Thinkin' About You;H1-KEY, JOSH CULLEN;4237586;josh_cullen_re_thinkin_about_you_20260126_222729.html
2026-01-26 22:27:38;Room;Stell;11941732;stell_room_20260126_222738.html
2026-01-26 22:27:48;Anino;Stell;6049123;stell_anino_20260126_222748.html
2026-01-26 22:27:58;'Di Ko Masabi;Stell;7595865;stell_di_ko_masabi_20260126_222758.html
2026-01-26 22:28:07;Classic;Stell;6508772;stell_classic_20260126_222807.html
2026-01-26 22:28:17;Room (Stripped);Stell;4738607;stell_room_stripped_20260126_222817.html
2026-01-26 22:28:26;Surreal;justin;14922027;justin_surreal_20260126_222826.html
2026-01-26 22:28:36;Sunday Morning;justin;5412605;justin_sunday_morning_20260126_222836.html
2026-01-26 22:28:45;Kaibigan;justin;8768802;justin_kaibigan_20260126_222845.html
2026-01-26 22:28:55;Sampung Mga Daliri;dwta, justin;7529026;justin_sampung_mga_daliri_20260126_222855.html
2026-01-26 22:29:05;GENTO - From THE FIRST TAKE;SB19;7017458;sb19_gento_from_the_first_take_20260126_222905.html
2026-01-26 22:29:14;MAPA - From THE FIRST TAKE;SB19;5167425;sb19_mapa_from_the_first_take_20260126_222914.html
2026-01-26 22:29:24;DAM - From THE FIRST TAKE;SB19;2039525;sb19_dam_from_the_first_take_20260126_222924.html
2026-01-26 22:29:34;Time - From THE FIRST TAKE;SB19;2159401;sb19_time_from_the_first_take_20260126_222934.html
2026-01-26 22:29:43;Moonlight (Ian Asher Club Mix);Ian Asher, SB19, Terry Zhong;2934582;sb19_moonlight_ian_asher_club_mix_20260126_222943.html
2026-01-26 22:29:53;Umaaligid (Extended Ver.);Sarah Geronimo, SB19;2717667;sb19_umaaligid_extended_ver_20260126_222953.html
2026-01-26 22:31:20;Love Yours (DIOR & RealBros Remix);Ohwon Lee, SB19;863335;sb19_love_yours_dior_realbros_remix_20260126_223120.html
2026-01-26 22:31:30;What? - Extended Version;SB19;6286493;sb19_what_extended_version_20260126_223130.html
2026-01-28 15:34:35;Tilaluha;SB19;23614157;sb19_tilaluha_20260128_153435.html
2026-01-28 15:34:44;Go Up;SB19;26752526;sb19_go_up_20260128_153444.html
2026-01-28 15:34:56;Alab (Burning);SB19;22570389;sb19_alab_burning_20260128_153456.html
2026-01-28 15:35:08;Hanggang Sa Huli;SB19;32231683;sb19_hanggang_sa_huli_20260128_153508.html
2026-01-28 15:35:20;Love Goes;SB19;11129125;sb19_love_goes_20260128_153520.html
2026-01-28 15:35:29;Love Goes (EDM Version);SB19;7129092;sb19_love_goes_edm_version_20260128_153529.html
2026-01-28 15:35:39;'Wag Mong Ikunot Ang Iyong Noo;SB19;9448812;sb19_wag_mong_ikunot_ang_iyong_noo_20260128_153539.html
2026-01-28 15:35:49;Tilaluha (Instrumental);SB19;2210337;sb19_tilaluha_instrumental_20260128_153549.html
2026-01-28 15:35:58;Hanggang Sa Huli (Instrumental);SB19;2319292;sb19_hanggang_sa_huli_instrumental_20260128_153558.html
2026-01-28 15:36:08;What?;SB19;25682295;sb19_what_20260128_153608.html
2026-01-28 15:36:17;MAPA;SB19;85940173;sb19_mapa_20260128_153617.html
2026-01-28 15:36:27;Bazinga;SB19;31743866;sb19_bazinga_20260128_153627.html
2026-01-28 15:36:37;SLMT;SB19;17456326;sb19_slmt_20260128_153637.html
2026-01-28 15:36:46;Mana;SB19;20762101;sb19_mana_20260128_153646.html
2026-01-28 15:36:56;Ikako;SB19;14724299;sb19_ikako_20260128_153656.html
2026-01-28 15:37:06;Gento;SB19;75781652;sb19_gento_20260128_153706.html
2026-01-28 15:37:15;I Want You;SB19;31523800;sb19_i_want_you_20260128_153715.html
2026-01-28 15:37:25;Ilaw;SB19;19705953;sb19_ilaw_20260128_153725.html
2026-01-28 15:37:34;Crimzone;SB19;25335903;sb19_crimzone_20260128_153734.html
2026-01-28 15:37:44;LIHAM;SB19;20098910;sb19_liham_20260128_153744.html
2026-01-28 15:37:54;Freedom;SB19;16408280;sb19_freedom_20260128_153754.html
2026-01-28 15:38:03;DAM;SB19;60506458;sb19_dam_20260128_153803.html
2026-01-28 15:38:13;Time;SB19;21906177;sb19_time_20260128_153813.html
2026-01-28 15:38:22;8TonBall;SB19;15863178;sb19_8tonball_20260128_153822.html
2026-01-28 15:38:32;Quit;SB19;16932262;sb19_quit_20260128_153832.html
2026-01-28 15:38:42;Shooting for the Stars;SB19;14853133;sb19_shooting_for_the_stars_20260128_153842.html
2026-01-28 15:38:51;Dungka!;SB19;27659446;sb19_dungka_20260128_153851.html
2026-01-28 15:39:02;DAM (Extended Ver.);SB19;18792525;sb19_dam_extended_ver_20260128_153902.html
2026-01-28 15:39:12;WYAT (Where You At);SB19;25036840;sb19_wyat_where_you_at_20260128_153912.html
2026-01-28 15:39:22;Nyebe;SB19;18071380;sb19_nyebe_20260128_153922.html
2026-01-28 15:39:31;No Stopping You;SB19;8744230;sb19_no_stopping_you_20260128_153931.html
2026-01-28 15:39:41;Ligaya;SB19;9698006;sb19_ligaya_20260128_153941.html
2026-01-28 15:39:51;MAPA (Band Version);"SB19, Ben&amp;Ben";27896275;sb19_mapa_band_version_20260128_153951.html
2026-01-28 15:40:00;Kabataang Pinoy;BINI, SB19, Jonathan Manalo;9093076;sb19_kabataang_pinoy_20260128_154000.html
2026-01-28 15:40:10;Win Your Heart;SB19;11057343;sb19_win_your_heart_20260128_154010.html
2026-01-28 15:40:19;Christmas Party (SB19 Version);SB19;4455874;sb19_christmas_party_sb19_version_20260128_154019.html
2026-01-28 15:40:29;golden hour (SB19 Remix);JVKE, SB19;20942089;sb19_golden_hour_sb19_remix_20260128_154029.html
2026-01-28 15:40:39;Moonlight;Ian Asher, SB19, Terry Zhong;22581090;sb19_moonlight_20260128_154039.html
2026-01-28 15:40:48;Ready;apl.de.ap, SB19;9699322;sb19_ready_20260128_154048.html
2026-01-28 15:40:58;KALAKAL;SB19, Gloc-9;21680820;sb19_kalakal_20260128_154058.html
2026-01-28 15:41:08;MAPA (Indonesian Version);SB19, Aruma;7382644;sb19_mapa_indonesian_version_20260128_154108.html
2026-01-28 15:41:17;Umaaligid;Sarah Geronimo, SB19;13029495;sb19_umaaligid_20260128_154117.html
2026-01-28 15:41:27;Burn The Flame;Honor of Kings, SB19;2977437;sb19_burn_the_flame_20260128_154127.html
2026-01-28 15:41:36;Burn The Flame (Taglish Version);Honor of Kings, SB19;816438;sb19_burn_the_flame_taglish_version_20260128_154136.html
2026-01-28 15:41:46;Burn The Flame (Karaoke Version);Honor of Kings, SB19;196804;sb19_burn_the_flame_karaoke_version_20260128_154146.html
2026-01-28 15:41:57;Burn The Flame (Instrumental);Honor of Kings, SB19;137897;sb19_burn_the_flame_instrumental_20260128_154157.html
2026-01-28 15:42:06;Love Yours;Ohwon Lee, SB19;5508131;sb19_love_yours_20260128_154206.html
2026-01-28 15:42:16;Kapangyarihan;"Ben&amp;Ben, SB19";23083034;sb19_kapangyarihan_20260128_154216.html
2026-01-28 15:42:26;The One;SB19;8888882;sb19_the_one_20260128_154226.html
2026-01-28 15:42:35;Merry Munchkins (SB19 Version);Dunkin' Philippines;2734399;sb19_merry_munchkins_sb19_version_20260128_154235.html
2026-01-28 15:42:45;Live It Up;Acer Philippines, SB19;3923470;sb19_live_it_up_20260128_154245.html
2026-01-28 15:42:54;Make Your Green Mark;Acer Philippines, SB19;2454619;sb19_make_your_green_mark_20260128_154254.html
2026-01-28 15:43:04;Ace Your World;Acer Philippines, SB19, Sarah Geronimo;3087591;sb19_ace_your_world_20260128_154304.html
2026-01-28 15:43:14;Reset;Acer Philippines, SB19, Sandara Park;3168691;sb19_reset_20260128_154314.html
2026-01-28 15:43:23;Tahanan;Acer Philippines, SB19;1633753;sb19_tahanan_20260128_154323.html
2026-01-28 15:43:33;G Pa Rin Ang Pasko;GCash, SB19;796732;sb19_g_pa_rin_ang_pasko_20260128_154333.html
2026-01-28 15:43:42;Ready, Set, G!;GCash, GCash Jr., SB19;1134886;sb19_ready_set_g_20260128_154342.html
2026-01-28 15:43:52;We Wish You A Merry GCash;GCash, SB19;1322517;sb19_we_wish_you_a_merry_gcash_20260128_154352.html
2026-01-28 15:44:01;Make It Merry, I-GCash Mo;GCash, SB19;1003665;sb19_make_it_merry_i_gcash_mo_20260128_154401.html
2026-01-28 15:44:11;Tara, Summer Na!;GCash, SB19;1898873;sb19_tara_summer_na_20260128_154411.html
2026-01-28 15:44:22;TM Doble Dekada (Samahang Pina-Easy);The Juans, SB19, Donnalyn, Matthaios;2846995;sb19_tm_doble_dekada_samahang_pina_easy_20260128_154422.html
2026-01-28 15:44:32;Dobleng GV sa FunPasko (Noon, Ngayon, Palagi);The Juans, SB19;673457;sb19_dobleng_gv_sa_funpasko_noon_ngayon_palagi_20260128_154432.html
2026-01-28 15:44:41;TM FunPasko (Samahang Pina-Easy);The Juans, SB19, Donnalyn;902668;sb19_tm_funpasko_samahang_pina_easy_20260128_154441.html
2026-01-28 15:44:51;Push Ang Pusuan;The Juans, SB19, Matthaios;3475261;sb19_push_ang_pusuan_20260128_154451.html
2026-01-28 15:45:00;Team Tayo;The Juans, SB19;1056269;sb19_team_tayo_20260128_154500.html
2026-01-28 15:45:10;Ating Pasko;Acer Philippines, SB19, G22;2426732;sb19_ating_pasko_20260128_154510.html
2026-01-28 15:45:20;La Luna;PABLO;17426634;pablo_la_luna_20260128_154520.html
2026-01-28 15:45:39;Presyon;PABLO;2645425;pablo_presyon_20260128_154539.html
2026-01-28 15:45:48;Wala;PABLO;2879311;pablo_wala_20260128_154548.html
2026-01-28 15:45:58;The Boy Who Cried Wolf;PABLO;4891758;pablo_the_boy_who_cried_wolf_20260128_154558.html
2026-01-28 15:46:07;Kumunoy;PABLO;3969957;pablo_kumunoy_20260128_154607.html
2026-01-28 15:46:17;Kelan;PABLO, Josue;2441473;pablo_kelan_20260128_154617.html
2026-01-28 15:46:27;Drowning in the Water;PABLO;5625137;pablo_drowning_in_the_water_20260128_154627.html
2026-01-28 15:46:36;Breathe (Outro);PABLO;1895878;pablo_breathe_outro_20260128_154636.html
2026-01-28 15:46:46;Neumun;PABLO;3664359;pablo_neumun_20260128_154646.html
2026-01-28 15:46:55;Don't Care;PABLO;2786247;pablo_don_t_care_20260128_154655.html
2026-01-28 15:47:05;Butata;PABLO;6644145;pablo_butata_20260128_154705.html
2026-01-28 15:47:14;Puyat;PABLO;3187678;pablo_puyat_20260128_154714.html
2026-01-28 15:47:24;Blessed;PABLO;4057170;pablo_blessed_20260128_154724.html
2026-01-28 15:47:33;Tambol (Ibang Planeta);PABLO;2501233;pablo_tambol_ibang_planeta_20260128_154733.html
2026-01-28 15:47:43;Micha!;PABLO;3458710;pablo_micha_20260128_154743.html
2026-01-28 15:47:53;DETERMINADO;RADKIDZ, PABLO, Josue;6316066;pablo_determinado_20260128_154753.html
2026-01-28 15:48:02;AKALA;RADKIDZ, PABLO, Josue;5375562;pablo_akala_20260128_154802.html
2026-01-28 15:48:12;edsa;PABLO;7835750;pablo_edsa_20260128_154812.html
2026-01-28 15:48:21;Liwanag sa Dilim (from Incognito);PABLO;6329522;pablo_liwanag_sa_dilim_from_incognito_20260128_154821.html
2026-01-28 15:48:31;Palayo;Felip;12320245;felip_palayo_20260128_154831.html
2026-01-28 15:48:40;Bulan;Felip;6679569;felip_bulan_20260128_154840.html
2026-01-28 15:48:50;ROCKSTA;Felip;6397587;felip_rocksta_20260128_154850.html
2026-01-28 15:49:00;SUPERIORITY;Felip;3685222;felip_superiority_20260128_154900.html
2026-01-28 15:49:09;MICTEST;Felip;4218114;felip_mictest_20260128_154909.html
2026-01-28 15:49:19;DRINKSMOKE;Felip;5256911;felip_drinksmoke_20260128_154919.html
2026-01-28 15:49:28;CRIMINAL;Felip;6560426;felip_criminal_20260128_154928.html
2026-01-28 15:49:38;STRAYDOGS;Felip;5578723;felip_straydogs_20260128_154938.html
2026-01-28 15:49:48;Kanako;Felip;9760372;felip_kanako_20260128_154948.html
2026-01-28 15:49:57;Moving Closer;Felip;10314519;felip_moving_closer_20260128_154957.html
2026-01-28 15:50:07;FLYYY;PLAYERTWO, Felip;3510008;felip_flyyy_20260128_155007.html
2026-01-28 15:50:16;Pagdali;PLAYERTWO, Felip;3403883;felip_pagdali_20260128_155016.html
2026-01-28 15:50:26;Fake Faces;Felip;8783697;felip_fake_faces_20260128_155026.html
2026-01-28 15:50:36;foes;Felip;2389619;felip_foes_20260128_155036.html
2026-01-28 15:50:45;envy;Felip;3415212;felip_envy_20260128_155045.html
2026-01-28 15:50:55;wrath;Felip;2025942;felip_wrath_20260128_155055.html
2026-01-28 15:51:04;greed;Felip;3318030;felip_greed_20260128_155104.html
2026-01-28 15:51:14;pride;Felip;1921475;felip_pride_20260128_155114.html
2026-01-28 15:51:24;gluttony;Felip, PLAYERTWO;1719391;felip_gluttony_20260128_155124.html
2026-01-28 15:51:33;lust;Felip, Cyra Gwynth;3497733;felip_lust_20260128_155133.html
2026-01-28 15:51:43;sloth;Felip;2549068;felip_sloth_20260128_155143.html
2026-01-28 15:51:53;ache;Felip;4513045;felip_ache_20260128_155153.html
2026-01-28 15:52:02;ID;SKY-HI, RYOKI, RYUKI, JIMMY, Felip;2400447;felip_id_20260128_155202.html
2026-01-28 15:52:12;KAWASAKI;ONE OR EIGHT, Felip, thủy;1655614;felip_kawasaki_20260128_155212.html
2026-01-28 15:52:22;Palayo - Live Band Ver;Felip;2228100;felip_palayo_live_band_ver_20260128_155222.html
2026-01-28 15:52:31;Bulan - Live Band Ver;Felip;1946493;felip_bulan_live_band_ver_20260128_155231.html
2026-01-28 15:52:41;Palayo Inst.;Felip;1260086;felip_palayo_inst_20260128_155241.html
2026-01-28 15:52:50;Bulan Inst.;Felip;1184884;felip_bulan_inst_20260128_155250.html
2026-01-28 15:53:00;Moving Closer - From The Cafe;Felip;2205084;felip_moving_closer_from_the_cafe_20260128_155300.html
2026-01-28 15:53:09;Moving Closer - From The Lounge;Felip;1527534;felip_moving_closer_from_the_lounge_20260128_155309.html
2026-01-28 15:53:19;ID (new version);SKY-HI, SHUNTO, RYUKI, JIMMY, Felip;187773;felip_id_new_version_20260128_155319.html
2026-01-28 15:53:29;ROCKSTA (Superior Session Live);Felip;1500056;felip_rocksta_superior_session_live_20260128_155329.html
2026-01-28 15:53:38;SUPERIORITY (Superior Session Live);Felip;1400657;felip_superiority_superior_session_live_20260128_155338.html
2026-01-28 15:53:48;MICTEST (Superior Session Live);Felip;1332014;felip_mictest_superior_session_live_20260128_155348.html
2026-01-28 15:53:58;DRINKSMOKE (Superior Session Live);Felip;1511500;felip_drinksmoke_superior_session_live_20260128_155358.html
2026-01-28 15:54:07;CRIMINAL (Superior Session Live);Felip;1703979;felip_criminal_superior_session_live_20260128_155407.html
2026-01-28 15:54:17;STRAYDOGS (Superior Session Live);Felip;1335423;felip_straydogs_superior_session_live_20260128_155417.html
2026-01-28 15:54:27;to sin is human, to forgive is divine - live;Felip;154760;felip_to_sin_is_human_to_forgive_is_divine_live_20260128_155427.html
2026-01-28 15:54:36;foes - live;Felip;148341;felip_foes_live_20260128_155436.html
2026-01-28 15:54:46;envy - live;Felip;131319;felip_envy_live_20260128_155446.html
2026-01-28 15:54:56;greed - live;Felip;142027;felip_greed_live_20260128_155456.html
2026-01-28 15:55:05;lust - live;Felip, Cyra Gwynth;137224;felip_lust_live_20260128_155505.html
2026-01-28 15:55:15;pride - live;Felip;124239;felip_pride_live_20260128_155515.html
2026-01-28 15:55:26;gluttony (feat. PLAYERTWO) - live;Felip, PLAYERTWO;125760;felip_gluttony_feat_playertwo_live_20260128_155526.html
2026-01-28 15:55:36;wrath - live;Felip;137683;felip_wrath_live_20260128_155536.html
2026-01-28 15:55:46;tokyo - live;Felip;599467;felip_tokyo_live_20260128_155546.html
2026-01-28 15:55:55;sloth - live;Felip;132878;felip_sloth_live_20260128_155555.html
2026-01-28 15:56:05;grace - live;Felip;139522;felip_grace_live_20260128_155605.html
2026-01-28 15:56:15;ache - live;Felip;163724;felip_ache_live_20260128_155615.html
2026-01-28 15:56:24;WILD TONIGHT;JOSH CULLEN;9714250;josh_cullen_wild_tonight_20260128_155624.html
2026-01-28 15:56:34;Pakiusap Lang;JOSH CULLEN;5254371;josh_cullen_pakiusap_lang_20260128_155634.html
2026-01-28 15:56:44;GET RIGHT;JOSH CULLEN;4607417;josh_cullen_get_right_20260128_155644.html
2026-01-28 15:56:53;Yoko Na;JOSH CULLEN, Al James;10351161;josh_cullen_yoko_na_20260128_155653.html
2026-01-28 15:57:03;1999;JOSH CULLEN;6212523;josh_cullen_1999_20260128_155703.html
2026-01-28 15:57:13;See Me;JOSH CULLEN;2910067;josh_cullen_see_me_20260128_155713.html
2026-01-28 15:57:22;Silent Cries;JOSH CULLEN;3820961;josh_cullen_silent_cries_20260128_155722.html
2026-01-28 15:57:32;Honest;JOSH CULLEN;2636181;josh_cullen_honest_20260128_155732.html
2026-01-28 17:51:05;No Control;JOSH CULLEN, (e)motion engine;2187890;josh_cullen_no_control_20260128_175105.html
2026-01-28 17:51:15;Lights Out;JOSH CULLEN, Mo Mitchell;1948350;josh_cullen_lights_out_20260128_175115.html
2026-01-28 17:51:24;Sumaya;JOSH CULLEN;5300387;josh_cullen_sumaya_20260128_175124.html
2026-01-28 17:51:34;Silent Cries (Instrumental);JOSH CULLEN;529925;josh_cullen_silent_cries_instrumental_20260128_175134.html
2026-01-28 17:51:44;No Control (Instrumental);JOSH CULLEN;517132;josh_cullen_no_control_instrumental_20260128_175144.html
2026-01-28 17:51:53;Takbuhan;Kael Guerrero, JOSH CULLEN;913802;josh_cullen_takbuhan_20260128_175153.html
2026-01-28 17:52:03;Re: Thinkin' About You;H1-KEY, JOSH CULLEN;4240645;josh_cullen_re_thinkin_about_you_20260128_175203.html
2026-01-28 17:52:13;Room;Stell;11955490;stell_room_20260128_175213.html
2026-01-28 17:52:23;Anino;Stell;6057380;stell_anino_20260128_175223.html
2026-01-28 17:52:32;'Di Ko Masabi;Stell;7604633;stell_di_ko_masabi_20260128_175232.html
2026-01-28 17:52:42;Classic;Stell;6517956;stell_classic_20260128_175242.html
2026-01-28 17:52:52;Room (Stripped);Stell;4745934;stell_room_stripped_20260128_175252.html
2026-01-28 17:53:01;Surreal;justin;14932337;justin_surreal_20260128_175301.html
2026-01-28 17:53:11;Sunday Morning;justin;5417859;justin_sunday_morning_20260128_175311.html
2026-01-28 17:53:21;Kaibigan;justin;8775725;justin_kaibigan_20260128_175321.html
2026-01-28 17:53:30;Sampung Mga Daliri;dwta, justin;7538130;justin_sampung_mga_daliri_20260128_175330.html
2026-01-28 17:53:40;GENTO - From THE FIRST TAKE;SB19;7025940;sb19_gento_from_the_first_take_20260128_175340.html
2026-01-28 17:53:50;MAPA - From THE FIRST TAKE;SB19;5174008;sb19_mapa_from_the_first_take_20260128_175350.html
2026-01-28 17:53:59;DAM - From THE FIRST TAKE;SB19;2055692;sb19_dam_from_the_first_take_20260128_175359.html
2026-01-28 17:54:09;Time - From THE FIRST TAKE;SB19;2179357;sb19_time_from_the_first_take_20260128_175409.html
2026-01-28 17:54:19;Moonlight (Ian Asher Club Mix);Ian Asher, SB19, Terry Zhong;2937949;sb19_moonlight_ian_asher_club_mix_20260128_175419.html
2026-01-28 17:54:28;Umaaligid (Extended Ver.);Sarah Geronimo, SB19;2722085;sb19_umaaligid_extended_ver_20260128_175428.html
2026-01-28 17:54:38;Love Yours (DIOR & RealBros Remix);Ohwon Lee, SB19;863812;sb19_love_yours_dior_realbros_remix_20260128_175438.html
2026-01-28 17:54:48;What? - Extended Version;SB19;6290993;sb19_what_extended_version_20260128_175448.html
2026-01-28 18:46:05;Sampung Mga Daliri (Reimagined Version);dwta, justin;710946;justin_sampung_mga_daliri_reimagined_version_20260128_184605.html
2026-01-28 18:46:14;Sampung Mga Daliri (Acoustic Version);dwta, justin;1564771;justin_sampung_mga_daliri_acoustic_version_20260128_184614.html
2026-01-29 23:00:38;Tilaluha;SB19;23639722;sb19_tilaluha_20260129_230038.html
2026-01-29 23:00:48;Go Up;SB19;26776241;sb19_go_up_20260129_230048.html
2026-01-29 23:00:57;Alab (Burning);SB19;22595062;sb19_alab_burning_20260129_230057.html
2026-01-29 23:01:07;Hanggang Sa Huli;SB19;32265512;sb19_hanggang_sa_huli_20260129_230107.html
2026-01-29 23:01:16;Love Goes;SB19;11144155;sb19_love_goes_20260129_230116.html
2026-01-29 23:01:26;Love Goes (EDM Version);SB19;7138534;sb19_love_goes_edm_version_20260129_230126.html
2026-01-29 23:01:36;'Wag Mong Ikunot Ang Iyong Noo;SB19;9465921;sb19_wag_mong_ikunot_ang_iyong_noo_20260129_230136.html
2026-01-29 23:01:46;Tilaluha (Instrumental);SB19;2212670;sb19_tilaluha_instrumental_20260129_230146.html
2026-01-29 23:01:55;Hanggang Sa Huli (Instrumental);SB19;2321649;sb19_hanggang_sa_huli_instrumental_20260129_230155.html
2026-01-29 23:02:05;What?;SB19;25709773;sb19_what_20260129_230205.html
2026-01-29 23:02:15;MAPA;SB19;86018525;sb19_mapa_20260129_230215.html
2026-01-29 23:02:24;Bazinga;SB19;31778905;sb19_bazinga_20260129_230224.html
2026-01-29 23:02:34;SLMT;SB19;17480229;sb19_slmt_20260129_230234.html
2026-01-29 23:02:44;Mana;SB19;20788787;sb19_mana_20260129_230244.html
2026-01-29 23:02:54;Ikako;SB19;14747656;sb19_ikako_20260129_230254.html
2026-01-29 23:03:04;Gento;SB19;75861386;sb19_gento_20260129_230304.html
2026-01-29 23:03:14;I Want You;SB19;31562536;sb19_i_want_you_20260129_230314.html
2026-01-29 23:03:23;Ilaw;SB19;19739959;sb19_ilaw_20260129_230323.html
2026-01-29 23:03:33;Crimzone;SB19;25372824;sb19_crimzone_20260129_230333.html
2026-01-29 23:03:42;LIHAM;SB19;20133516;sb19_liham_20260129_230342.html
2026-01-29 23:03:52;Freedom;SB19;16435602;sb19_freedom_20260129_230352.html
2026-01-29 23:04:02;DAM;SB19;60691212;sb19_dam_20260129_230402.html
2026-01-29 23:04:11;Time;SB19;22004587;sb19_time_20260129_230411.html
2026-01-29 23:04:21;8TonBall;SB19;15943267;sb19_8tonball_20260129_230421.html
2026-01-29 23:04:31;Quit;SB19;17014760;sb19_quit_20260129_230431.html
2026-01-29 23:04:41;Shooting for the Stars;SB19;14932252;sb19_shooting_for_the_stars_20260129_230441.html
2026-01-29 23:04:50;Dungka!;SB19;27766187;sb19_dungka_20260129_230450.html
2026-01-29 23:05:00;DAM (Extended Ver.);SB19;18837759;sb19_dam_extended_ver_20260129_230500.html
2026-01-29 23:05:10;WYAT (Where You At);SB19;25063249;sb19_wyat_where_you_at_20260129_230510.html
2026-01-29 23:05:19;Nyebe;SB19;18102410;sb19_nyebe_20260129_230519.html
2026-01-29 23:05:29;No Stopping You;SB19;8758589;sb19_no_stopping_you_20260129_230529.html
2026-01-29 23:05:48;MAPA (Band Version);"SB19, Ben&amp;Ben";27914346;sb19_mapa_band_version_20260129_230548.html
2026-01-29 23:05:58;Kabataang Pinoy;BINI, SB19, Jonathan Manalo;9098220;sb19_kabataang_pinoy_20260129_230558.html
2026-01-29 23:06:08;Win Your Heart;SB19;11071638;sb19_win_your_heart_20260129_230608.html
2026-01-29 23:06:17;Christmas Party (SB19 Version);SB19;4460672;sb19_christmas_party_sb19_version_20260129_230617.html
2026-01-29 23:06:27;golden hour (SB19 Remix);JVKE, SB19;20966779;sb19_golden_hour_sb19_remix_20260129_230627.html
2026-01-29 23:06:36;Moonlight;Ian Asher, SB19, Terry Zhong;22605033;sb19_moonlight_20260129_230636.html
2026-01-29 23:06:46;Ready;apl.de.ap, SB19;9714205;sb19_ready_20260129_230646.html
2026-01-29 23:06:56;KALAKAL;SB19, Gloc-9;21709937;sb19_kalakal_20260129_230656.html
2026-01-29 23:07:05;MAPA (Indonesian Version);SB19, Aruma;7405406;sb19_mapa_indonesian_version_20260129_230705.html
2026-01-29 23:07:15;Umaaligid;Sarah Geronimo, SB19;13076824;sb19_umaaligid_20260129_230715.html
2026-01-29 23:07:24;Burn The Flame;Honor of Kings, SB19;3014627;sb19_burn_the_flame_20260129_230724.html
2026-01-29 23:07:34;Burn The Flame (Taglish Version);Honor of Kings, SB19;823577;sb19_burn_the_flame_taglish_version_20260129_230734.html
2026-01-29 23:07:44;Burn The Flame (Karaoke Version);Honor of Kings, SB19;198499;sb19_burn_the_flame_karaoke_version_20260129_230744.html
2026-01-29 23:07:53;Burn The Flame (Instrumental);Honor of Kings, SB19;138945;sb19_burn_the_flame_instrumental_20260129_230753.html
2026-01-29 23:08:03;Love Yours;Ohwon Lee, SB19;5514759;sb19_love_yours_20260129_230803.html
2026-01-29 23:08:13;Kapangyarihan;"Ben&amp;Ben, SB19";23127558;sb19_kapangyarihan_20260129_230813.html
2026-01-29 23:08:22;The One;SB19;8901434;sb19_the_one_20260129_230822.html
2026-01-29 23:08:32;Merry Munchkins (SB19 Version);Dunkin' Philippines;2735909;sb19_merry_munchkins_sb19_version_20260129_230832.html
2026-01-29 23:08:41;Live It Up;Acer Philippines, SB19;3926566;sb19_live_it_up_20260129_230841.html
2026-01-29 23:08:52;Make Your Green Mark;Acer Philippines, SB19;2456143;sb19_make_your_green_mark_20260129_230852.html
2026-01-29 23:09:02;Ace Your World;Acer Philippines, SB19, Sarah Geronimo;3090821;sb19_ace_your_world_20260129_230902.html
2026-01-29 23:09:11;Reset;Acer Philippines, SB19, Sandara Park;3171397;sb19_reset_20260129_230911.html
2026-01-29 23:09:21;Tahanan;Acer Philippines, SB19;1661909;sb19_tahanan_20260129_230921.html
2026-01-29 23:09:31;G Pa Rin Ang Pasko;GCash, SB19;796732;sb19_g_pa_rin_ang_pasko_20260129_230931.html
2026-01-29 23:09:40;Ready, Set, G!;GCash, GCash Jr., SB19;1134886;sb19_ready_set_g_20260129_230940.html
2026-01-29 23:09:50;We Wish You A Merry GCash;GCash, SB19;1323725;sb19_we_wish_you_a_merry_gcash_20260129_230950.html
2026-01-29 23:09:59;Make It Merry, I-GCash Mo;GCash, SB19;1008638;sb19_make_it_merry_i_gcash_mo_20260129_230959.html
2026-01-29 23:10:09;Tara, Summer Na!;GCash, SB19;1901263;sb19_tara_summer_na_20260129_231009.html
2026-01-29 23:10:19;TM Doble Dekada (Samahang Pina-Easy);The Juans, SB19, Donnalyn, Matthaios;2850340;sb19_tm_doble_dekada_samahang_pina_easy_20260129_231019.html
2026-01-29 23:10:29;Dobleng GV sa FunPasko (Noon, Ngayon, Palagi);The Juans, SB19;673976;sb19_dobleng_gv_sa_funpasko_noon_ngayon_palagi_20260129_231029.html
2026-01-29 23:10:38;TM FunPasko (Samahang Pina-Easy);The Juans, SB19, Donnalyn;903534;sb19_tm_funpasko_samahang_pina_easy_20260129_231038.html
2026-01-29 23:10:48;Push Ang Pusuan;The Juans, SB19, Matthaios;3481811;sb19_push_ang_pusuan_20260129_231048.html
2026-01-29 23:10:58;Team Tayo;The Juans, SB19;1057331;sb19_team_tayo_20260129_231058.html
2026-01-29 23:11:07;Ating Pasko;Acer Philippines, SB19, G22;2427438;sb19_ating_pasko_20260129_231107.html
2026-01-29 23:11:17;La Luna;PABLO;17441883;pablo_la_luna_20260129_231117.html
2026-01-29 23:11:36;Presyon;PABLO;2650472;pablo_presyon_20260129_231136.html
2026-01-29 23:11:46;Wala;PABLO;2884135;pablo_wala_20260129_231146.html
2026-01-29 23:11:55;The Boy Who Cried Wolf;PABLO;4901429;pablo_the_boy_who_cried_wolf_20260129_231155.html
2026-01-29 23:12:05;Kumunoy;PABLO;3982033;pablo_kumunoy_20260129_231205.html
2026-01-29 23:12:14;Kelan;PABLO, Josue;2446178;pablo_kelan_20260129_231214.html
2026-01-29 23:12:24;Drowning in the Water;PABLO;5637667;pablo_drowning_in_the_water_20260129_231224.html
2026-01-29 23:12:34;Breathe (Outro);PABLO;1898675;pablo_breathe_outro_20260129_231234.html
2026-01-29 23:12:43;Neumun;PABLO;3670668;pablo_neumun_20260129_231243.html
2026-01-29 23:12:53;Don't Care;PABLO;2791842;pablo_don_t_care_20260129_231253.html
2026-01-29 23:13:03;Butata;PABLO;6655046;pablo_butata_20260129_231303.html
2026-01-29 23:13:22;Blessed;PABLO;4067041;pablo_blessed_20260129_231322.html
2026-01-29 23:13:31;Tambol (Ibang Planeta);PABLO;2505135;pablo_tambol_ibang_planeta_20260129_231331.html
2026-01-29 23:13:41;Micha!;PABLO;3470009;pablo_micha_20260129_231341.html
2026-01-29 23:13:51;DETERMINADO;RADKIDZ, PABLO, Josue;6323658;pablo_determinado_20260129_231351.html
2026-01-29 23:14:00;AKALA;RADKIDZ, PABLO, Josue;5383193;pablo_akala_20260129_231400.html
2026-01-29 23:14:10;edsa;PABLO;7844332;pablo_edsa_20260129_231410.html
2026-01-29 23:14:19;Liwanag sa Dilim (from Incognito);PABLO;6343946;pablo_liwanag_sa_dilim_from_incognito_20260129_231419.html
2026-01-29 23:14:29;Palayo;Felip;12327534;felip_palayo_20260129_231429.html
2026-01-29 23:14:39;Bulan;Felip;6685653;felip_bulan_20260129_231439.html
2026-01-29 23:14:48;ROCKSTA;Felip;6403745;felip_rocksta_20260129_231448.html
2026-01-29 23:14:58;SUPERIORITY;Felip;3689495;felip_superiority_20260129_231458.html
2026-01-29 23:15:07;MICTEST;Felip;4222399;felip_mictest_20260129_231507.html
2026-01-29 23:15:17;DRINKSMOKE;Felip;5262557;felip_drinksmoke_20260129_231517.html
2026-01-29 23:15:27;CRIMINAL;Felip;6567693;felip_criminal_20260129_231527.html
2026-01-29 23:15:36;STRAYDOGS;Felip;5585879;felip_straydogs_20260129_231536.html
2026-01-29 23:15:46;Kanako;Felip;9775327;felip_kanako_20260129_231546.html
2026-01-29 23:15:55;Moving Closer;Felip;10325961;felip_moving_closer_20260129_231555.html
2026-01-29 23:16:05;FLYYY;PLAYERTWO, Felip;3513708;felip_flyyy_20260129_231605.html
2026-01-29 23:16:15;Pagdali;PLAYERTWO, Felip;3408830;felip_pagdali_20260129_231615.html
2026-01-29 23:16:24;Fake Faces;Felip;8794749;felip_fake_faces_20260129_231624.html
2026-01-29 23:16:34;foes;Felip;2393121;felip_foes_20260129_231634.html
2026-01-29 23:16:43;envy;Felip;3419739;felip_envy_20260129_231643.html
2026-01-29 23:16:53;wrath;Felip;2029062;felip_wrath_20260129_231653.html
2026-01-29 23:17:04;greed;Felip;3324029;felip_greed_20260129_231704.html
2026-01-29 23:17:14;pride;Felip;1924777;felip_pride_20260129_231714.html
2026-01-29 23:17:23;gluttony;Felip, PLAYERTWO;1722301;felip_gluttony_20260129_231723.html
2026-01-29 23:17:33;lust;Felip, Cyra Gwynth;3503907;felip_lust_20260129_231733.html
2026-01-29 23:17:43;sloth;Felip;2553849;felip_sloth_20260129_231743.html
2026-01-29 23:17:53;ache;Felip;4521856;felip_ache_20260129_231753.html
2026-01-29 23:18:02;ID;SKY-HI, RYOKI, RYUKI, JIMMY, Felip;2404835;felip_id_20260129_231802.html
2026-01-29 23:18:12;KAWASAKI;ONE OR EIGHT, Felip, thủy;1661281;felip_kawasaki_20260129_231812.html
2026-01-29 23:18:21;Palayo - Live Band Ver;Felip;2230616;felip_palayo_live_band_ver_20260129_231821.html
2026-01-29 23:18:31;Bulan - Live Band Ver;Felip;1947638;felip_bulan_live_band_ver_20260129_231831.html
2026-01-29 23:18:41;Palayo Inst.;Felip;1260782;felip_palayo_inst_20260129_231841.html
2026-01-29 23:18:50;Bulan Inst.;Felip;1185799;felip_bulan_inst_20260129_231850.html
2026-01-29 23:19:00;Moving Closer - From The Cafe;Felip;2208508;felip_moving_closer_from_the_cafe_20260129_231900.html
2026-01-29 23:19:09;Moving Closer - From The Lounge;Felip;1531845;felip_moving_closer_from_the_lounge_20260129_231909.html
2026-01-29 23:19:19;ID (new version);SKY-HI, SHUNTO, RYUKI, JIMMY, Felip;192804;felip_id_new_version_20260129_231919.html
2026-01-29 23:19:29;ROCKSTA (Superior Session Live);Felip;1501492;felip_rocksta_superior_session_live_20260129_231929.html
2026-01-29 23:19:38;SUPERIORITY (Superior Session Live);Felip;1401952;felip_superiority_superior_session_live_20260129_231938.html
2026-01-29 23:19:48;MICTEST (Superior Session Live);Felip;1333078;felip_mictest_superior_session_live_20260129_231948.html
2026-01-29 23:19:57;DRINKSMOKE (Superior Session Live);Felip;1513110;felip_drinksmoke_superior_session_live_20260129_231957.html
2026-01-29 23:20:07;CRIMINAL (Superior Session Live);Felip;1705490;felip_criminal_superior_session_live_20260129_232007.html
2026-01-29 23:20:17;STRAYDOGS (Superior Session Live);Felip;1336683;felip_straydogs_superior_session_live_20260129_232017.html
2026-01-29 23:20:26;to sin is human, to forgive is divine - live;Felip;156249;felip_to_sin_is_human_to_forgive_is_divine_live_20260129_232026.html
2026-01-29 23:20:36;foes - live;Felip;149555;felip_foes_live_20260129_232036.html
2026-01-29 23:20:46;envy - live;Felip;132520;felip_envy_live_20260129_232046.html
2026-01-29 23:20:56;greed - live;Felip;143175;felip_greed_live_20260129_232056.html
2026-01-29 23:21:06;lust - live;Felip, Cyra Gwynth;138400;felip_lust_live_20260129_232106.html
2026-01-29 23:21:15;pride - live;Felip;125445;felip_pride_live_20260129_232115.html
2026-01-29 23:21:25;gluttony (feat. PLAYERTWO) - live;Felip, PLAYERTWO;126838;felip_gluttony_feat_playertwo_live_20260129_232125.html
2026-01-29 23:21:35;wrath - live;Felip;138799;felip_wrath_live_20260129_232135.html
2026-01-29 23:21:44;tokyo - live;Felip;605370;felip_tokyo_live_20260129_232144.html
2026-01-29 23:21:54;sloth - live;Felip;133972;felip_sloth_live_20260129_232154.html
2026-01-29 23:22:03;grace - live;Felip;140849;felip_grace_live_20260129_232203.html
2026-01-29 23:22:13;ache - live;Felip;165360;felip_ache_live_20260129_232213.html
2026-01-29 23:22:22;WILD TONIGHT;JOSH CULLEN;9725075;josh_cullen_wild_tonight_20260129_232222.html
2026-01-29 23:22:32;Pakiusap Lang;JOSH CULLEN;5258106;josh_cullen_pakiusap_lang_20260129_232232.html
2026-01-29 23:22:42;GET RIGHT;JOSH CULLEN;4612628;josh_cullen_get_right_20260129_232242.html
2026-01-29 23:22:51;Yoko Na;JOSH CULLEN, Al James;10361088;josh_cullen_yoko_na_20260129_232251.html
2026-01-29 23:23:01;1999;JOSH CULLEN;6225915;josh_cullen_1999_20260129_232301.html
2026-01-29 23:23:10;See Me;JOSH CULLEN;2916694;josh_cullen_see_me_20260129_232310.html
2026-01-29 23:23:20;Silent Cries;JOSH CULLEN;3827827;josh_cullen_silent_cries_20260129_232320.html
2026-01-29 23:23:29;Honest;JOSH CULLEN;2641150;josh_cullen_honest_20260129_232329.html
2026-01-29 23:23:39;No Control;JOSH CULLEN, (e)motion engine;2191722;josh_cullen_no_control_20260129_232339.html
2026-01-29 23:23:49;Lights Out;JOSH CULLEN, Mo Mitchell;1952934;josh_cullen_lights_out_20260129_232349.html
2026-01-29 23:23:58;Sumaya;JOSH CULLEN;5308051;josh_cullen_sumaya_20260129_232358.html
2026-01-29 23:24:08;Silent Cries (Instrumental);JOSH CULLEN;531504;josh_cullen_silent_cries_instrumental_20260129_232408.html
2026-01-29 23:24:17;No Control (Instrumental);JOSH CULLEN;518542;josh_cullen_no_control_instrumental_20260129_232417.html
2026-01-29 23:24:27;Takbuhan;Kael Guerrero, JOSH CULLEN;917082;josh_cullen_takbuhan_20260129_232427.html
2026-01-29 23:24:36;Re: Thinkin' About You;H1-KEY, JOSH CULLEN;4248317;josh_cullen_re_thinkin_about_you_20260129_232436.html
2026-01-29 23:24:46;Room;Stell;11982698;stell_room_20260129_232446.html
2026-01-29 23:24:56;Anino;Stell;6075550;stell_anino_20260129_232456.html
2026-01-29 23:25:05;'Di Ko Masabi;Stell;7625844;stell_di_ko_masabi_20260129_232505.html
2026-01-29 23:25:15;Classic;Stell;6537019;stell_classic_20260129_232515.html
2026-01-29 23:25:24;Room (Stripped);Stell;4760196;stell_room_stripped_20260129_232524.html
2026-01-29 23:25:34;Surreal;justin;14955077;justin_surreal_20260129_232534.html
2026-01-29 23:25:43;Sunday Morning;justin;5428541;justin_sunday_morning_20260129_232543.html
2026-01-29 23:25:53;Kaibigan;justin;8792167;justin_kaibigan_20260129_232553.html
2026-01-29 23:26:02;Sampung Mga Daliri;dwta, justin;7552725;justin_sampung_mga_daliri_20260129_232602.html
2026-01-29 23:26:12;Sampung Mga Daliri (Reimagined Version);dwta, justin;714569;justin_sampung_mga_daliri_reimagined_version_20260129_232612.html
2026-01-29 23:26:22;Sampung Mga Daliri (Acoustic Version);dwta, justin;1571517;justin_sampung_mga_daliri_acoustic_version_20260129_232622.html
2026-01-29 23:26:31;GENTO - From THE FIRST TAKE;SB19;7043341;sb19_gento_from_the_first_take_20260129_232631.html
2026-01-29 23:26:41;MAPA - From THE FIRST TAKE;SB19;5189496;sb19_mapa_from_the_first_take_20260129_232641.html
2026-01-29 23:26:50;DAM - From THE FIRST TAKE;SB19;2092311;sb19_dam_from_the_first_take_20260129_232650.html
2026-01-29 23:27:00;Time - From THE FIRST TAKE;SB19;2224420;sb19_time_from_the_first_take_20260129_232700.html
2026-01-29 23:27:10;Moonlight (Ian Asher Club Mix);Ian Asher, SB19, Terry Zhong;2944249;sb19_moonlight_ian_asher_club_mix_20260129_232710.html
2026-01-29 23:27:19;Umaaligid (Extended Ver.);Sarah Geronimo, SB19;2730668;sb19_umaaligid_extended_ver_20260129_232719.html
2026-01-29 23:27:29;Love Yours (DIOR & RealBros Remix);Ohwon Lee, SB19;864970;sb19_love_yours_dior_realbros_remix_20260129_232729.html
2026-01-29 23:27:38;What? - Extended Version;SB19;6299574;sb19_what_extended_version_20260129_232738.html
2026-01-30 23:00:14;Tilaluha;SB19;23639722;https://open.spotify.com/track/0fPJsVtCOXqjHxKS9kc13s
2026-01-30 23:00:24;Go Up;SB19;26776241;https://open.spotify.com/track/5VoY18OYEE2E6RJCBd2jki
2026-01-30 23:00:34;Alab (Burning);SB19;22595062;https://open.spotify.com/track/053ZzdU3Rya4NMxiWMPqnq
2026-01-30 23:00:43;Hanggang Sa Huli;SB19;32265512;https://open.spotify.com/track/2WUhR1SraSy0SVIQKohJb6
2026-01-30 23:00:53;Love Goes;SB19;11144155;https://open.spotify.com/track/5p70OUKixtLRpnK5uSdqro
2026-01-30 23:01:03;Love Goes (EDM Version);SB19;7138534;https://open.spotify.com/track/0LAh3hfeuUekvLm3Nq6MmA
2026-01-30 23:01:12;'Wag Mong Ikunot Ang Iyong Noo;SB19;9465921;https://open.spotify.com/track/5sJxhdzehdLq9iPzNnTR71
2026-01-30 23:01:22;Tilaluha (Instrumental);SB19;2212670;https://open.spotify.com/track/5lMxdErNKHh797tOT3mBvk
2026-01-30 23:01:31;Hanggang Sa Huli (Instrumental);SB19;2321649;https://open.spotify.com/track/6JZkWjVjOQAUPzNfGr4Dp0
2026-01-30 23:01:41;What?;SB19;25709773;https://open.spotify.com/track/1evZendZnEe8a8eXjd1Bcn
2026-01-30 23:01:51;MAPA;SB19;86018525;https://open.spotify.com/track/6Fz2TpxUD0YvAPsuG8nDMJ
2026-01-30 23:02:00;Bazinga;SB19;31778905;https://open.spotify.com/track/5QZw4F3N3PvuKNKHm9L20b
2026-01-30 23:02:10;SLMT;SB19;17480229;https://open.spotify.com/track/0AbJoAxuqYgMrmXvtFOc0K
2026-01-30 23:02:20;Mana;SB19;20788787;https://open.spotify.com/track/0EtkP3TUHvTeDIgrpgMS8m
2026-01-30 23:02:31;Ikako;SB19;14747656;https://open.spotify.com/track/5qHUmt5jIvDaOzMXiX533o
2026-01-30 23:02:41;Gento;SB19;75861386;https://open.spotify.com/track/1o6uF8VmXna99ysHTcQRI2
2026-01-30 23:02:54;I Want You;SB19;31562536;https://open.spotify.com/track/16GGH8OF6LiSUTTbm8421f
2026-01-30 23:03:04;Ilaw;SB19;19739959;https://open.spotify.com/track/4zoqT3f80GyytJvnhVHgEl
2026-01-30 23:03:13;Crimzone;SB19;25372824;https://open.spotify.com/track/5GcS9zT4iIL7l0JrqZeG6O
2026-01-30 23:03:23;LIHAM;SB19;20133516;https://open.spotify.com/track/5MQ1nQ0MZMRO4yPQWdCeEb
2026-01-30 23:03:32;Freedom;SB19;16435602;https://open.spotify.com/track/2CuYpdcx2f9XbMZhc3ST8E
2026-01-30 23:03:42;DAM;SB19;60691212;https://open.spotify.com/track/1NNsL6tYk06TqTea3mKB9P
2026-01-30 23:03:52;Time;SB19;22004587;https://open.spotify.com/track/1OvE4CwaIZJ89Eq0qXGCEF
2026-01-30 23:04:02;8TonBall;SB19;15943267;https://open.spotify.com/track/7AqrfyOdFWPnjQrgzWzcUz
2026-01-30 23:04:11;Quit;SB19;17014760;https://open.spotify.com/track/7oIQWmbKShhEt2yTSBxNpu
2026-01-30 23:04:21;Shooting for the Stars;SB19;14932252;https://open.spotify.com/track/6q3qzeZgWgoFrV6DmaZr1R
2026-01-30 23:04:30;Dungka!;SB19;27766187;https://open.spotify.com/track/7mqsPvhSR1CtY6PkTf1YVy
2026-01-30 23:04:40;DAM (Extended Ver.);SB19;18837759;https://open.spotify.com/track/0pjhHUx21NsPuSCH0H3lW6
2026-01-30 23:07:54;WYAT (Where You At);SB19;25063249;https://open.spotify.com/track/1z50Hub2XCsAPWo8zgoePu
2026-01-30 23:08:03;Nyebe;SB19;18102410;https://open.spotify.com/track/6aLjE6peuaJQRWRgfjxrRw
2026-01-30 23:08:13;No Stopping You;SB19;8758589;https://open.spotify.com/track/3KDOf2p1DrKhiqX78R82sh
2026-01-30 23:08:22;Ligaya;SB19;9708135;https://open.spotify.com/track/2lwaPRPgP9EaaMsbzVaZ3O
2026-01-30 23:08:32;MAPA (Band Version);SB19;27914346;https://open.spotify.com/track/0QQoU68nnBRWJqr9ak3mnS
2026-01-30 23:08:42;Kabataang Pinoy;SB19;9098220;https://open.spotify.com/track/6aXWWGw7sQJLx82jZndSQZ
2026-01-30 23:08:51;Win Your Heart;SB19;11071638;https://open.spotify.com/track/0DnNMu0v71ICscsyuQgmu3
2026-01-30 23:09:01;Christmas Party (SB19 Version);SB19;4460672;https://open.spotify.com/track/387ZTKanhRfPXazSyzTWUj
2026-01-30 23:09:13;golden hour (SB19 Remix);SB19;20966779;https://open.spotify.com/track/4cGKycusCcECMX79k4NQwS
2026-01-30 23:09:22;Moonlight;SB19;22605033;https://open.spotify.com/track/1xAYG31LamC5qlykRhbWxd
2026-01-30 23:09:32;Ready;SB19;9714205;https://open.spotify.com/track/4JZocgyzKHdRF0iSOcodJn
2026-01-30 23:09:42;KALAKAL;SB19;21709937;https://open.spotify.com/track/1cFGU7MQu0mHS5uVyD1STP
2026-01-30 23:09:51;MAPA (Indonesian Version);SB19;7405406;https://open.spotify.com/track/23FJNFAeNLzAuFORNvyBFf
2026-01-30 23:10:01;Umaaligid;SB19;13076824;https://open.spotify.com/track/5XYYmsZJG5qIBAniny4bHe
2026-01-30 23:10:11;Burn The Flame;SB19;3014627;https://open.spotify.com/track/3mvN8n8mg7X41CbGvc7xYU
2026-01-30 23:10:20;Burn The Flame (Taglish Version);SB19;823577;https://open.spotify.com/track/0aKGIF1iGjV6D6vXYDJgyy
2026-01-30 23:10:30;Burn The Flame (Karaoke Version);SB19;198499;https://open.spotify.com/track/38UTDIDP582bP8ZAU20bsT
2026-01-30 23:10:40;Burn The Flame (Instrumental);SB19;138945;https://open.spotify.com/track/1MLMEY4ahXUjTcmi01s4jA
2026-01-30 23:10:49;Love Yours;SB19;5514759;https://open.spotify.com/track/62iq4hiMI4CxLek4nYI14R
2026-01-30 23:10:59;Kapangyarihan;SB19;23127558;https://open.spotify.com/track/6FFtbC1K2aNeCS376paoHN
2026-01-30 23:11:08;The One;SB19;8901434;https://open.spotify.com/track/5SZPGItm64sVZ8KVYmoV4N
2026-01-30 23:11:18;Merry Munchkins (SB19 Version);SB19;2735909;https://open.spotify.com/track/3r3U5OpESU60BAVT11KuYS
2026-01-30 23:11:28;Live It Up;SB19;3926566;https://open.spotify.com/track/42D9L3kTskZ5anDWGBhtEk
2026-01-30 23:11:37;Make Your Green Mark;SB19;2456143;https://open.spotify.com/track/0thBJj3R0mM8mLwe2WMJI1
2026-01-30 23:11:47;Ace Your World;SB19;3090821;https://open.spotify.com/track/3lgJ5YAfc6wxVB9xpUDyH9
2026-01-30 23:11:57;Reset;SB19;3171397;https://open.spotify.com/track/6a7itY9YQTkmb8oMwwmhRp
2026-01-30 23:12:06;Tahanan;SB19;1661909;https://open.spotify.com/track/6XOT8LCjly8StKCooz6pp1
2026-01-30 23:12:16;G Pa Rin Ang Pasko;SB19;796732;https://open.spotify.com/track/0JYEUl8iJovowKP7Xi6mSM
2026-01-30 23:12:25;Ready, Set, G!;SB19;1134886;https://open.spotify.com/track/3RFGJAl8B1MiW4Ti6qvGeq
2026-01-30 23:12:35;We Wish You A Merry GCash;SB19;1323725;https://open.spotify.com/track/7H2N6amk6lmn9oahy3qxQl
2026-01-30 23:12:45;Make It Merry, I-GCash Mo;SB19;1008638;https://open.spotify.com/track/1cTLpJs2LHvA0q5Z6YWzbD
2026-01-30 23:12:54;Tara, Summer Na!;SB19;1901263;https://open.spotify.com/track/5RbO3gk0BiIfoFop0un9Dn
2026-01-30 23:13:04;TM Doble Dekada (Samahang Pina-Easy);SB19;2850340;https://open.spotify.com/track/5pSDEveqgXTvPU102hAIY1
2026-01-30 23:13:13;Dobleng GV sa FunPasko (Noon, Ngayon, Palagi);SB19;673976;https://open.spotify.com/track/5hVNG3wLy8rSSCqShicG4I
2026-01-30 23:13:23;TM FunPasko (Samahang Pina-Easy);SB19;903534;https://open.spotify.com/track/1ZLVZ75W0ZNqiuzQPbz3ZG
2026-01-30 23:13:33;Push Ang Pusuan;SB19;3481811;https://open.spotify.com/track/2hUZkOBSRlp6uB9hXvYgPi
2026-01-30 23:13:42;Team Tayo;SB19;1057331;https://open.spotify.com/track/3aKVPphQZ3kjwY7Tn1TUhP
2026-01-30 23:13:52;Ating Pasko;SB19;2427438;https://open.spotify.com/track/7y5C9pM3gt7WNoiSzFHcGN
2026-01-30 23:14:11;La Luna;PABLO;17441883;https://open.spotify.com/track/01NEcBpMXPQNxONQnObJJ3
2026-01-30 23:14:21;Presyon;PABLO;2650472;https://open.spotify.com/track/7cErqp4Jg64PcqAE0uYeZP
2026-01-30 23:14:30;Wala;PABLO;2884135;https://open.spotify.com/track/5gLNDt687YE0Zgad2yaaAD
2026-01-30 23:14:40;The Boy Who Cried Wolf;PABLO;4901429;https://open.spotify.com/track/3dNKnbTBjliNTwCeLqlMG3
2026-01-30 23:14:49;Kumunoy;PABLO;3982033;https://open.spotify.com/track/6WkQrra0cZQAo42aMxdT2X
2026-01-30 23:14:59;Kelan;PABLO;2446178;https://open.spotify.com/track/39aItIaR9sIBz3EP8RXuhs
2026-01-30 23:15:10;Drowning in the Water;PABLO;5637667;https://open.spotify.com/track/6065mStxNxs8sCy3yCrg8H
2026-01-30 23:15:20;Breathe (Outro);PABLO;1898675;https://open.spotify.com/track/2lKyuf60Q5qSwTF0dl7qM6
2026-01-30 23:15:29;Neumun;PABLO;3670668;https://open.spotify.com/track/4DF1e91DMTM4oTpW8jgsP2
2026-01-30 23:15:39;Don't Care;PABLO;2791842;https://open.spotify.com/track/06YsrZvTJmdPNXY5La1jFK
2026-01-30 23:15:48;Butata;PABLO;6655046;https://open.spotify.com/track/68hXl4L5vCusj8U2QlC73D
2026-01-30 23:15:58;Puyat;PABLO;3195063;https://open.spotify.com/track/5EiD5Pk0Wv6dkHS1ZpNvzE
2026-01-30 23:16:08;Blessed;PABLO;4067041;https://open.spotify.com/track/4hdPboEAxOZjaaHML4q62u
2026-01-30 23:16:17;Tambol (Ibang Planeta);PABLO;2505135;https://open.spotify.com/track/753jWXJVBxK6cuYDUVbeux
2026-01-30 23:16:27;Micha!;PABLO;3470009;https://open.spotify.com/track/7F3NzrsN3zNGcIP2FbUYUo
2026-01-30 23:16:36;DETERMINADO;PABLO;6323658;https://open.spotify.com/track/0hQJzMEbXg8ssQwgMbJUbw
2026-01-30 23:16:46;AKALA;PABLO;5383193;https://open.spotify.com/track/5w4CLRxwroocAzFiJ568oY
2026-01-30 23:16:55;edsa;PABLO;7844332;https://open.spotify.com/track/64p2tRd4zsBsJUucEnfWrX
2026-01-30 23:17:05;Liwanag sa Dilim (from Incognito);PABLO;6343946;https://open.spotify.com/track/3Ynpt5qseTmDdl9bN21FNJ
2026-01-30 23:17:15;Palayo;FELIP;12327534;https://open.spotify.com/track/3FvYLNM5ShB5vDCzGw8syX
2026-01-30 23:17:24;Bulan;FELIP;6685653;https://open.spotify.com/track/2qYmu6Obx3NW1VeNOiCFMK
2026-01-30 23:17:34;ROCKSTA;FELIP;6403745;https://open.spotify.com/track/5UhtleGyBZJCvG8cstjLkr
2026-01-30 23:17:43;SUPERIORITY;FELIP;3689495;https://open.spotify.com/track/3Tzmy7ExNOlP0tdDr9sjUT
2026-01-30 23:17:53;MICTEST;FELIP;4222399;https://open.spotify.com/track/5MC8Oxr5FTIQYJ6f7Cg6gR
2026-01-30 23:18:03;DRINKSMOKE;FELIP;5262557;https://open.spotify.com/track/29UIvWBrkjWtVuSEyexLt1
2026-01-30 23:18:12;CRIMINAL;FELIP;6567693;https://open.spotify.com/track/4YPz66cDppOl9KVUOCpBV5
2026-01-30 23:18:22;STRAYDOGS;FELIP;5585879;https://open.spotify.com/track/03aFaNBeCXmFl194HuyWKe
2026-01-30 23:18:31;Kanako;FELIP;9775327;https://open.spotify.com/track/76hOMoRACZOQq5CfqSNU9i
2026-01-30 23:18:41;Moving Closer;FELIP;10325961;https://open.spotify.com/track/59PCn7ObERln3cPl84CGx6
2026-01-30 23:18:51;FLYYY;FELIP;3513708;https://open.spotify.com/track/0PWBx43woMnsyUC72NC1Gl
2026-01-30 23:19:00;Pagdali;FELIP;3408830;https://open.spotify.com/track/7fMR5ryCo3m38yyj1PCym4
2026-01-30 23:19:10;Fake Faces;FELIP;8794749;https://open.spotify.com/track/4ntKnZnztFdovszJpIoeVO
2026-01-30 23:19:20;foes;FELIP;2393121;https://open.spotify.com/track/5IyWs6bAMeT9vPUiUVgSdd
2026-01-30 23:19:29;envy;FELIP;3419739;https://open.spotify.com/track/6uJggzzrSE5tK9CRTZejgm
2026-01-30 23:19:39;wrath;FELIP;2029062;https://open.spotify.com/track/12VANuhDUHnXRtRG6YP72a
2026-01-30 23:19:49;greed;FELIP;3324029;https://open.spotify.com/track/3foNAstTb7fdbbfFnKwn28
2026-01-30 23:19:58;pride;FELIP;1924777;https://open.spotify.com/track/1jZET8rPE5RWZZrkCM2toY
2026-01-30 23:20:08;gluttony;FELIP;1722301;https://open.spotify.com/track/216LlnUj3GfZ0yE2hXZxm0
2026-01-30 23:20:17;lust;FELIP;3503907;https://open.spotify.com/track/70kZ4pCeZ0WIanftduEDov
2026-01-30 23:20:27;sloth;FELIP;2553849;https://open.spotify.com/track/6PJLoGD9KpyMSx8j7vVWHq
2026-01-30 23:20:37;ache;FELIP;4521856;https://open.spotify.com/track/3G3ZYOLBcjbIv0GDlIoZeh
2026-01-30 23:20:46;ID;FELIP;2404835;https://open.spotify.com/track/2cXkFKFgEW5Myc0yNy6CqL
2026-01-30 23:20:56;KAWASAKI;FELIP;1661281;https://open.spotify.com/track/37ifPBg9M2NzlRNHe9WUIy
2026-01-30 23:21:06;Palayo - Live Band Ver;FELIP;2230616;https://open.spotify.com/track/6gdcXFz1q9WKAlB2ybVM3F
2026-01-30 23:21:15;Bulan - Live Band Ver;FELIP;1947638;https://open.spotify.com/track/048YgXKAXF8eTwMCfYylhD
2026-01-30 23:21:25;Palayo Inst.;FELIP;1260782;https://open.spotify.com/track/2RfXO3QnM6gG75Pxu04OqS
2026-01-30 23:21:36;Bulan Inst.;FELIP;1185799;https://open.spotify.com/track/4iGoucvzYCbJtG4n4wnJjB
2026-01-30 23:21:45;Moving Closer - From The Cafe;FELIP;2208508;https://open.spotify.com/track/1kAyLWCiJfTDhm56kaOXnO
2026-01-30 23:21:55;Moving Closer - From The Lounge;FELIP;1531845;https://open.spotify.com/track/0cd2BCuzH8Vub1cS2eKU7M
2026-01-30 23:22:05;ID (new version);FELIP;192804;https://open.spotify.com/track/7Fu45FLLaE1s0eg8DF5UqT
2026-01-30 23:22:14;ROCKSTA (Superior Session Live);FELIP;1501492;https://open.spotify.com/track/5EP2vLFwMHpWFWeZVvt3jU
2026-01-30 23:22:24;SUPERIORITY (Superior Session Live);FELIP;1401952;https://open.spotify.com/track/5VmjG0uTHcrn43Ynetfomd
2026-01-30 23:22:34;MICTEST (Superior Session Live);FELIP;1333078;https://open.spotify.com/track/0FW1fvsv00RCGNPjVHJg3x
2026-01-30 23:22:43;DRINKSMOKE (Superior Session Live);FELIP;1513110;https://open.spotify.com/track/5Iw7boOrwCpWlaJtNTTHG6
2026-01-30 23:22:53;CRIMINAL (Superior Session Live);FELIP;1705490;https://open.spotify.com/track/2FxQjJcpsdHQHTqjVhlqP4
2026-01-30 23:23:02;STRAYDOGS (Superior Session Live);FELIP;1336683;https://open.spotify.com/track/4W28quZaVhLdbpojBeooaZ
2026-01-30 23:23:12;to sin is human, to forgive is divine - live;FELIP;156249;https://open.spotify.com/track/5lbuH5ieouWZ43qHAcCK08
2026-01-30 23:23:22;foes - live;FELIP;149555;https://open.spotify.com/track/44TFeq1FSLniRzbThYVWom
2026-01-30 23:23:33;envy - live;FELIP;132520;https://open.spotify.com/track/41gwpmt6wVdwDgjE430dm6
2026-01-30 23:23:43;greed - live;FELIP;143175;https://open.spotify.com/track/5fWWoFfmqwBhBq93Rc6YqB
2026-01-30 23:23:52;lust - live;FELIP;138400;https://open.spotify.com/track/2hlY0jd3uRy5i7SuN1oz7Z
2026-01-30 23:24:02;pride - live;FELIP;125445;https://open.spotify.com/track/45ZCoFCk3DL7d84d7bwWdz
2026-01-30 23:24:12;gluttony (feat. PLAYERTWO) - live;FELIP;126838;https://open.spotify.com/track/0HaZMHBzZOYqdEcCtzAHEU
2026-01-30 23:24:21;wrath - live;FELIP;138799;https://open.spotify.com/track/5ykca7sZJ8OAUepkUGIdRE
2026-01-30 23:24:31;tokyo - live;FELIP;605370;https://open.spotify.com/track/5KKi1lmsdHfm4IYZ1YSy94
2026-01-30 23:24:41;sloth - live;FELIP;133972;https://open.spotify.com/track/6dmzbxC4WjfB3ucXZUUaO5
2026-01-30 23:24:50;grace - live;FELIP;140849;https://open.spotify.com/track/6HsmDcIbYCn7YzWBUKEucW
2026-01-30 23:25:00;ache - live;FELIP;165360;https://open.spotify.com/track/4lQY03QyHAKDj6XdDgVDcL
2026-01-30 23:25:09;WILD TONIGHT;JOSH CULLEN;9725075;https://open.spotify.com/track/4yBwaJUom5dOYp54wU6hA2
2026-01-30 23:25:19;Pakiusap Lang;JOSH CULLEN;5258106;https://open.spotify.com/track/6trU06kJgdYaPqRUvz5K9e
2026-01-30 23:25:29;GET RIGHT;JOSH CULLEN;4612628;https://open.spotify.com/track/56FnjRDkdoCV5lVSyuQ9MU
2026-01-30 23:25:38;Yoko Na;JOSH CULLEN;10361088;https://open.spotify.com/track/6SIaYQUPOJpO8XFWeTl5dC
2026-01-30 23:25:48;1999;JOSH CULLEN;6225915;https://open.spotify.com/track/0PMfgKba5PLGETb02cDcMg
2026-01-30 23:25:57;See Me;JOSH CULLEN;2916694;https://open.spotify.com/track/5jH6p468HtmNHdJiubGQ6t
2026-01-30 23:26:07;Silent Cries;JOSH CULLEN;3827827;https://open.spotify.com/track/1x0Y2jS5oJW4Q3aU9jZBER
2026-01-30 23:26:17;Honest;JOSH CULLEN;2641150;https://open.spotify.com/track/1Rl5KDAu4wrUsQZZtD2hiy
2026-01-30 23:26:26;No Control;JOSH CULLEN;2191722;https://open.spotify.com/track/0Rg0DIhiShdvZvF7snNZIt
2026-01-30 23:26:36;Lights Out;JOSH CULLEN;1952934;https://open.spotify.com/track/2TQQX4gYeQmobxNEXwtrZ3
2026-01-30 23:26:46;Sumaya;JOSH CULLEN;5308051;https://open.spotify.com/track/2qKu8tPpilCBJqxzGWcOaC
2026-01-30 23:26:55;Silent Cries (Instrumental);JOSH CULLEN;531504;https://open.spotify.com/track/5FQodaxJAZTUPjdpbDT9pa
2026-01-30 23:27:05;No Control (Instrumental);JOSH CULLEN;518542;https://open.spotify.com/track/65LG9NubWQtyImpyNXotHo
2026-01-30 23:27:15;Takbuhan;JOSH CULLEN;917082;https://open.spotify.com/track/3RCVzaTWA7h1SR0nWQtIk1
2026-01-30 23:27:24;Re: Thinkin' About You;JOSH CULLEN;4248317;https://open.spotify.com/track/2R1CjdVdXz7frvQRwCdQa6
2026-01-30 23:27:34;Room;Stell;11982698;https://open.spotify.com/track/1PLKN0HC7m5drBHg0jarZE
2026-01-30 23:27:44;Anino;Stell;6075550;https://open.spotify.com/track/5tMJZOyBv8t49i9elHuQZF
2026-01-30 23:27:54;'Di Ko Masabi;Stell;7625844;https://open.spotify.com/track/3JEE0hhTI6u9CEZCZWalKe
2026-01-30 23:28:03;Classic;Stell;6537019;https://open.spotify.com/track/15bdfvbGida1Z8OVZ0YvSQ
2026-01-30 23:28:13;Room (Stripped);Stell;4760196;https://open.spotify.com/track/6fwpkEZRQZ8Kr5Ws4q0Kyn
2026-01-30 23:28:22;Surreal;justin;14955077;https://open.spotify.com/track/5TT4xi1HEPTkVTO59jY3tz
2026-01-30 23:28:32;Sunday Morning;justin;5428541;https://open.spotify.com/track/3sp427zYHOXL3LPCYgwuRv
2026-01-30 23:28:41;Kaibigan;justin;8792167;https://open.spotify.com/track/3rwioq6hSNjwynK8rVPCma
2026-01-30 23:28:51;Sampung Mga Daliri;justin;7552725;https://open.spotify.com/track/2MHg2BVPaTgiCUDWp2jZqf
2026-01-30 23:29:01;Sampung Mga Daliri (Reimagined Version);justin;714569;https://open.spotify.com/track/4nnhn2O5oQmPC2HedN5W4b
2026-01-30 23:29:10;Sampung Mga Daliri (Acoustic Version);justin;1571517;https://open.spotify.com/track/0WoGaGmUip0OPQ662Drdlj
2026-01-30 23:29:20;GENTO - From THE FIRST TAKE;SB19;7043341;https://open.spotify.com/track/2h7syqD1QScej4PqMxJfp2
2026-01-30 23:29:30;MAPA - From THE FIRST TAKE;SB19;5189496;https://open.spotify.com/track/4MZbVDIPOYmPkjcVqpPe9v
2026-01-30 23:29:40;DAM - From THE FIRST TAKE;SB19;2092311;https://open.spotify.com/track/14WOLW4oTwD7Mh9eb0hLDs
2026-01-30 23:29:49;Time - From THE FIRST TAKE;SB19;2224420;https://open.spotify.com/track/1ctnGFHyklJbmHLyaDYtyg
2026-01-30 23:29:59;Moonlight (Ian Asher Club Mix);SB19;2944249;https://open.spotify.com/track/5YYzdzlunDyLDwlM40W0Gc
2026-01-30 23:30:09;Umaaligid (Extended Ver.);SB19;2730668;https://open.spotify.com/track/1XFHLGwXrlL0FpJgRcFYTI
2026-01-30 23:30:18;Love Yours (DIOR & RealBros Remix);SB19;864970;https://open.spotify.com/track/3qw9D8YC0sezDriUMx5lRG
2026-01-30 23:30:28;What? - Extended Version;SB19;6299574;https://open.spotify.com/track/7jn2llkeDI9IRROCYNa7sL
2026-01-31 06:00:11;Tilaluha;SB19;23651290;https://open.spotify.com/track/0fPJsVtCOXqjHxKS9kc13s
2026-01-31 06:00:20;Go Up;SB19;26789305;https://open.spotify.com/track/5VoY18OYEE2E6RJCBd2jki
2026-01-31 06:00:30;Alab (Burning);SB19;22606552;https://open.spotify.com/track/053ZzdU3Rya4NMxiWMPqnq
2026-01-31 06:00:44;Hanggang Sa Huli;SB19;32281456;https://open.spotify.com/track/2WUhR1SraSy0SVIQKohJb6
2026-01-31 06:00:57;Love Goes;SB19;11150204;https://open.spotify.com/track/5p70OUKixtLRpnK5uSdqro
2026-01-31 06:01:07;Love Goes (EDM Version);SB19;7142690;https://open.spotify.com/track/0LAh3hfeuUekvLm3Nq6MmA
2026-01-31 06:01:18;'Wag Mong Ikunot Ang Iyong Noo;SB19;9472742;https://open.spotify.com/track/5sJxhdzehdLq9iPzNnTR71
2026-01-31 06:01:28;Tilaluha (Instrumental);SB19;2213665;https://open.spotify.com/track/5lMxdErNKHh797tOT3mBvk
2026-01-31 06:01:38;Hanggang Sa Huli (Instrumental);SB19;2322312;https://open.spotify.com/track/6JZkWjVjOQAUPzNfGr4Dp0
2026-01-31 06:01:47;What?;SB19;25723882;https://open.spotify.com/track/1evZendZnEe8a8eXjd1Bcn
2026-01-31 06:01:57;MAPA;SB19;86055248;https://open.spotify.com/track/6Fz2TpxUD0YvAPsuG8nDMJ
2026-01-31 06:02:07;Bazinga;SB19;31794542;https://open.spotify.com/track/5QZw4F3N3PvuKNKHm9L20b
2026-01-31 06:02:16;SLMT;SB19;17492823;https://open.spotify.com/track/0AbJoAxuqYgMrmXvtFOc0K
2026-01-31 06:02:26;Mana;SB19;20802170;https://open.spotify.com/track/0EtkP3TUHvTeDIgrpgMS8m
2026-01-31 06:02:35;Ikako;SB19;14758192;https://open.spotify.com/track/5qHUmt5jIvDaOzMXiX533o
2026-01-31 06:02:45;Gento;SB19;75898124;https://open.spotify.com/track/1o6uF8VmXna99ysHTcQRI2
2026-01-31 06:02:55;I Want You;SB19;31580100;https://open.spotify.com/track/16GGH8OF6LiSUTTbm8421f
2026-01-31 06:03:04;Ilaw;SB19;19754385;https://open.spotify.com/track/4zoqT3f80GyytJvnhVHgEl
2026-01-31 06:03:14;Crimzone;SB19;25391502;https://open.spotify.com/track/5GcS9zT4iIL7l0JrqZeG6O
2026-01-31 06:03:23;LIHAM;SB19;20149295;https://open.spotify.com/track/5MQ1nQ0MZMRO4yPQWdCeEb
2026-01-31 06:03:33;Freedom;SB19;16447293;https://open.spotify.com/track/2CuYpdcx2f9XbMZhc3ST8E
2026-01-31 06:03:43;DAM;SB19;60766225;https://open.spotify.com/track/1NNsL6tYk06TqTea3mKB9P
2026-01-31 06:03:53;Time;SB19;22044299;https://open.spotify.com/track/1OvE4CwaIZJ89Eq0qXGCEF
2026-01-31 06:04:02;8TonBall;SB19;15977824;https://open.spotify.com/track/7AqrfyOdFWPnjQrgzWzcUz
2026-01-31 06:04:12;Quit;SB19;17047468;https://open.spotify.com/track/7oIQWmbKShhEt2yTSBxNpu
2026-01-31 06:04:21;Shooting for the Stars;SB19;14962901;https://open.spotify.com/track/6q3qzeZgWgoFrV6DmaZr1R
2026-01-31 06:04:31;Dungka!;SB19;27815980;https://open.spotify.com/track/7mqsPvhSR1CtY6PkTf1YVy
2026-01-31 06:04:40;DAM (Extended Ver.);SB19;18856509;https://open.spotify.com/track/0pjhHUx21NsPuSCH0H3lW6
2026-01-31 06:04:50;What? (Simula at Wakas Tour Kickoff);SB19;22980;https://open.spotify.com/track/4FEhO3lDTOseNLhBNBAvpW
2026-01-31 06:05:00;GENTO (Simula at Wakas Tour Kickoff);SB19;20565;https://open.spotify.com/track/1BYHhhwMf7QRr2a7p64tRU
2026-01-31 06:05:09;Mana (Simula at Wakas Tour Kickoff);SB19;19275;https://open.spotify.com/track/4LPgthOM2aB1mbPIxgZy8P
2026-01-31 06:05:19;Moonlight (Simula at Wakas Tour Kickoff);SB19;25033;https://open.spotify.com/track/5N3AnPqWcSDNLGbSr1etzb
2026-01-31 06:05:28;I WANT YOU (Simula at Wakas Tour Kickoff);SB19;21863;https://open.spotify.com/track/5V0qUkMEIac9nis4SDb2XD
2026-01-31 06:05:38;WYAT (Where You At) (Simula at Wakas Tour Kickoff);SB19;18600;https://open.spotify.com/track/0VUpreONXiBKhTmg7LNWS6
2026-01-31 06:05:48;DUNGKA! (Simula at Wakas Tour Kickoff);SB19;16795;https://open.spotify.com/track/4ZUl5u7opmH0U5vULsSbPe
2026-01-31 06:05:57;Bazinga (Simula at Wakas Tour Kickoff);SB19;17418;https://open.spotify.com/track/6CfcGGotSNm6kpG0zxPXrc
2026-01-31 06:06:07;8TonBall (Simula at Wakas Tour Kickoff);SB19;17569;https://open.spotify.com/track/54UfPbjMn8dwtYazgHrydY
2026-01-31 06:06:16;CRIMZONE (Simula at Wakas Tour Kickoff);SB19;16434;https://open.spotify.com/track/1Sg2y4WDHzGRf4N03fUkep
2026-01-31 06:06:26;Nyebe (Simula at Wakas Tour Kickoff);SB19;16432;https://open.spotify.com/track/3o09uzJFcSGLneWp3rCmsT
2026-01-31 06:06:36;Time (Simula at Wakas Tour Kickoff);SB19;15479;https://open.spotify.com/track/1Qdo5W5rPNWhcHQOq1Pdl8
2026-01-31 06:06:45;ILAW (Simula at Wakas Tour Kickoff);SB19;16133;https://open.spotify.com/track/64BRHIKmpuMU7k435yRDAI
2026-01-31 06:06:55;Quit (Simula at Wakas Tour Kickoff);SB19;16141;https://open.spotify.com/track/7ynFrYbCvOaqiwDmeQrWjt
2026-01-31 06:07:04;MAPA (Simula at Wakas Tour Kickoff);SB19;14509;https://open.spotify.com/track/7v40dop6L3zF1ErVi1X4pj
2026-01-31 06:07:14;Shooting for the Stars (Simula at Wakas Tour Kickoff);SB19;13987;https://open.spotify.com/track/5ECgqO3ufZvZ4o3m2Ji3PA
2026-01-31 06:07:24;FREEDOM (Simula at Wakas Tour Kickoff);SB19;13233;https://open.spotify.com/track/72b7uRYHaeLspB9rJqqd6e
2026-01-31 06:07:33;SLMT (Simula at Wakas Tour Kickoff);SB19;14014;https://open.spotify.com/track/0ABh4wrkVAalF1tY8H8lNc
2026-01-31 06:07:43;DAM (Simula at Wakas Tour Kickoff);SB19;13441;https://open.spotify.com/track/6r7bRefIOKOsImYLZLus3S
2026-01-31 06:07:52;WYAT (Where You At);SB19;25075697;https://open.spotify.com/track/1z50Hub2XCsAPWo8zgoePu
2026-01-31 06:08:02;Nyebe;SB19;18115559;https://open.spotify.com/track/6aLjE6peuaJQRWRgfjxrRw
2026-01-31 06:08:12;No Stopping You;SB19;8765589;https://open.spotify.com/track/3KDOf2p1DrKhiqX78R82sh
2026-01-31 06:08:21;Ligaya;SB19;9712987;https://open.spotify.com/track/2lwaPRPgP9EaaMsbzVaZ3O
2026-01-31 06:08:31;MAPA (Band Version);SB19;27921515;https://open.spotify.com/track/0QQoU68nnBRWJqr9ak3mnS
2026-01-31 06:08:40;Kabataang Pinoy;SB19;9100790;https://open.spotify.com/track/6aXWWGw7sQJLx82jZndSQZ
2026-01-31 06:08:50;Win Your Heart;SB19;11079001;https://open.spotify.com/track/0DnNMu0v71ICscsyuQgmu3
2026-01-31 06:09:00;Christmas Party (SB19 Version);SB19;4462568;https://open.spotify.com/track/387ZTKanhRfPXazSyzTWUj
2026-01-31 06:09:09;golden hour (SB19 Remix);SB19;20978362;https://open.spotify.com/track/4cGKycusCcECMX79k4NQwS
2026-01-31 06:09:19;Moonlight;SB19;22617693;https://open.spotify.com/track/1xAYG31LamC5qlykRhbWxd
2026-01-31 06:09:28;Ready;SB19;9722181;https://open.spotify.com/track/4JZocgyzKHdRF0iSOcodJn
2026-01-31 06:09:38;KALAKAL;SB19;21723930;https://open.spotify.com/track/1cFGU7MQu0mHS5uVyD1STP
2026-01-31 06:09:48;MAPA (Indonesian Version);SB19;7412649;https://open.spotify.com/track/23FJNFAeNLzAuFORNvyBFf
2026-01-31 06:09:57;Umaaligid;SB19;13099596;https://open.spotify.com/track/5XYYmsZJG5qIBAniny4bHe
2026-01-31 06:10:07;Burn The Flame;SB19;3032299;https://open.spotify.com/track/3mvN8n8mg7X41CbGvc7xYU
2026-01-31 06:10:16;Burn The Flame (Taglish Version);SB19;827247;https://open.spotify.com/track/0aKGIF1iGjV6D6vXYDJgyy
2026-01-31 06:10:26;Burn The Flame (Karaoke Version);SB19;199229;https://open.spotify.com/track/38UTDIDP582bP8ZAU20bsT
2026-01-31 06:10:35;Burn The Flame (Instrumental);SB19;139325;https://open.spotify.com/track/1MLMEY4ahXUjTcmi01s4jA
2026-01-31 06:10:45;Love Yours;SB19;5518647;https://open.spotify.com/track/62iq4hiMI4CxLek4nYI14R
2026-01-31 06:10:55;Kapangyarihan;SB19;23149240;https://open.spotify.com/track/6FFtbC1K2aNeCS376paoHN
2026-01-31 06:11:04;The One;SB19;8907736;https://open.spotify.com/track/5SZPGItm64sVZ8KVYmoV4N
2026-01-31 06:11:14;Merry Munchkins (SB19 Version);SB19;2736646;https://open.spotify.com/track/3r3U5OpESU60BAVT11KuYS
2026-01-31 06:11:23;Live It Up;SB19;3928439;https://open.spotify.com/track/42D9L3kTskZ5anDWGBhtEk
2026-01-31 06:11:33;Make Your Green Mark;SB19;2457337;https://open.spotify.com/track/0thBJj3R0mM8mLwe2WMJI1
2026-01-31 06:11:43;Ace Your World;SB19;3092676;https://open.spotify.com/track/3lgJ5YAfc6wxVB9xpUDyH9
2026-01-31 06:11:52;Reset;SB19;3173226;https://open.spotify.com/track/6a7itY9YQTkmb8oMwwmhRp
2026-01-31 06:12:02;Tahanan;SB19;1670794;https://open.spotify.com/track/6XOT8LCjly8StKCooz6pp1
2026-01-31 06:12:11;G Pa Rin Ang Pasko;SB19;796732;https://open.spotify.com/track/0JYEUl8iJovowKP7Xi6mSM
2026-01-31 06:12:21;Ready, Set, G!;SB19;1134886;https://open.spotify.com/track/3RFGJAl8B1MiW4Ti6qvGeq
2026-01-31 06:12:30;We Wish You A Merry GCash;SB19;1324421;https://open.spotify.com/track/7H2N6amk6lmn9oahy3qxQl
2026-01-31 06:12:40;Make It Merry, I-GCash Mo;SB19;1011389;https://open.spotify.com/track/1cTLpJs2LHvA0q5Z6YWzbD
2026-01-31 06:12:50;Tara, Summer Na!;SB19;1902823;https://open.spotify.com/track/5RbO3gk0BiIfoFop0un9Dn
2026-01-31 06:12:59;TM Doble Dekada (Samahang Pina-Easy);SB19;2852334;https://open.spotify.com/track/5pSDEveqgXTvPU102hAIY1
2026-01-31 06:13:09;Dobleng GV sa FunPasko (Noon, Ngayon, Palagi);SB19;674188;https://open.spotify.com/track/5hVNG3wLy8rSSCqShicG4I
2026-01-31 06:13:18;TM FunPasko (Samahang Pina-Easy);SB19;903910;https://open.spotify.com/track/1ZLVZ75W0ZNqiuzQPbz3ZG
2026-01-31 06:13:28;Push Ang Pusuan;SB19;3485400;https://open.spotify.com/track/2hUZkOBSRlp6uB9hXvYgPi
2026-01-31 06:13:37;Team Tayo;SB19;1058047;https://open.spotify.com/track/3aKVPphQZ3kjwY7Tn1TUhP
2026-01-31 06:13:47;Ating Pasko;SB19;2427984;https://open.spotify.com/track/7y5C9pM3gt7WNoiSzFHcGN
2026-01-31 06:14:06;La Luna;PABLO;17446596;https://open.spotify.com/track/01NEcBpMXPQNxONQnObJJ3
2026-01-31 06:14:16;Presyon;PABLO;2653072;https://open.spotify.com/track/7cErqp4Jg64PcqAE0uYeZP
2026-01-31 06:14:26;Wala;PABLO;2886663;https://open.spotify.com/track/5gLNDt687YE0Zgad2yaaAD
2026-01-31 06:14:35;The Boy Who Cried Wolf;PABLO;4905880;https://open.spotify.com/track/3dNKnbTBjliNTwCeLqlMG3
2026-01-31 06:14:45;Kumunoy;PABLO;3988754;https://open.spotify.com/track/6WkQrra0cZQAo42aMxdT2X
2026-01-31 06:14:54;Kelan;PABLO;2449293;https://open.spotify.com/track/39aItIaR9sIBz3EP8RXuhs
2026-01-31 06:15:04;Drowning in the Water;PABLO;5643687;https://open.spotify.com/track/6065mStxNxs8sCy3yCrg8H
2026-01-31 06:15:14;Breathe (Outro);PABLO;1899601;https://open.spotify.com/track/2lKyuf60Q5qSwTF0dl7qM6
2026-01-31 06:15:23;Neumun;PABLO;3673813;https://open.spotify.com/track/4DF1e91DMTM4oTpW8jgsP2
2026-01-31 06:15:33;Don't Care;PABLO;2794653;https://open.spotify.com/track/06YsrZvTJmdPNXY5La1jFK
2026-01-31 06:15:42;Butata;PABLO;6660909;https://open.spotify.com/track/68hXl4L5vCusj8U2QlC73D
2026-01-31 06:15:52;Puyat;PABLO;3198609;https://open.spotify.com/track/5EiD5Pk0Wv6dkHS1ZpNvzE
2026-01-31 06:16:02;Blessed;PABLO;4072471;https://open.spotify.com/track/4hdPboEAxOZjaaHML4q62u
2026-01-31 06:16:11;Tambol (Ibang Planeta);PABLO;2507171;https://open.spotify.com/track/753jWXJVBxK6cuYDUVbeux
2026-01-31 06:16:21;Micha!;PABLO;3475105;https://open.spotify.com/track/7F3NzrsN3zNGcIP2FbUYUo
2026-01-31 06:16:30;DETERMINADO;PABLO;6327584;https://open.spotify.com/track/0hQJzMEbXg8ssQwgMbJUbw
2026-01-31 06:16:40;AKALA;PABLO;5386642;https://open.spotify.com/track/5w4CLRxwroocAzFiJ568oY
2026-01-31 06:16:49;edsa;PABLO;7849661;https://open.spotify.com/track/64p2tRd4zsBsJUucEnfWrX
2026-01-31 06:16:59;Liwanag sa Dilim (from Incognito);PABLO;6351197;https://open.spotify.com/track/3Ynpt5qseTmDdl9bN21FNJ
2026-01-31 06:17:09;Palayo;FELIP;12331609;https://open.spotify.com/track/3FvYLNM5ShB5vDCzGw8syX
2026-01-31 06:17:18;Bulan;FELIP;6688411;https://open.spotify.com/track/2qYmu6Obx3NW1VeNOiCFMK
2026-01-31 06:17:28;ROCKSTA;FELIP;6406181;https://open.spotify.com/track/5UhtleGyBZJCvG8cstjLkr
2026-01-31 06:17:37;SUPERIORITY;FELIP;3691130;https://open.spotify.com/track/3Tzmy7ExNOlP0tdDr9sjUT
2026-01-31 06:17:47;MICTEST;FELIP;4223847;https://open.spotify.com/track/5MC8Oxr5FTIQYJ6f7Cg6gR
2026-01-31 06:17:56;DRINKSMOKE;FELIP;5264401;https://open.spotify.com/track/29UIvWBrkjWtVuSEyexLt1
2026-01-31 06:18:06;CRIMINAL;FELIP;6570250;https://open.spotify.com/track/4YPz66cDppOl9KVUOCpBV5
2026-01-31 06:18:15;STRAYDOGS;FELIP;5587871;https://open.spotify.com/track/03aFaNBeCXmFl194HuyWKe
2026-01-31 06:18:25;Kanako;FELIP;9782601;https://open.spotify.com/track/76hOMoRACZOQq5CfqSNU9i
2026-01-31 06:18:35;Moving Closer;FELIP;10331626;https://open.spotify.com/track/59PCn7ObERln3cPl84CGx6
2026-01-31 06:18:44;FLYYY;FELIP;3515099;https://open.spotify.com/track/0PWBx43woMnsyUC72NC1Gl
2026-01-31 06:18:54;Pagdali;FELIP;3410898;https://open.spotify.com/track/7fMR5ryCo3m38yyj1PCym4
2026-01-31 06:19:03;Fake Faces;FELIP;8801582;https://open.spotify.com/track/4ntKnZnztFdovszJpIoeVO
2026-01-31 06:19:13;foes;FELIP;2394780;https://open.spotify.com/track/5IyWs6bAMeT9vPUiUVgSdd
2026-01-31 06:19:22;envy;FELIP;3421589;https://open.spotify.com/track/6uJggzzrSE5tK9CRTZejgm
2026-01-31 06:19:32;wrath;FELIP;2030767;https://open.spotify.com/track/12VANuhDUHnXRtRG6YP72a
2026-01-31 06:19:42;greed;FELIP;3326898;https://open.spotify.com/track/3foNAstTb7fdbbfFnKwn28
2026-01-31 06:19:51;pride;FELIP;1926382;https://open.spotify.com/track/1jZET8rPE5RWZZrkCM2toY
2026-01-31 06:20:01;gluttony;FELIP;1723450;https://open.spotify.com/track/216LlnUj3GfZ0yE2hXZxm0
2026-01-31 06:20:10;lust;FELIP;3507712;https://open.spotify.com/track/70kZ4pCeZ0WIanftduEDov
2026-01-31 06:20:20;sloth;FELIP;2555880;https://open.spotify.com/track/6PJLoGD9KpyMSx8j7vVWHq
2026-01-31 06:20:29;ache;FELIP;4526311;https://open.spotify.com/track/3G3ZYOLBcjbIv0GDlIoZeh
2026-01-31 06:20:39;ID;FELIP;2407055;https://open.spotify.com/track/2cXkFKFgEW5Myc0yNy6CqL
2026-01-31 06:20:49;KAWASAKI;FELIP;1664300;https://open.spotify.com/track/37ifPBg9M2NzlRNHe9WUIy
2026-01-31 06:20:58;Palayo - Live Band Ver;FELIP;2231287;https://open.spotify.com/track/6gdcXFz1q9WKAlB2ybVM3F
2026-01-31 06:21:08;Bulan - Live Band Ver;FELIP;1948399;https://open.spotify.com/track/048YgXKAXF8eTwMCfYylhD
2026-01-31 06:21:17;Palayo Inst.;FELIP;1261097;https://open.spotify.com/track/2RfXO3QnM6gG75Pxu04OqS
2026-01-31 06:21:27;Bulan Inst.;FELIP;1186063;https://open.spotify.com/track/4iGoucvzYCbJtG4n4wnJjB
2026-01-31 06:21:36;Moving Closer - From The Cafe;FELIP;2210766;https://open.spotify.com/track/1kAyLWCiJfTDhm56kaOXnO
2026-01-31 06:21:46;Moving Closer - From The Lounge;FELIP;1533525;https://open.spotify.com/track/0cd2BCuzH8Vub1cS2eKU7M
2026-01-31 06:21:56;ID (new version);FELIP;195020;https://open.spotify.com/track/7Fu45FLLaE1s0eg8DF5UqT
2026-01-31 06:22:05;ROCKSTA (Superior Session Live);FELIP;1502356;https://open.spotify.com/track/5EP2vLFwMHpWFWeZVvt3jU
2026-01-31 06:22:15;SUPERIORITY (Superior Session Live);FELIP;1402608;https://open.spotify.com/track/5VmjG0uTHcrn43Ynetfomd
2026-01-31 06:22:24;MICTEST (Superior Session Live);FELIP;1333567;https://open.spotify.com/track/0FW1fvsv00RCGNPjVHJg3x
2026-01-31 06:22:34;DRINKSMOKE (Superior Session Live);FELIP;1513741;https://open.spotify.com/track/5Iw7boOrwCpWlaJtNTTHG6
2026-01-31 06:22:43;CRIMINAL (Superior Session Live);FELIP;1706107;https://open.spotify.com/track/2FxQjJcpsdHQHTqjVhlqP4
2026-01-31 06:22:53;STRAYDOGS (Superior Session Live);FELIP;1337327;https://open.spotify.com/track/4W28quZaVhLdbpojBeooaZ
2026-01-31 06:23:03;to sin is human, to forgive is divine - live;FELIP;156796;https://open.spotify.com/track/5lbuH5ieouWZ43qHAcCK08
2026-01-31 06:23:12;foes - live;FELIP;150077;https://open.spotify.com/track/44TFeq1FSLniRzbThYVWom
2026-01-31 06:23:22;envy - live;FELIP;132891;https://open.spotify.com/track/41gwpmt6wVdwDgjE430dm6
2026-01-31 06:23:31;greed - live;FELIP;143614;https://open.spotify.com/track/5fWWoFfmqwBhBq93Rc6YqB
2026-01-31 06:23:41;lust - live;FELIP;138892;https://open.spotify.com/track/2hlY0jd3uRy5i7SuN1oz7Z
2026-01-31 06:23:51;pride - live;FELIP;125853;https://open.spotify.com/track/45ZCoFCk3DL7d84d7bwWdz
2026-01-31 06:24:00;gluttony (feat. PLAYERTWO) - live;FELIP;127211;https://open.spotify.com/track/0HaZMHBzZOYqdEcCtzAHEU
2026-01-31 06:24:10;wrath - live;FELIP;139172;https://open.spotify.com/track/5ykca7sZJ8OAUepkUGIdRE
2026-01-31 06:24:19;tokyo - live;FELIP;608949;https://open.spotify.com/track/5KKi1lmsdHfm4IYZ1YSy94
2026-01-31 06:24:29;sloth - live;FELIP;134368;https://open.spotify.com/track/6dmzbxC4WjfB3ucXZUUaO5
2026-01-31 06:24:38;grace - live;FELIP;141304;https://open.spotify.com/track/6HsmDcIbYCn7YzWBUKEucW
2026-01-31 06:24:48;ache - live;FELIP;165922;https://open.spotify.com/track/4lQY03QyHAKDj6XdDgVDcL
2026-01-31 06:24:58;WILD TONIGHT;JOSH CULLEN;9730778;https://open.spotify.com/track/4yBwaJUom5dOYp54wU6hA2
2026-01-31 06:25:07;Pakiusap Lang;JOSH CULLEN;5260085;https://open.spotify.com/track/6trU06kJgdYaPqRUvz5K9e
2026-01-31 06:25:17;GET RIGHT;JOSH CULLEN;4614848;https://open.spotify.com/track/56FnjRDkdoCV5lVSyuQ9MU
2026-01-31 06:25:27;Yoko Na;JOSH CULLEN;10366055;https://open.spotify.com/track/6SIaYQUPOJpO8XFWeTl5dC
2026-01-31 06:25:36;1999;JOSH CULLEN;6231993;https://open.spotify.com/track/0PMfgKba5PLGETb02cDcMg
2026-01-31 06:25:46;See Me;JOSH CULLEN;2919550;https://open.spotify.com/track/5jH6p468HtmNHdJiubGQ6t
2026-01-31 06:25:55;Silent Cries;JOSH CULLEN;3830301;https://open.spotify.com/track/1x0Y2jS5oJW4Q3aU9jZBER
2026-01-31 06:26:05;Honest;JOSH CULLEN;2643105;https://open.spotify.com/track/1Rl5KDAu4wrUsQZZtD2hiy
2026-01-31 06:26:14;No Control;JOSH CULLEN;2193462;https://open.spotify.com/track/0Rg0DIhiShdvZvF7snNZIt
2026-01-31 06:26:24;Lights Out;JOSH CULLEN;1955562;https://open.spotify.com/track/2TQQX4gYeQmobxNEXwtrZ3
2026-01-31 06:26:33;Sumaya;JOSH CULLEN;5311433;https://open.spotify.com/track/2qKu8tPpilCBJqxzGWcOaC
2026-01-31 06:26:43;Silent Cries (Instrumental);JOSH CULLEN;532042;https://open.spotify.com/track/5FQodaxJAZTUPjdpbDT9pa
2026-01-31 06:26:53;No Control (Instrumental);JOSH CULLEN;519120;https://open.spotify.com/track/65LG9NubWQtyImpyNXotHo
2026-01-31 06:27:02;Takbuhan;JOSH CULLEN;918424;https://open.spotify.com/track/3RCVzaTWA7h1SR0nWQtIk1
2026-01-31 06:27:12;Re: Thinkin' About You;JOSH CULLEN;4251449;https://open.spotify.com/track/2R1CjdVdXz7frvQRwCdQa6
2026-01-31 06:27:21;Room;Stell;11998029;https://open.spotify.com/track/1PLKN0HC7m5drBHg0jarZE
2026-01-31 06:27:31;Anino;Stell;6084229;https://open.spotify.com/track/5tMJZOyBv8t49i9elHuQZF
2026-01-31 06:27:41;'Di Ko Masabi;Stell;7634371;https://open.spotify.com/track/3JEE0hhTI6u9CEZCZWalKe
2026-01-31 06:27:50;Classic;Stell;6547773;https://open.spotify.com/track/15bdfvbGida1Z8OVZ0YvSQ
2026-01-31 06:28:00;Room (Stripped);Stell;4767713;https://open.spotify.com/track/6fwpkEZRQZ8Kr5Ws4q0Kyn
2026-01-31 06:28:09;Surreal;justin;14964864;https://open.spotify.com/track/5TT4xi1HEPTkVTO59jY3tz
2026-01-31 06:28:19;Sunday Morning;justin;5433851;https://open.spotify.com/track/3sp427zYHOXL3LPCYgwuRv
2026-01-31 06:28:28;Kaibigan;justin;8799285;https://open.spotify.com/track/3rwioq6hSNjwynK8rVPCma
2026-01-31 06:28:38;Sampung Mga Daliri;justin;7559806;https://open.spotify.com/track/2MHg2BVPaTgiCUDWp2jZqf
2026-01-31 06:28:48;Sampung Mga Daliri (Reimagined Version);justin;715645;https://open.spotify.com/track/4nnhn2O5oQmPC2HedN5W4b
2026-01-31 06:28:57;Sampung Mga Daliri (Acoustic Version);justin;1574363;https://open.spotify.com/track/0WoGaGmUip0OPQ662Drdlj
2026-01-31 06:29:07;GENTO - From THE FIRST TAKE;SB19;7050161;https://open.spotify.com/track/2h7syqD1QScej4PqMxJfp2
2026-01-31 06:29:17;MAPA - From THE FIRST TAKE;SB19;5195068;https://open.spotify.com/track/4MZbVDIPOYmPkjcVqpPe9v
2026-01-31 06:29:26;DAM - From THE FIRST TAKE;SB19;2103819;https://open.spotify.com/track/14WOLW4oTwD7Mh9eb0hLDs
2026-01-31 06:29:36;Time - From THE FIRST TAKE;SB19;2238967;https://open.spotify.com/track/1ctnGFHyklJbmHLyaDYtyg
2026-01-31 06:29:46;Moonlight (Ian Asher Club Mix);SB19;2947186;https://open.spotify.com/track/5YYzdzlunDyLDwlM40W0Gc
2026-01-31 06:29:55;Umaaligid (Extended Ver.);SB19;2735666;https://open.spotify.com/track/1XFHLGwXrlL0FpJgRcFYTI
2026-01-31 06:30:05;Love Yours (DIOR & RealBros Remix);SB19;865691;https://open.spotify.com/track/3qw9D8YC0sezDriUMx5lRG
2026-01-31 06:30:14;What? - Extended Version;SB19;6303530;https://open.spotify.com/track/7jn2llkeDI9IRROCYNa7sL
2026-02-01 00:10:58;Tilaluha;SB19;23659924;https://open.spotify.com/track/0fPJsVtCOXqjHxKS9kc13s
2026-02-01 00:11:08;Go Up;SB19;26800777;https://open.spotify.com/track/5VoY18OYEE2E6RJCBd2jki
2026-02-01 00:11:17;Alab (Burning);SB19;22614848;https://open.spotify.com/track/053ZzdU3Rya4NMxiWMPqnq
2026-02-01 00:11:27;Hanggang Sa Huli;SB19;32291978;https://open.spotify.com/track/2WUhR1SraSy0SVIQKohJb6
2026-02-01 00:11:37;Love Goes;SB19;11154202;https://open.spotify.com/track/5p70OUKixtLRpnK5uSdqro
2026-02-01 00:11:46;Love Goes (EDM Version);SB19;7145922;https://open.spotify.com/track/0LAh3hfeuUekvLm3Nq6MmA
2026-02-01 00:11:56;'Wag Mong Ikunot Ang Iyong Noo;SB19;9476852;https://open.spotify.com/track/5sJxhdzehdLq9iPzNnTR71
2026-02-01 00:12:06;Tilaluha (Instrumental);SB19;2214273;https://open.spotify.com/track/5lMxdErNKHh797tOT3mBvk
2026-02-01 00:12:18;Hanggang Sa Huli (Instrumental);SB19;2323034;https://open.spotify.com/track/6JZkWjVjOQAUPzNfGr4Dp0
2026-02-01 00:12:29;What?;SB19;25734058;https://open.spotify.com/track/1evZendZnEe8a8eXjd1Bcn
2026-02-01 00:12:39;MAPA;SB19;86084999;https://open.spotify.com/track/6Fz2TpxUD0YvAPsuG8nDMJ
2026-02-01 00:12:48;Bazinga;SB19;31805334;https://open.spotify.com/track/5QZw4F3N3PvuKNKHm9L20b
2026-02-01 00:12:58;SLMT;SB19;17500704;https://open.spotify.com/track/0AbJoAxuqYgMrmXvtFOc0K
2026-02-01 00:13:08;Mana;SB19;20810216;https://open.spotify.com/track/0EtkP3TUHvTeDIgrpgMS8m
2026-02-01 00:13:17;Ikako;SB19;14766892;https://open.spotify.com/track/5qHUmt5jIvDaOzMXiX533o
2026-02-01 00:13:27;Gento;SB19;75924071;https://open.spotify.com/track/1o6uF8VmXna99ysHTcQRI2
2026-02-01 00:13:36;I Want You;SB19;31591017;https://open.spotify.com/track/16GGH8OF6LiSUTTbm8421f
2026-02-01 00:13:46;Ilaw;SB19;19763341;https://open.spotify.com/track/4zoqT3f80GyytJvnhVHgEl
2026-02-01 00:13:56;Crimzone;SB19;25401848;https://open.spotify.com/track/5GcS9zT4iIL7l0JrqZeG6O
2026-02-01 00:14:05;LIHAM;SB19;20159268;https://open.spotify.com/track/5MQ1nQ0MZMRO4yPQWdCeEb
2026-02-01 00:14:15;Freedom;SB19;16453389;https://open.spotify.com/track/2CuYpdcx2f9XbMZhc3ST8E
2026-02-01 00:14:26;DAM;SB19;60806550;https://open.spotify.com/track/1NNsL6tYk06TqTea3mKB9P
2026-02-01 00:14:36;Time;SB19;22067409;https://open.spotify.com/track/1OvE4CwaIZJ89Eq0qXGCEF
2026-02-01 00:14:46;8TonBall;SB19;15994266;https://open.spotify.com/track/7AqrfyOdFWPnjQrgzWzcUz
2026-02-01 00:14:55;Quit;SB19;17062791;https://open.spotify.com/track/7oIQWmbKShhEt2yTSBxNpu
2026-02-01 00:15:05;Shooting for the Stars;SB19;14977647;https://open.spotify.com/track/6q3qzeZgWgoFrV6DmaZr1R
2026-02-01 00:15:15;Dungka!;SB19;27846011;https://open.spotify.com/track/7mqsPvhSR1CtY6PkTf1YVy
2026-02-01 00:15:24;DAM (Extended Ver.);SB19;18867325;https://open.spotify.com/track/0pjhHUx21NsPuSCH0H3lW6
2026-02-01 00:15:34;What? (Simula at Wakas Tour Kickoff);SB19;79532;https://open.spotify.com/track/4FEhO3lDTOseNLhBNBAvpW
2026-02-01 00:15:44;GENTO (Simula at Wakas Tour Kickoff);SB19;74133;https://open.spotify.com/track/1BYHhhwMf7QRr2a7p64tRU
2026-02-01 00:15:53;Mana (Simula at Wakas Tour Kickoff);SB19;71270;https://open.spotify.com/track/4LPgthOM2aB1mbPIxgZy8P
2026-02-01 00:16:04;Moonlight (Simula at Wakas Tour Kickoff);SB19;102373;https://open.spotify.com/track/5N3AnPqWcSDNLGbSr1etzb
2026-02-01 00:16:14;I WANT YOU (Simula at Wakas Tour Kickoff);SB19;82193;https://open.spotify.com/track/5V0qUkMEIac9nis4SDb2XD
2026-02-01 00:16:24;WYAT (Where You At) (Simula at Wakas Tour Kickoff);SB19;70800;https://open.spotify.com/track/0VUpreONXiBKhTmg7LNWS6
2026-02-01 00:16:33;DUNGKA! (Simula at Wakas Tour Kickoff);SB19;65469;https://open.spotify.com/track/4ZUl5u7opmH0U5vULsSbPe
2026-02-01 00:16:43;Bazinga (Simula at Wakas Tour Kickoff);SB19;65639;https://open.spotify.com/track/6CfcGGotSNm6kpG0zxPXrc
2026-02-01 00:16:52;8TonBall (Simula at Wakas Tour Kickoff);SB19;65532;https://open.spotify.com/track/54UfPbjMn8dwtYazgHrydY
2026-02-01 00:17:02;CRIMZONE (Simula at Wakas Tour Kickoff);SB19;65963;https://open.spotify.com/track/1Sg2y4WDHzGRf4N03fUkep
2026-02-01 00:17:12;Nyebe (Simula at Wakas Tour Kickoff);SB19;64077;https://open.spotify.com/track/3o09uzJFcSGLneWp3rCmsT
2026-02-01 00:17:21;Time (Simula at Wakas Tour Kickoff);SB19;61275;https://open.spotify.com/track/1Qdo5W5rPNWhcHQOq1Pdl8
2026-02-01 00:17:31;ILAW (Simula at Wakas Tour Kickoff);SB19;63389;https://open.spotify.com/track/64BRHIKmpuMU7k435yRDAI
2026-02-01 00:17:41;Quit (Simula at Wakas Tour Kickoff);SB19;62110;https://open.spotify.com/track/7ynFrYbCvOaqiwDmeQrWjt
2026-02-01 00:17:50;MAPA (Simula at Wakas Tour Kickoff);SB19;56989;https://open.spotify.com/track/7v40dop6L3zF1ErVi1X4pj
2026-02-01 00:18:00;Shooting for the Stars (Simula at Wakas Tour Kickoff);SB19;56975;https://open.spotify.com/track/5ECgqO3ufZvZ4o3m2Ji3PA
2026-02-01 00:18:09;FREEDOM (Simula at Wakas Tour Kickoff);SB19;51465;https://open.spotify.com/track/72b7uRYHaeLspB9rJqqd6e
2026-02-01 00:18:19;SLMT (Simula at Wakas Tour Kickoff);SB19;55199;https://open.spotify.com/track/0ABh4wrkVAalF1tY8H8lNc
2026-02-01 00:18:29;DAM (Simula at Wakas Tour Kickoff);SB19;52938;https://open.spotify.com/track/6r7bRefIOKOsImYLZLus3S
2026-02-01 00:18:38;WYAT (Where You At);SB19;25082875;https://open.spotify.com/track/1z50Hub2XCsAPWo8zgoePu
2026-02-01 00:18:48;Nyebe;SB19;18122990;https://open.spotify.com/track/6aLjE6peuaJQRWRgfjxrRw
2026-02-01 00:18:58;No Stopping You;SB19;8770771;https://open.spotify.com/track/3KDOf2p1DrKhiqX78R82sh
2026-02-01 00:19:07;Ligaya;SB19;9716152;https://open.spotify.com/track/2lwaPRPgP9EaaMsbzVaZ3O
2026-02-01 00:19:17;MAPA (Band Version);SB19;27928697;https://open.spotify.com/track/0QQoU68nnBRWJqr9ak3mnS
2026-02-01 00:19:28;Kabataang Pinoy;SB19;9103187;https://open.spotify.com/track/6aXWWGw7sQJLx82jZndSQZ
2026-02-01 00:19:38;Win Your Heart;SB19;11084620;https://open.spotify.com/track/0DnNMu0v71ICscsyuQgmu3
2026-02-01 00:19:47;Christmas Party (SB19 Version);SB19;4464429;https://open.spotify.com/track/387ZTKanhRfPXazSyzTWUj
2026-02-01 00:19:57;golden hour (SB19 Remix);SB19;20988193;https://open.spotify.com/track/4cGKycusCcECMX79k4NQwS
2026-02-01 00:20:07;Moonlight;SB19;22626889;https://open.spotify.com/track/1xAYG31LamC5qlykRhbWxd
2026-02-01 00:20:16;Ready;SB19;9728044;https://open.spotify.com/track/4JZocgyzKHdRF0iSOcodJn
2026-02-01 00:20:26;KALAKAL;SB19;21734977;https://open.spotify.com/track/1cFGU7MQu0mHS5uVyD1STP
2026-02-01 00:20:35;MAPA (Indonesian Version);SB19;7417224;https://open.spotify.com/track/23FJNFAeNLzAuFORNvyBFf
2026-02-01 00:20:45;Umaaligid;SB19;13117919;https://open.spotify.com/track/5XYYmsZJG5qIBAniny4bHe
2026-02-01 00:20:55;Burn The Flame;SB19;3044585;https://open.spotify.com/track/3mvN8n8mg7X41CbGvc7xYU
2026-02-01 00:21:05;Burn The Flame (Taglish Version);SB19;829545;https://open.spotify.com/track/0aKGIF1iGjV6D6vXYDJgyy
2026-02-01 00:21:14;Burn The Flame (Karaoke Version);SB19;199990;https://open.spotify.com/track/38UTDIDP582bP8ZAU20bsT
2026-02-01 00:21:24;Burn The Flame (Instrumental);SB19;139477;https://open.spotify.com/track/1MLMEY4ahXUjTcmi01s4jA
2026-02-01 00:21:34;Love Yours;SB19;5521578;https://open.spotify.com/track/62iq4hiMI4CxLek4nYI14R
2026-02-01 00:21:43;Kapangyarihan;SB19;23166659;https://open.spotify.com/track/6FFtbC1K2aNeCS376paoHN
2026-02-01 00:21:53;The One;SB19;8912346;https://open.spotify.com/track/5SZPGItm64sVZ8KVYmoV4N
2026-02-01 00:22:03;Merry Munchkins (SB19 Version);SB19;2737365;https://open.spotify.com/track/3r3U5OpESU60BAVT11KuYS
2026-02-01 00:22:12;Live It Up;SB19;3930504;https://open.spotify.com/track/42D9L3kTskZ5anDWGBhtEk
2026-02-01 00:22:22;Make Your Green Mark;SB19;2458612;https://open.spotify.com/track/0thBJj3R0mM8mLwe2WMJI1
2026-02-01 00:22:31;Ace Your World;SB19;3094307;https://open.spotify.com/track/3lgJ5YAfc6wxVB9xpUDyH9
2026-02-01 00:22:41;Reset;SB19;3175638;https://open.spotify.com/track/6a7itY9YQTkmb8oMwwmhRp
2026-02-01 00:22:51;Tahanan;SB19;1676677;https://open.spotify.com/track/6XOT8LCjly8StKCooz6pp1
2026-02-01 00:23:01;G Pa Rin Ang Pasko;SB19;796732;https://open.spotify.com/track/0JYEUl8iJovowKP7Xi6mSM
2026-02-01 00:23:10;Ready, Set, G!;SB19;1134886;https://open.spotify.com/track/3RFGJAl8B1MiW4Ti6qvGeq
2026-02-01 00:23:20;We Wish You A Merry GCash;SB19;1325243;https://open.spotify.com/track/7H2N6amk6lmn9oahy3qxQl
2026-02-01 00:23:29;Make It Merry, I-GCash Mo;SB19;1013136;https://open.spotify.com/track/1cTLpJs2LHvA0q5Z6YWzbD
2026-02-01 00:23:39;Tara, Summer Na!;SB19;1904445;https://open.spotify.com/track/5RbO3gk0BiIfoFop0un9Dn
2026-02-01 00:23:49;TM Doble Dekada (Samahang Pina-Easy);SB19;2853235;https://open.spotify.com/track/5pSDEveqgXTvPU102hAIY1
2026-02-01 00:23:58;Dobleng GV sa FunPasko (Noon, Ngayon, Palagi);SB19;674372;https://open.spotify.com/track/5hVNG3wLy8rSSCqShicG4I
2026-02-01 00:24:08;TM FunPasko (Samahang Pina-Easy);SB19;904248;https://open.spotify.com/track/1ZLVZ75W0ZNqiuzQPbz3ZG
2026-02-01 00:24:18;Push Ang Pusuan;SB19;3488035;https://open.spotify.com/track/2hUZkOBSRlp6uB9hXvYgPi
2026-02-01 00:24:27;Team Tayo;SB19;1058462;https://open.spotify.com/track/3aKVPphQZ3kjwY7Tn1TUhP
2026-02-01 00:24:37;Ating Pasko;SB19;2428237;https://open.spotify.com/track/7y5C9pM3gt7WNoiSzFHcGN
2026-02-01 00:24:56;La Luna;PABLO;17450080;https://open.spotify.com/track/01NEcBpMXPQNxONQnObJJ3
2026-02-01 00:25:06;Presyon;PABLO;2655378;https://open.spotify.com/track/7cErqp4Jg64PcqAE0uYeZP
2026-02-01 00:25:15;Wala;PABLO;2888988;https://open.spotify.com/track/5gLNDt687YE0Zgad2yaaAD
2026-02-01 00:25:25;The Boy Who Cried Wolf;PABLO;4909659;https://open.spotify.com/track/3dNKnbTBjliNTwCeLqlMG3
2026-02-01 00:25:35;Kumunoy;PABLO;3995581;https://open.spotify.com/track/6WkQrra0cZQAo42aMxdT2X
2026-02-01 00:25:44;Kelan;PABLO;2451356;https://open.spotify.com/track/39aItIaR9sIBz3EP8RXuhs
2026-02-01 00:25:54;Drowning in the Water;PABLO;5650527;https://open.spotify.com/track/6065mStxNxs8sCy3yCrg8H
2026-02-01 00:26:03;Breathe (Outro);PABLO;1900867;https://open.spotify.com/track/2lKyuf60Q5qSwTF0dl7qM6
2026-02-01 00:26:13;Neumun;PABLO;3675856;https://open.spotify.com/track/4DF1e91DMTM4oTpW8jgsP2
2026-02-01 00:26:23;Don't Care;PABLO;2796773;https://open.spotify.com/track/06YsrZvTJmdPNXY5La1jFK
2026-02-01 00:26:32;Butata;PABLO;6666329;https://open.spotify.com/track/68hXl4L5vCusj8U2QlC73D
2026-02-01 00:26:42;Puyat;PABLO;3202463;https://open.spotify.com/track/5EiD5Pk0Wv6dkHS1ZpNvzE
2026-02-01 00:26:52;Blessed;PABLO;4076611;https://open.spotify.com/track/4hdPboEAxOZjaaHML4q62u
2026-02-01 00:27:01;Tambol (Ibang Planeta);PABLO;2508635;https://open.spotify.com/track/753jWXJVBxK6cuYDUVbeux
2026-02-01 00:27:11;Micha!;PABLO;3479452;https://open.spotify.com/track/7F3NzrsN3zNGcIP2FbUYUo
2026-02-01 00:27:20;DETERMINADO;PABLO;6330371;https://open.spotify.com/track/0hQJzMEbXg8ssQwgMbJUbw
2026-02-01 00:27:30;AKALA;PABLO;5389855;https://open.spotify.com/track/5w4CLRxwroocAzFiJ568oY
2026-02-01 00:27:40;edsa;PABLO;7853847;https://open.spotify.com/track/64p2tRd4zsBsJUucEnfWrX
2026-02-01 00:27:49;Liwanag sa Dilim (from Incognito);PABLO;6356608;https://open.spotify.com/track/3Ynpt5qseTmDdl9bN21FNJ
2026-02-01 00:27:59;Palayo;FELIP;12336068;https://open.spotify.com/track/3FvYLNM5ShB5vDCzGw8syX
2026-02-01 00:28:09;Bulan;FELIP;6690855;https://open.spotify.com/track/2qYmu6Obx3NW1VeNOiCFMK
2026-02-01 00:28:18;ROCKSTA;FELIP;6408152;https://open.spotify.com/track/5UhtleGyBZJCvG8cstjLkr
2026-02-01 00:28:28;SUPERIORITY;FELIP;3692178;https://open.spotify.com/track/3Tzmy7ExNOlP0tdDr9sjUT
2026-02-01 00:28:38;MICTEST;FELIP;4224844;https://open.spotify.com/track/5MC8Oxr5FTIQYJ6f7Cg6gR
2026-02-01 00:28:47;DRINKSMOKE;FELIP;5265679;https://open.spotify.com/track/29UIvWBrkjWtVuSEyexLt1
2026-02-01 00:28:57;CRIMINAL;FELIP;6573191;https://open.spotify.com/track/4YPz66cDppOl9KVUOCpBV5
2026-02-01 00:29:07;STRAYDOGS;FELIP;5589311;https://open.spotify.com/track/03aFaNBeCXmFl194HuyWKe
2026-02-01 00:29:16;Kanako;FELIP;9791269;https://open.spotify.com/track/76hOMoRACZOQq5CfqSNU9i
2026-02-01 00:29:26;Moving Closer;FELIP;10337859;https://open.spotify.com/track/59PCn7ObERln3cPl84CGx6
2026-02-01 00:29:36;FLYYY;FELIP;3516679;https://open.spotify.com/track/0PWBx43woMnsyUC72NC1Gl
2026-02-01 00:29:45;Pagdali;FELIP;3413764;https://open.spotify.com/track/7fMR5ryCo3m38yyj1PCym4
2026-02-01 00:29:55;Fake Faces;FELIP;8807423;https://open.spotify.com/track/4ntKnZnztFdovszJpIoeVO
2026-02-01 00:30:05;foes;FELIP;2396286;https://open.spotify.com/track/5IyWs6bAMeT9vPUiUVgSdd
2026-02-01 00:30:14;envy;FELIP;3423295;https://open.spotify.com/track/6uJggzzrSE5tK9CRTZejgm
2026-02-01 00:30:24;wrath;FELIP;2032092;https://open.spotify.com/track/12VANuhDUHnXRtRG6YP72a
2026-02-01 00:30:34;greed;FELIP;3329550;https://open.spotify.com/track/3foNAstTb7fdbbfFnKwn28
2026-02-01 00:30:43;pride;FELIP;1927737;https://open.spotify.com/track/1jZET8rPE5RWZZrkCM2toY
2026-02-01 00:30:53;gluttony;FELIP;1724528;https://open.spotify.com/track/216LlnUj3GfZ0yE2hXZxm0
2026-02-01 00:31:03;lust;FELIP;3510260;https://open.spotify.com/track/70kZ4pCeZ0WIanftduEDov
2026-02-01 00:31:12;sloth;FELIP;2557643;https://open.spotify.com/track/6PJLoGD9KpyMSx8j7vVWHq
2026-02-01 00:31:22;ache;FELIP;4530119;https://open.spotify.com/track/3G3ZYOLBcjbIv0GDlIoZeh
2026-02-01 00:31:32;ID;FELIP;2408675;https://open.spotify.com/track/2cXkFKFgEW5Myc0yNy6CqL
2026-02-01 00:31:41;KAWASAKI;FELIP;1668717;https://open.spotify.com/track/37ifPBg9M2NzlRNHe9WUIy
2026-02-01 00:31:51;Palayo - Live Band Ver;FELIP;2231650;https://open.spotify.com/track/6gdcXFz1q9WKAlB2ybVM3F
2026-02-01 00:32:01;Bulan - Live Band Ver;FELIP;1948743;https://open.spotify.com/track/048YgXKAXF8eTwMCfYylhD
2026-02-01 00:32:10;Palayo Inst.;FELIP;1261296;https://open.spotify.com/track/2RfXO3QnM6gG75Pxu04OqS
2026-02-01 00:32:20;Bulan Inst.;FELIP;1186291;https://open.spotify.com/track/4iGoucvzYCbJtG4n4wnJjB
2026-02-01 00:32:31;Moving Closer - From The Cafe;FELIP;2212133;https://open.spotify.com/track/1kAyLWCiJfTDhm56kaOXnO
2026-02-01 00:32:40;Moving Closer - From The Lounge;FELIP;1535254;https://open.spotify.com/track/0cd2BCuzH8Vub1cS2eKU7M
2026-02-01 00:32:50;ID (new version);FELIP;197589;https://open.spotify.com/track/7Fu45FLLaE1s0eg8DF5UqT
2026-02-01 00:33:00;ROCKSTA (Superior Session Live);FELIP;1502824;https://open.spotify.com/track/5EP2vLFwMHpWFWeZVvt3jU
2026-02-01 00:33:10;SUPERIORITY (Superior Session Live);FELIP;1403073;https://open.spotify.com/track/5VmjG0uTHcrn43Ynetfomd
2026-02-01 00:33:19;MICTEST (Superior Session Live);FELIP;1333961;https://open.spotify.com/track/0FW1fvsv00RCGNPjVHJg3x
2026-02-01 00:33:29;DRINKSMOKE (Superior Session Live);FELIP;1514352;https://open.spotify.com/track/5Iw7boOrwCpWlaJtNTTHG6
2026-02-01 00:33:38;CRIMINAL (Superior Session Live);FELIP;1706648;https://open.spotify.com/track/2FxQjJcpsdHQHTqjVhlqP4
2026-02-01 00:33:48;STRAYDOGS (Superior Session Live);FELIP;1337731;https://open.spotify.com/track/4W28quZaVhLdbpojBeooaZ
2026-02-01 00:33:57;to sin is human, to forgive is divine - live;FELIP;157777;https://open.spotify.com/track/5lbuH5ieouWZ43qHAcCK08
2026-02-01 00:34:07;foes - live;FELIP;150996;https://open.spotify.com/track/44TFeq1FSLniRzbThYVWom
2026-02-01 00:34:17;envy - live;FELIP;133770;https://open.spotify.com/track/41gwpmt6wVdwDgjE430dm6
2026-02-01 00:34:28;greed - live;FELIP;144453;https://open.spotify.com/track/5fWWoFfmqwBhBq93Rc6YqB
2026-02-01 00:34:37;lust - live;FELIP;140017;https://open.spotify.com/track/2hlY0jd3uRy5i7SuN1oz7Z
2026-02-01 00:34:47;pride - live;FELIP;126631;https://open.spotify.com/track/45ZCoFCk3DL7d84d7bwWdz
2026-02-01 00:34:57;gluttony (feat. PLAYERTWO) - live;FELIP;128015;https://open.spotify.com/track/0HaZMHBzZOYqdEcCtzAHEU
2026-02-01 00:35:06;wrath - live;FELIP;140012;https://open.spotify.com/track/5ykca7sZJ8OAUepkUGIdRE
2026-02-01 00:35:16;tokyo - live;FELIP;611206;https://open.spotify.com/track/5KKi1lmsdHfm4IYZ1YSy94
2026-02-01 00:35:26;sloth - live;FELIP;135253;https://open.spotify.com/track/6dmzbxC4WjfB3ucXZUUaO5
2026-02-01 00:35:35;grace - live;FELIP;142170;https://open.spotify.com/track/6HsmDcIbYCn7YzWBUKEucW
2026-02-01 00:35:45;ache - live;FELIP;166889;https://open.spotify.com/track/4lQY03QyHAKDj6XdDgVDcL
2026-02-01 00:35:54;WILD TONIGHT;JOSH CULLEN;9736526;https://open.spotify.com/track/4yBwaJUom5dOYp54wU6hA2
2026-02-01 00:36:04;Pakiusap Lang;JOSH CULLEN;5261794;https://open.spotify.com/track/6trU06kJgdYaPqRUvz5K9e
2026-02-01 00:36:14;GET RIGHT;JOSH CULLEN;4617257;https://open.spotify.com/track/56FnjRDkdoCV5lVSyuQ9MU
2026-02-01 00:36:23;Yoko Na;JOSH CULLEN;10370182;https://open.spotify.com/track/6SIaYQUPOJpO8XFWeTl5dC
2026-02-01 00:36:33;1999;JOSH CULLEN;6237757;https://open.spotify.com/track/0PMfgKba5PLGETb02cDcMg
2026-02-01 00:36:42;See Me;JOSH CULLEN;2921821;https://open.spotify.com/track/5jH6p468HtmNHdJiubGQ6t
2026-02-01 00:36:52;Silent Cries;JOSH CULLEN;3832067;https://open.spotify.com/track/1x0Y2jS5oJW4Q3aU9jZBER
2026-02-01 00:37:02;Honest;JOSH CULLEN;2645053;https://open.spotify.com/track/1Rl5KDAu4wrUsQZZtD2hiy
2026-02-01 00:37:11;No Control;JOSH CULLEN;2195580;https://open.spotify.com/track/0Rg0DIhiShdvZvF7snNZIt
2026-02-01 00:37:21;Lights Out;JOSH CULLEN;1957227;https://open.spotify.com/track/2TQQX4gYeQmobxNEXwtrZ3
2026-02-01 00:37:30;Sumaya;JOSH CULLEN;5314891;https://open.spotify.com/track/2qKu8tPpilCBJqxzGWcOaC
2026-02-01 00:37:40;Silent Cries (Instrumental);JOSH CULLEN;532603;https://open.spotify.com/track/5FQodaxJAZTUPjdpbDT9pa
2026-02-01 00:37:50;No Control (Instrumental);JOSH CULLEN;519745;https://open.spotify.com/track/65LG9NubWQtyImpyNXotHo
2026-02-01 00:38:00;Takbuhan;JOSH CULLEN;920098;https://open.spotify.com/track/3RCVzaTWA7h1SR0nWQtIk1
2026-02-01 00:38:09;Re: Thinkin' About You;JOSH CULLEN;4254390;https://open.spotify.com/track/2R1CjdVdXz7frvQRwCdQa6
2026-02-01 00:38:19;Room;Stell;12010818;https://open.spotify.com/track/1PLKN0HC7m5drBHg0jarZE
2026-02-01 00:38:28;Anino;Stell;6092220;https://open.spotify.com/track/5tMJZOyBv8t49i9elHuQZF
2026-02-01 00:38:38;'Di Ko Masabi;Stell;7643860;https://open.spotify.com/track/3JEE0hhTI6u9CEZCZWalKe
2026-02-01 00:38:48;Classic;Stell;6557071;https://open.spotify.com/track/15bdfvbGida1Z8OVZ0YvSQ
2026-02-01 00:38:57;Room (Stripped);Stell;4773620;https://open.spotify.com/track/6fwpkEZRQZ8Kr5Ws4q0Kyn
2026-02-01 00:39:07;Surreal;justin;14973740;https://open.spotify.com/track/5TT4xi1HEPTkVTO59jY3tz
2026-02-01 00:39:16;Sunday Morning;justin;5437954;https://open.spotify.com/track/3sp427zYHOXL3LPCYgwuRv
2026-02-01 00:39:26;Kaibigan;justin;8805546;https://open.spotify.com/track/3rwioq6hSNjwynK8rVPCma
2026-02-01 00:39:36;Sampung Mga Daliri;justin;7567013;https://open.spotify.com/track/2MHg2BVPaTgiCUDWp2jZqf
2026-02-01 00:39:45;Sampung Mga Daliri (Reimagined Version);justin;716665;https://open.spotify.com/track/4nnhn2O5oQmPC2HedN5W4b
2026-02-01 00:39:55;Sampung Mga Daliri (Acoustic Version);justin;1576765;https://open.spotify.com/track/0WoGaGmUip0OPQ662Drdlj
2026-02-01 00:40:04;GENTO - From THE FIRST TAKE;SB19;7054889;https://open.spotify.com/track/2h7syqD1QScej4PqMxJfp2
2026-02-01 00:40:14;MAPA - From THE FIRST TAKE;SB19;5198450;https://open.spotify.com/track/4MZbVDIPOYmPkjcVqpPe9v
2026-02-01 00:40:23;DAM - From THE FIRST TAKE;SB19;2108371;https://open.spotify.com/track/14WOLW4oTwD7Mh9eb0hLDs
2026-02-01 00:40:33;Time - From THE FIRST TAKE;SB19;2248067;https://open.spotify.com/track/1ctnGFHyklJbmHLyaDYtyg
2026-02-01 00:40:43;Moonlight (Ian Asher Club Mix);SB19;2950057;https://open.spotify.com/track/5YYzdzlunDyLDwlM40W0Gc
2026-02-01 00:40:53;Umaaligid (Extended Ver.);SB19;2738749;https://open.spotify.com/track/1XFHLGwXrlL0FpJgRcFYTI
2026-02-01 00:41:02;Love Yours (DIOR & RealBros Remix);SB19;866848;https://open.spotify.com/track/3qw9D8YC0sezDriUMx5lRG
2026-02-01 00:41:12;What? - Extended Version;SB19;6306461;https://open.spotify.com/track/7jn2llkeDI9IRROCYNa7sL
2026-02-02 06:00:12;Tilaluha;SB19;23666928;https://open.spotify.com/track/0fPJsVtCOXqjHxKS9kc13s;D:\dev\SB19\saved_pages\sb19_tilaluha_20260202_060012.html
2026-02-02 06:00:25;Go Up;SB19;26808358;https://open.spotify.com/track/5VoY18OYEE2E6RJCBd2jki;D:\dev\SB19\saved_pages\sb19_go_up_20260202_060025.html
2026-02-02 06:00:39;Alab (Burning);SB19;22622217;https://open.spotify.com/track/053ZzdU3Rya4NMxiWMPqnq;D:\dev\SB19\saved_pages\sb19_alab_burning_20260202_060039.html
2026-02-02 06:00:48;Hanggang Sa Huli;SB19;32301926;https://open.spotify.com/track/2WUhR1SraSy0SVIQKohJb6;D:\dev\SB19\saved_pages\sb19_hanggang_sa_huli_20260202_060048.html
2026-02-02 06:00:58;Love Goes;SB19;11157940;https://open.spotify.com/track/5p70OUKixtLRpnK5uSdqro;D:\dev\SB19\saved_pages\sb19_love_goes_20260202_060058.html
2026-02-02 06:01:07;Love Goes (EDM Version);SB19;7148832;https://open.spotify.com/track/0LAh3hfeuUekvLm3Nq6MmA;D:\dev\SB19\saved_pages\sb19_love_goes_edm_version_20260202_060107.html
2026-02-02 06:01:18;'Wag Mong Ikunot Ang Iyong Noo;SB19;9480939;https://open.spotify.com/track/5sJxhdzehdLq9iPzNnTR71;D:\dev\SB19\saved_pages\sb19_wag_mong_ikunot_ang_iyong_noo_20260202_060118.html
2026-02-02 06:01:28;Tilaluha (Instrumental);SB19;2214690;https://open.spotify.com/track/5lMxdErNKHh797tOT3mBvk;D:\dev\SB19\saved_pages\sb19_tilaluha_instrumental_20260202_060127.html
2026-02-02 06:01:37;Hanggang Sa Huli (Instrumental);SB19;2323464;https://open.spotify.com/track/6JZkWjVjOQAUPzNfGr4Dp0;D:\dev\SB19\saved_pages\sb19_hanggang_sa_huli_instrumental_20260202_060137.html
2026-02-02 06:01:47;What?;SB19;25740857;https://open.spotify.com/track/1evZendZnEe8a8eXjd1Bcn;D:\dev\SB19\saved_pages\sb19_what_20260202_060147.html
2026-02-02 06:01:56;MAPA;SB19;86114090;https://open.spotify.com/track/6Fz2TpxUD0YvAPsuG8nDMJ;D:\dev\SB19\saved_pages\sb19_mapa_20260202_060156.html
2026-02-02 06:02:06;Bazinga;SB19;31813782;https://open.spotify.com/track/5QZw4F3N3PvuKNKHm9L20b;D:\dev\SB19\saved_pages\sb19_bazinga_20260202_060206.html
2026-02-02 06:02:15;SLMT;SB19;17507050;https://open.spotify.com/track/0AbJoAxuqYgMrmXvtFOc0K;D:\dev\SB19\saved_pages\sb19_slmt_20260202_060215.html
2026-02-02 06:02:25;Mana;SB19;20816749;https://open.spotify.com/track/0EtkP3TUHvTeDIgrpgMS8m;D:\dev\SB19\saved_pages\sb19_mana_20260202_060225.html
2026-02-02 06:02:35;Ikako;SB19;14774122;https://open.spotify.com/track/5qHUmt5jIvDaOzMXiX533o;D:\dev\SB19\saved_pages\sb19_ikako_20260202_060235.html
2026-02-02 06:02:44;Gento;SB19;75948968;https://open.spotify.com/track/1o6uF8VmXna99ysHTcQRI2;D:\dev\SB19\saved_pages\sb19_gento_20260202_060244.html
2026-02-02 06:02:54;I Want You;SB19;31601636;https://open.spotify.com/track/16GGH8OF6LiSUTTbm8421f;D:\dev\SB19\saved_pages\sb19_i_want_you_20260202_060254.html
2026-02-02 06:03:03;Ilaw;SB19;19772520;https://open.spotify.com/track/4zoqT3f80GyytJvnhVHgEl;D:\dev\SB19\saved_pages\sb19_ilaw_20260202_060303.html
2026-02-02 06:03:13;Crimzone;SB19;25411495;https://open.spotify.com/track/5GcS9zT4iIL7l0JrqZeG6O;D:\dev\SB19\saved_pages\sb19_crimzone_20260202_060313.html
2026-02-02 06:03:22;LIHAM;SB19;20170395;https://open.spotify.com/track/5MQ1nQ0MZMRO4yPQWdCeEb;D:\dev\SB19\saved_pages\sb19_liham_20260202_060322.html
2026-02-02 06:03:32;Freedom;SB19;16459178;https://open.spotify.com/track/2CuYpdcx2f9XbMZhc3ST8E;D:\dev\SB19\saved_pages\sb19_freedom_20260202_060332.html
2026-02-02 06:03:42;DAM;SB19;60841188;https://open.spotify.com/track/1NNsL6tYk06TqTea3mKB9P;D:\dev\SB19\saved_pages\sb19_dam_20260202_060342.html
2026-02-02 06:03:52;Time;SB19;22089296;https://open.spotify.com/track/1OvE4CwaIZJ89Eq0qXGCEF;D:\dev\SB19\saved_pages\sb19_time_20260202_060352.html
2026-02-02 06:04:02;8TonBall;SB19;16008764;https://open.spotify.com/track/7AqrfyOdFWPnjQrgzWzcUz;D:\dev\SB19\saved_pages\sb19_8tonball_20260202_060402.html
2026-02-02 06:04:13;Quit;SB19;17075822;https://open.spotify.com/track/7oIQWmbKShhEt2yTSBxNpu;D:\dev\SB19\saved_pages\sb19_quit_20260202_060413.html
2026-02-02 06:04:23;Shooting for the Stars;SB19;14991170;https://open.spotify.com/track/6q3qzeZgWgoFrV6DmaZr1R;D:\dev\SB19\saved_pages\sb19_shooting_for_the_stars_20260202_060423.html
2026-02-02 06:04:32;Dungka!;SB19;27873518;https://open.spotify.com/track/7mqsPvhSR1CtY6PkTf1YVy;D:\dev\SB19\saved_pages\sb19_dungka_20260202_060432.html
2026-02-02 06:04:42;DAM (Extended Ver.);SB19;18875699;https://open.spotify.com/track/0pjhHUx21NsPuSCH0H3lW6;D:\dev\SB19\saved_pages\sb19_dam_extended_ver_20260202_060442.html
2026-02-02 06:04:51;What? (Simula at Wakas Tour Kickoff);SB19;119330;https://open.spotify.com/track/4FEhO3lDTOseNLhBNBAvpW;D:\dev\SB19\saved_pages\sb19_what_simula_at_wakas_tour_kickoff_20260202_060451.html
2026-02-02 06:05:01;GENTO (Simula at Wakas Tour Kickoff);SB19;112319;https://open.spotify.com/track/1BYHhhwMf7QRr2a7p64tRU;D:\dev\SB19\saved_pages\sb19_gento_simula_at_wakas_tour_kickoff_20260202_060501.html
2026-02-02 06:05:11;Mana (Simula at Wakas Tour Kickoff);SB19;109531;https://open.spotify.com/track/4LPgthOM2aB1mbPIxgZy8P;D:\dev\SB19\saved_pages\sb19_mana_simula_at_wakas_tour_kickoff_20260202_060511.html
2026-02-02 06:05:20;Moonlight (Simula at Wakas Tour Kickoff);SB19;160236;https://open.spotify.com/track/5N3AnPqWcSDNLGbSr1etzb;D:\dev\SB19\saved_pages\sb19_moonlight_simula_at_wakas_tour_kickoff_20260202_060520.html
2026-02-02 06:05:30;I WANT YOU (Simula at Wakas Tour Kickoff);SB19;125928;https://open.spotify.com/track/5V0qUkMEIac9nis4SDb2XD;D:\dev\SB19\saved_pages\sb19_i_want_you_simula_at_wakas_tour_kickoff_20260202_060530.html
2026-02-02 06:05:39;WYAT (Where You At) (Simula at Wakas Tour Kickoff);SB19;108985;https://open.spotify.com/track/0VUpreONXiBKhTmg7LNWS6;D:\dev\SB19\saved_pages\sb19_wyat_where_you_at_simula_at_wakas_tour_kickoff_20260202_060539.html
2026-02-02 06:05:49;DUNGKA! (Simula at Wakas Tour Kickoff);SB19;101298;https://open.spotify.com/track/4ZUl5u7opmH0U5vULsSbPe;D:\dev\SB19\saved_pages\sb19_dungka_simula_at_wakas_tour_kickoff_20260202_060549.html
2026-02-02 06:05:59;Bazinga (Simula at Wakas Tour Kickoff);SB19;101335;https://open.spotify.com/track/6CfcGGotSNm6kpG0zxPXrc;D:\dev\SB19\saved_pages\sb19_bazinga_simula_at_wakas_tour_kickoff_20260202_060559.html
2026-02-02 06:06:08;8TonBall (Simula at Wakas Tour Kickoff);SB19;101907;https://open.spotify.com/track/54UfPbjMn8dwtYazgHrydY;D:\dev\SB19\saved_pages\sb19_8tonball_simula_at_wakas_tour_kickoff_20260202_060608.html
2026-02-02 06:06:18;CRIMZONE (Simula at Wakas Tour Kickoff);SB19;101530;https://open.spotify.com/track/1Sg2y4WDHzGRf4N03fUkep;D:\dev\SB19\saved_pages\sb19_crimzone_simula_at_wakas_tour_kickoff_20260202_060618.html
2026-02-02 06:06:27;Nyebe (Simula at Wakas Tour Kickoff);SB19;100151;https://open.spotify.com/track/3o09uzJFcSGLneWp3rCmsT;D:\dev\SB19\saved_pages\sb19_nyebe_simula_at_wakas_tour_kickoff_20260202_060627.html
2026-02-02 06:06:37;Time (Simula at Wakas Tour Kickoff);SB19;96494;https://open.spotify.com/track/1Qdo5W5rPNWhcHQOq1Pdl8;D:\dev\SB19\saved_pages\sb19_time_simula_at_wakas_tour_kickoff_20260202_060637.html
2026-02-02 06:06:47;ILAW (Simula at Wakas Tour Kickoff);SB19;100556;https://open.spotify.com/track/64BRHIKmpuMU7k435yRDAI;D:\dev\SB19\saved_pages\sb19_ilaw_simula_at_wakas_tour_kickoff_20260202_060647.html
2026-02-02 06:06:56;Quit (Simula at Wakas Tour Kickoff);SB19;98209;https://open.spotify.com/track/7ynFrYbCvOaqiwDmeQrWjt;D:\dev\SB19\saved_pages\sb19_quit_simula_at_wakas_tour_kickoff_20260202_060656.html
2026-02-02 06:07:06;MAPA (Simula at Wakas Tour Kickoff);SB19;90587;https://open.spotify.com/track/7v40dop6L3zF1ErVi1X4pj;D:\dev\SB19\saved_pages\sb19_mapa_simula_at_wakas_tour_kickoff_20260202_060706.html
2026-02-02 06:07:15;Shooting for the Stars (Simula at Wakas Tour Kickoff);SB19;90900;https://open.spotify.com/track/5ECgqO3ufZvZ4o3m2Ji3PA;D:\dev\SB19\saved_pages\sb19_shooting_for_the_stars_simula_at_wakas_tour_kickoff_20260202_060715.html
2026-02-02 06:07:25;FREEDOM (Simula at Wakas Tour Kickoff);SB19;83163;https://open.spotify.com/track/72b7uRYHaeLspB9rJqqd6e;D:\dev\SB19\saved_pages\sb19_freedom_simula_at_wakas_tour_kickoff_20260202_060725.html
2026-02-02 06:07:35;SLMT (Simula at Wakas Tour Kickoff);SB19;88285;https://open.spotify.com/track/0ABh4wrkVAalF1tY8H8lNc;D:\dev\SB19\saved_pages\sb19_slmt_simula_at_wakas_tour_kickoff_20260202_060734.html
2026-02-02 06:07:44;DAM (Simula at Wakas Tour Kickoff);SB19;85547;https://open.spotify.com/track/6r7bRefIOKOsImYLZLus3S;D:\dev\SB19\saved_pages\sb19_dam_simula_at_wakas_tour_kickoff_20260202_060744.html
2026-02-02 06:07:54;WYAT (Where You At);SB19;25089617;https://open.spotify.com/track/1z50Hub2XCsAPWo8zgoePu;D:\dev\SB19\saved_pages\sb19_wyat_where_you_at_20260202_060754.html
2026-02-02 06:08:03;Nyebe;SB19;18130395;https://open.spotify.com/track/6aLjE6peuaJQRWRgfjxrRw;D:\dev\SB19\saved_pages\sb19_nyebe_20260202_060803.html
2026-02-02 06:08:13;No Stopping You;SB19;8774384;https://open.spotify.com/track/3KDOf2p1DrKhiqX78R82sh;D:\dev\SB19\saved_pages\sb19_no_stopping_you_20260202_060813.html
2026-02-02 06:08:23;Ligaya;SB19;9718879;https://open.spotify.com/track/2lwaPRPgP9EaaMsbzVaZ3O;D:\dev\SB19\saved_pages\sb19_ligaya_20260202_060822.html
2026-02-02 06:08:32;MAPA (Band Version);SB19;27934650;https://open.spotify.com/track/0QQoU68nnBRWJqr9ak3mnS;D:\dev\SB19\saved_pages\sb19_mapa_band_version_20260202_060832.html
2026-02-02 06:08:42;Kabataang Pinoy;SB19;9105383;https://open.spotify.com/track/6aXWWGw7sQJLx82jZndSQZ;D:\dev\SB19\saved_pages\sb19_kabataang_pinoy_20260202_060842.html
2026-02-02 06:08:51;Win Your Heart;SB19;11088805;https://open.spotify.com/track/0DnNMu0v71ICscsyuQgmu3;D:\dev\SB19\saved_pages\sb19_win_your_heart_20260202_060851.html
2026-02-02 06:09:01;Christmas Party (SB19 Version);SB19;4466088;https://open.spotify.com/track/387ZTKanhRfPXazSyzTWUj;D:\dev\SB19\saved_pages\sb19_christmas_party_sb19_version_20260202_060901.html
2026-02-02 06:09:10;golden hour (SB19 Remix);SB19;20996336;https://open.spotify.com/track/4cGKycusCcECMX79k4NQwS;D:\dev\SB19\saved_pages\sb19_golden_hour_sb19_remix_20260202_060910.html
2026-02-02 06:09:20;Moonlight;SB19;22633990;https://open.spotify.com/track/1xAYG31LamC5qlykRhbWxd;D:\dev\SB19\saved_pages\sb19_moonlight_20260202_060920.html
2026-02-02 06:09:30;Ready;SB19;9732370;https://open.spotify.com/track/4JZocgyzKHdRF0iSOcodJn;D:\dev\SB19\saved_pages\sb19_ready_20260202_060930.html
2026-02-02 06:09:39;KALAKAL;SB19;21743362;https://open.spotify.com/track/1cFGU7MQu0mHS5uVyD1STP;D:\dev\SB19\saved_pages\sb19_kalakal_20260202_060939.html
2026-02-02 06:09:49;MAPA (Indonesian Version);SB19;7421716;https://open.spotify.com/track/23FJNFAeNLzAuFORNvyBFf;D:\dev\SB19\saved_pages\sb19_mapa_indonesian_version_20260202_060949.html
2026-02-02 06:09:58;Umaaligid;SB19;13131409;https://open.spotify.com/track/5XYYmsZJG5qIBAniny4bHe;D:\dev\SB19\saved_pages\sb19_umaaligid_20260202_060958.html
2026-02-02 06:10:08;Burn The Flame;SB19;3055873;https://open.spotify.com/track/3mvN8n8mg7X41CbGvc7xYU;D:\dev\SB19\saved_pages\sb19_burn_the_flame_20260202_061008.html
2026-02-02 06:10:18;Burn The Flame (Taglish Version);SB19;831699;https://open.spotify.com/track/0aKGIF1iGjV6D6vXYDJgyy;D:\dev\SB19\saved_pages\sb19_burn_the_flame_taglish_version_20260202_061017.html
2026-02-02 06:10:27;Burn The Flame (Karaoke Version);SB19;200444;https://open.spotify.com/track/38UTDIDP582bP8ZAU20bsT;D:\dev\SB19\saved_pages\sb19_burn_the_flame_karaoke_version_20260202_061027.html
2026-02-02 06:10:37;Burn The Flame (Instrumental);SB19;139758;https://open.spotify.com/track/1MLMEY4ahXUjTcmi01s4jA;D:\dev\SB19\saved_pages\sb19_burn_the_flame_instrumental_20260202_061037.html
2026-02-02 06:10:46;Love Yours;SB19;5523839;https://open.spotify.com/track/62iq4hiMI4CxLek4nYI14R;D:\dev\SB19\saved_pages\sb19_love_yours_20260202_061046.html
2026-02-02 06:10:57;Kapangyarihan;SB19;23182514;https://open.spotify.com/track/6FFtbC1K2aNeCS376paoHN;D:\dev\SB19\saved_pages\sb19_kapangyarihan_20260202_061057.html
2026-02-02 06:11:07;The One;SB19;8916824;https://open.spotify.com/track/5SZPGItm64sVZ8KVYmoV4N;D:\dev\SB19\saved_pages\sb19_the_one_20260202_061107.html
2026-02-02 06:11:16;Merry Munchkins (SB19 Version);SB19;2738058;https://open.spotify.com/track/3r3U5OpESU60BAVT11KuYS;D:\dev\SB19\saved_pages\sb19_merry_munchkins_sb19_version_20260202_061116.html
2026-02-02 06:11:26;Live It Up;SB19;3932788;https://open.spotify.com/track/42D9L3kTskZ5anDWGBhtEk;D:\dev\SB19\saved_pages\sb19_live_it_up_20260202_061126.html
2026-02-02 06:11:36;Make Your Green Mark;SB19;2459926;https://open.spotify.com/track/0thBJj3R0mM8mLwe2WMJI1;D:\dev\SB19\saved_pages\sb19_make_your_green_mark_20260202_061135.html
2026-02-02 06:11:45;Ace Your World;SB19;3095651;https://open.spotify.com/track/3lgJ5YAfc6wxVB9xpUDyH9;D:\dev\SB19\saved_pages\sb19_ace_your_world_20260202_061145.html
2026-02-02 06:11:55;Reset;SB19;3177038;https://open.spotify.com/track/6a7itY9YQTkmb8oMwwmhRp;D:\dev\SB19\saved_pages\sb19_reset_20260202_061155.html
2026-02-02 06:12:05;Tahanan;SB19;1682276;https://open.spotify.com/track/6XOT8LCjly8StKCooz6pp1;D:\dev\SB19\saved_pages\sb19_tahanan_20260202_061205.html
2026-02-02 06:12:14;G Pa Rin Ang Pasko;SB19;796732;https://open.spotify.com/track/0JYEUl8iJovowKP7Xi6mSM;D:\dev\SB19\saved_pages\sb19_g_pa_rin_ang_pasko_20260202_061214.html
2026-02-02 06:12:24;Ready, Set, G!;SB19;1134886;https://open.spotify.com/track/3RFGJAl8B1MiW4Ti6qvGeq;D:\dev\SB19\saved_pages\sb19_ready_set_g_20260202_061224.html
2026-02-02 06:12:33;We Wish You A Merry GCash;SB19;1325919;https://open.spotify.com/track/7H2N6amk6lmn9oahy3qxQl;D:\dev\SB19\saved_pages\sb19_we_wish_you_a_merry_gcash_20260202_061233.html
2026-02-02 06:12:43;Make It Merry, I-GCash Mo;SB19;1014819;https://open.spotify.com/track/1cTLpJs2LHvA0q5Z6YWzbD;D:\dev\SB19\saved_pages\sb19_make_it_merry_i_gcash_mo_20260202_061243.html
2026-02-02 06:12:53;Tara, Summer Na!;SB19;1905746;https://open.spotify.com/track/5RbO3gk0BiIfoFop0un9Dn;D:\dev\SB19\saved_pages\sb19_tara_summer_na_20260202_061253.html
2026-02-02 06:13:02;TM Doble Dekada (Samahang Pina-Easy);SB19;2854333;https://open.spotify.com/track/5pSDEveqgXTvPU102hAIY1;D:\dev\SB19\saved_pages\sb19_tm_doble_dekada_samahang_pina_easy_20260202_061302.html
2026-02-02 06:13:12;Dobleng GV sa FunPasko (Noon, Ngayon, Palagi);SB19;674536;https://open.spotify.com/track/5hVNG3wLy8rSSCqShicG4I;D:\dev\SB19\saved_pages\sb19_dobleng_gv_sa_funpasko_noon_ngayon_palagi_20260202_061312.html
2026-02-02 06:13:22;TM FunPasko (Samahang Pina-Easy);SB19;904596;https://open.spotify.com/track/1ZLVZ75W0ZNqiuzQPbz3ZG;D:\dev\SB19\saved_pages\sb19_tm_funpasko_samahang_pina_easy_20260202_061321.html
2026-02-02 06:13:31;Push Ang Pusuan;SB19;3490244;https://open.spotify.com/track/2hUZkOBSRlp6uB9hXvYgPi;D:\dev\SB19\saved_pages\sb19_push_ang_pusuan_20260202_061331.html
2026-02-02 06:13:41;Team Tayo;SB19;1058730;https://open.spotify.com/track/3aKVPphQZ3kjwY7Tn1TUhP;D:\dev\SB19\saved_pages\sb19_team_tayo_20260202_061341.html
2026-02-02 06:13:50;Ating Pasko;SB19;2428431;https://open.spotify.com/track/7y5C9pM3gt7WNoiSzFHcGN;D:\dev\SB19\saved_pages\sb19_ating_pasko_20260202_061350.html
2026-02-02 06:14:00;La Luna;PABLO;17453832;https://open.spotify.com/track/01NEcBpMXPQNxONQnObJJ3;D:\dev\SB19\saved_pages\pablo_la_luna_20260202_061400.html
2026-02-02 06:14:09;Presyon;PABLO;2657508;https://open.spotify.com/track/7cErqp4Jg64PcqAE0uYeZP;D:\dev\SB19\saved_pages\pablo_presyon_20260202_061409.html
2026-02-02 06:14:19;Wala;PABLO;2891105;https://open.spotify.com/track/5gLNDt687YE0Zgad2yaaAD;D:\dev\SB19\saved_pages\pablo_wala_20260202_061419.html
2026-02-02 06:14:30;The Boy Who Cried Wolf;PABLO;4913029;https://open.spotify.com/track/3dNKnbTBjliNTwCeLqlMG3;D:\dev\SB19\saved_pages\pablo_the_boy_who_cried_wolf_20260202_061430.html
2026-02-02 06:14:39;Kumunoy;PABLO;4002214;https://open.spotify.com/track/6WkQrra0cZQAo42aMxdT2X;D:\dev\SB19\saved_pages\pablo_kumunoy_20260202_061439.html
2026-02-02 06:14:49;Kelan;PABLO;2453675;https://open.spotify.com/track/39aItIaR9sIBz3EP8RXuhs;D:\dev\SB19\saved_pages\pablo_kelan_20260202_061449.html
2026-02-02 06:14:58;Drowning in the Water;PABLO;5656122;https://open.spotify.com/track/6065mStxNxs8sCy3yCrg8H;D:\dev\SB19\saved_pages\pablo_drowning_in_the_water_20260202_061458.html
2026-02-02 06:15:08;Breathe (Outro);PABLO;1901891;https://open.spotify.com/track/2lKyuf60Q5qSwTF0dl7qM6;D:\dev\SB19\saved_pages\pablo_breathe_outro_20260202_061508.html
2026-02-02 06:15:18;Neumun;PABLO;3677987;https://open.spotify.com/track/4DF1e91DMTM4oTpW8jgsP2;D:\dev\SB19\saved_pages\pablo_neumun_20260202_061517.html
2026-02-02 06:15:27;Don't Care;PABLO;2798861;https://open.spotify.com/track/06YsrZvTJmdPNXY5La1jFK;D:\dev\SB19\saved_pages\pablo_don_t_care_20260202_061527.html
2026-02-02 06:15:37;Butata;PABLO;6670830;https://open.spotify.com/track/68hXl4L5vCusj8U2QlC73D;D:\dev\SB19\saved_pages\pablo_butata_20260202_061537.html
2026-02-02 06:15:46;Puyat;PABLO;3206204;https://open.spotify.com/track/5EiD5Pk0Wv6dkHS1ZpNvzE;D:\dev\SB19\saved_pages\pablo_puyat_20260202_061546.html
2026-02-02 06:15:56;Blessed;PABLO;4080871;https://open.spotify.com/track/4hdPboEAxOZjaaHML4q62u;D:\dev\SB19\saved_pages\pablo_blessed_20260202_061556.html
2026-02-02 06:16:05;Tambol (Ibang Planeta);PABLO;2510589;https://open.spotify.com/track/753jWXJVBxK6cuYDUVbeux;D:\dev\SB19\saved_pages\pablo_tambol_ibang_planeta_20260202_061605.html
2026-02-02 06:16:15;Micha!;PABLO;3483430;https://open.spotify.com/track/7F3NzrsN3zNGcIP2FbUYUo;D:\dev\SB19\saved_pages\pablo_micha_20260202_061615.html
2026-02-02 06:16:25;DETERMINADO;PABLO;6333030;https://open.spotify.com/track/0hQJzMEbXg8ssQwgMbJUbw;D:\dev\SB19\saved_pages\pablo_determinado_20260202_061624.html
2026-02-02 06:16:34;AKALA;PABLO;5392370;https://open.spotify.com/track/5w4CLRxwroocAzFiJ568oY;D:\dev\SB19\saved_pages\pablo_akala_20260202_061634.html
2026-02-02 06:16:44;edsa;PABLO;7857459;https://open.spotify.com/track/64p2tRd4zsBsJUucEnfWrX;D:\dev\SB19\saved_pages\pablo_edsa_20260202_061644.html
2026-02-02 06:16:55;Liwanag sa Dilim (from Incognito);PABLO;6362326;https://open.spotify.com/track/3Ynpt5qseTmDdl9bN21FNJ;D:\dev\SB19\saved_pages\pablo_liwanag_sa_dilim_from_incognito_20260202_061655.html
2026-02-02 06:17:04;Palayo;FELIP;12339744;https://open.spotify.com/track/3FvYLNM5ShB5vDCzGw8syX;D:\dev\SB19\saved_pages\felip_palayo_20260202_061704.html
2026-02-02 06:17:14;Bulan;FELIP;6693319;https://open.spotify.com/track/2qYmu6Obx3NW1VeNOiCFMK;D:\dev\SB19\saved_pages\felip_bulan_20260202_061714.html
2026-02-02 06:17:23;ROCKSTA;FELIP;6409528;https://open.spotify.com/track/5UhtleGyBZJCvG8cstjLkr;D:\dev\SB19\saved_pages\felip_rocksta_20260202_061723.html
2026-02-02 06:17:33;SUPERIORITY;FELIP;3693185;https://open.spotify.com/track/3Tzmy7ExNOlP0tdDr9sjUT;D:\dev\SB19\saved_pages\felip_superiority_20260202_061733.html
2026-02-02 06:17:43;MICTEST;FELIP;4225991;https://open.spotify.com/track/5MC8Oxr5FTIQYJ6f7Cg6gR;D:\dev\SB19\saved_pages\felip_mictest_20260202_061742.html
2026-02-02 06:17:52;DRINKSMOKE;FELIP;5266774;https://open.spotify.com/track/29UIvWBrkjWtVuSEyexLt1;D:\dev\SB19\saved_pages\felip_drinksmoke_20260202_061752.html
2026-02-02 06:18:02;CRIMINAL;FELIP;6575812;https://open.spotify.com/track/4YPz66cDppOl9KVUOCpBV5;D:\dev\SB19\saved_pages\felip_criminal_20260202_061802.html
2026-02-02 06:18:11;STRAYDOGS;FELIP;5590434;https://open.spotify.com/track/03aFaNBeCXmFl194HuyWKe;D:\dev\SB19\saved_pages\felip_straydogs_20260202_061811.html
2026-02-02 06:18:21;Kanako;FELIP;9797454;https://open.spotify.com/track/76hOMoRACZOQq5CfqSNU9i;D:\dev\SB19\saved_pages\felip_kanako_20260202_061821.html
2026-02-02 06:18:30;Moving Closer;FELIP;10342611;https://open.spotify.com/track/59PCn7ObERln3cPl84CGx6;D:\dev\SB19\saved_pages\felip_moving_closer_20260202_061830.html
2026-02-02 06:18:40;FLYYY;FELIP;3517867;https://open.spotify.com/track/0PWBx43woMnsyUC72NC1Gl;D:\dev\SB19\saved_pages\felip_flyyy_20260202_061840.html
2026-02-02 06:18:50;Pagdali;FELIP;3416269;https://open.spotify.com/track/7fMR5ryCo3m38yyj1PCym4;D:\dev\SB19\saved_pages\felip_pagdali_20260202_061849.html
2026-02-02 06:18:59;Fake Faces;FELIP;8812417;https://open.spotify.com/track/4ntKnZnztFdovszJpIoeVO;D:\dev\SB19\saved_pages\felip_fake_faces_20260202_061859.html
2026-02-02 06:19:09;foes;FELIP;2397466;https://open.spotify.com/track/5IyWs6bAMeT9vPUiUVgSdd;D:\dev\SB19\saved_pages\felip_foes_20260202_061909.html
2026-02-02 06:19:20;envy;FELIP;3424849;https://open.spotify.com/track/6uJggzzrSE5tK9CRTZejgm;D:\dev\SB19\saved_pages\felip_envy_20260202_061919.html
2026-02-02 06:19:29;wrath;FELIP;2033349;https://open.spotify.com/track/12VANuhDUHnXRtRG6YP72a;D:\dev\SB19\saved_pages\felip_wrath_20260202_061929.html
2026-02-02 06:19:39;greed;FELIP;3331750;https://open.spotify.com/track/3foNAstTb7fdbbfFnKwn28;D:\dev\SB19\saved_pages\felip_greed_20260202_061939.html
2026-02-02 06:19:48;pride;FELIP;1928875;https://open.spotify.com/track/1jZET8rPE5RWZZrkCM2toY;D:\dev\SB19\saved_pages\felip_pride_20260202_061948.html
2026-02-02 06:19:58;gluttony;FELIP;1725275;https://open.spotify.com/track/216LlnUj3GfZ0yE2hXZxm0;D:\dev\SB19\saved_pages\felip_gluttony_20260202_061958.html
2026-02-02 06:20:07;lust;FELIP;3512727;https://open.spotify.com/track/70kZ4pCeZ0WIanftduEDov;D:\dev\SB19\saved_pages\felip_lust_20260202_062007.html
2026-02-02 06:20:17;sloth;FELIP;2559292;https://open.spotify.com/track/6PJLoGD9KpyMSx8j7vVWHq;D:\dev\SB19\saved_pages\felip_sloth_20260202_062017.html
2026-02-02 06:20:27;ache;FELIP;4533842;https://open.spotify.com/track/3G3ZYOLBcjbIv0GDlIoZeh;D:\dev\SB19\saved_pages\felip_ache_20260202_062027.html
2026-02-02 06:20:36;ID;FELIP;2410141;https://open.spotify.com/track/2cXkFKFgEW5Myc0yNy6CqL;D:\dev\SB19\saved_pages\felip_id_20260202_062036.html
2026-02-02 06:20:46;KAWASAKI;FELIP;1672147;https://open.spotify.com/track/37ifPBg9M2NzlRNHe9WUIy;D:\dev\SB19\saved_pages\felip_kawasaki_20260202_062046.html
2026-02-02 06:20:55;Palayo - Live Band Ver;FELIP;2232046;https://open.spotify.com/track/6gdcXFz1q9WKAlB2ybVM3F;D:\dev\SB19\saved_pages\felip_palayo_live_band_ver_20260202_062055.html
2026-02-02 06:21:05;Bulan - Live Band Ver;FELIP;1949187;https://open.spotify.com/track/048YgXKAXF8eTwMCfYylhD;D:\dev\SB19\saved_pages\felip_bulan_live_band_ver_20260202_062105.html
2026-02-02 06:21:15;Palayo Inst.;FELIP;1261519;https://open.spotify.com/track/2RfXO3QnM6gG75Pxu04OqS;D:\dev\SB19\saved_pages\felip_palayo_inst_20260202_062115.html
2026-02-02 06:21:24;Bulan Inst.;FELIP;1186478;https://open.spotify.com/track/4iGoucvzYCbJtG4n4wnJjB;D:\dev\SB19\saved_pages\felip_bulan_inst_20260202_062124.html
2026-02-02 06:21:34;Moving Closer - From The Cafe;FELIP;2213491;https://open.spotify.com/track/1kAyLWCiJfTDhm56kaOXnO;D:\dev\SB19\saved_pages\felip_moving_closer_from_the_cafe_20260202_062134.html
2026-02-02 06:21:43;Moving Closer - From The Lounge;FELIP;1537023;https://open.spotify.com/track/0cd2BCuzH8Vub1cS2eKU7M;D:\dev\SB19\saved_pages\felip_moving_closer_from_the_lounge_20260202_062143.html
2026-02-02 06:21:53;ID (new version);FELIP;199271;https://open.spotify.com/track/7Fu45FLLaE1s0eg8DF5UqT;D:\dev\SB19\saved_pages\felip_id_new_version_20260202_062153.html
2026-02-02 06:22:02;ROCKSTA (Superior Session Live);FELIP;1503251;https://open.spotify.com/track/5EP2vLFwMHpWFWeZVvt3jU;D:\dev\SB19\saved_pages\felip_rocksta_superior_session_live_20260202_062202.html
2026-02-02 06:22:12;SUPERIORITY (Superior Session Live);FELIP;1403422;https://open.spotify.com/track/5VmjG0uTHcrn43Ynetfomd;D:\dev\SB19\saved_pages\felip_superiority_superior_session_live_20260202_062212.html
2026-02-02 06:22:22;MICTEST (Superior Session Live);FELIP;1334254;https://open.spotify.com/track/0FW1fvsv00RCGNPjVHJg3x;D:\dev\SB19\saved_pages\felip_mictest_superior_session_live_20260202_062221.html
2026-02-02 06:22:31;DRINKSMOKE (Superior Session Live);FELIP;1514713;https://open.spotify.com/track/5Iw7boOrwCpWlaJtNTTHG6;D:\dev\SB19\saved_pages\felip_drinksmoke_superior_session_live_20260202_062231.html
2026-02-02 06:22:41;CRIMINAL (Superior Session Live);FELIP;1707078;https://open.spotify.com/track/2FxQjJcpsdHQHTqjVhlqP4;D:\dev\SB19\saved_pages\felip_criminal_superior_session_live_20260202_062241.html
2026-02-02 06:22:50;STRAYDOGS (Superior Session Live);FELIP;1338048;https://open.spotify.com/track/4W28quZaVhLdbpojBeooaZ;D:\dev\SB19\saved_pages\felip_straydogs_superior_session_live_20260202_062250.html
2026-02-02 06:23:00;to sin is human, to forgive is divine - live;FELIP;158596;https://open.spotify.com/track/5lbuH5ieouWZ43qHAcCK08;D:\dev\SB19\saved_pages\felip_to_sin_is_human_to_forgive_is_divine_live_20260202_062300.html
2026-02-02 06:23:10;foes - live;FELIP;151770;https://open.spotify.com/track/44TFeq1FSLniRzbThYVWom;D:\dev\SB19\saved_pages\felip_foes_live_20260202_062310.html
2026-02-02 06:23:19;envy - live;FELIP;134488;https://open.spotify.com/track/41gwpmt6wVdwDgjE430dm6;D:\dev\SB19\saved_pages\felip_envy_live_20260202_062319.html
2026-02-02 06:23:29;greed - live;FELIP;145220;https://open.spotify.com/track/5fWWoFfmqwBhBq93Rc6YqB;D:\dev\SB19\saved_pages\felip_greed_live_20260202_062329.html
2026-02-02 06:23:39;lust - live;FELIP;141101;https://open.spotify.com/track/2hlY0jd3uRy5i7SuN1oz7Z;D:\dev\SB19\saved_pages\felip_lust_live_20260202_062339.html
2026-02-02 06:23:49;pride - live;FELIP;127348;https://open.spotify.com/track/45ZCoFCk3DL7d84d7bwWdz;D:\dev\SB19\saved_pages\felip_pride_live_20260202_062348.html
2026-02-02 06:23:58;gluttony (feat. PLAYERTWO) - live;FELIP;128774;https://open.spotify.com/track/0HaZMHBzZOYqdEcCtzAHEU;D:\dev\SB19\saved_pages\felip_gluttony_feat_playertwo_live_20260202_062358.html
2026-02-02 06:24:08;wrath - live;FELIP;140798;https://open.spotify.com/track/5ykca7sZJ8OAUepkUGIdRE;D:\dev\SB19\saved_pages\felip_wrath_live_20260202_062408.html
2026-02-02 06:24:17;tokyo - live;FELIP;613871;https://open.spotify.com/track/5KKi1lmsdHfm4IYZ1YSy94;D:\dev\SB19\saved_pages\felip_tokyo_live_20260202_062417.html
2026-02-02 06:24:27;sloth - live;FELIP;136187;https://open.spotify.com/track/6dmzbxC4WjfB3ucXZUUaO5;D:\dev\SB19\saved_pages\felip_sloth_live_20260202_062427.html
2026-02-02 06:24:36;grace - live;FELIP;143292;https://open.spotify.com/track/6HsmDcIbYCn7YzWBUKEucW;D:\dev\SB19\saved_pages\felip_grace_live_20260202_062436.html
2026-02-02 06:24:46;ache - live;FELIP;167769;https://open.spotify.com/track/4lQY03QyHAKDj6XdDgVDcL;D:\dev\SB19\saved_pages\felip_ache_live_20260202_062446.html
2026-02-02 06:24:56;WILD TONIGHT;JOSH CULLEN;9741098;https://open.spotify.com/track/4yBwaJUom5dOYp54wU6hA2;D:\dev\SB19\saved_pages\josh_cullen_wild_tonight_20260202_062456.html
2026-02-02 06:25:05;Pakiusap Lang;JOSH CULLEN;5263251;https://open.spotify.com/track/6trU06kJgdYaPqRUvz5K9e;D:\dev\SB19\saved_pages\josh_cullen_pakiusap_lang_20260202_062505.html
2026-02-02 06:25:15;GET RIGHT;JOSH CULLEN;4619142;https://open.spotify.com/track/56FnjRDkdoCV5lVSyuQ9MU;D:\dev\SB19\saved_pages\josh_cullen_get_right_20260202_062515.html
2026-02-02 06:25:24;Yoko Na;JOSH CULLEN;10374275;https://open.spotify.com/track/6SIaYQUPOJpO8XFWeTl5dC;D:\dev\SB19\saved_pages\josh_cullen_yoko_na_20260202_062524.html
2026-02-02 06:25:34;1999;JOSH CULLEN;6243098;https://open.spotify.com/track/0PMfgKba5PLGETb02cDcMg;D:\dev\SB19\saved_pages\josh_cullen_1999_20260202_062534.html
2026-02-02 06:25:43;See Me;JOSH CULLEN;2924187;https://open.spotify.com/track/5jH6p468HtmNHdJiubGQ6t;D:\dev\SB19\saved_pages\josh_cullen_see_me_20260202_062543.html
2026-02-02 06:25:53;Silent Cries;JOSH CULLEN;3833776;https://open.spotify.com/track/1x0Y2jS5oJW4Q3aU9jZBER;D:\dev\SB19\saved_pages\josh_cullen_silent_cries_20260202_062553.html
2026-02-02 06:26:03;Honest;JOSH CULLEN;2646523;https://open.spotify.com/track/1Rl5KDAu4wrUsQZZtD2hiy;D:\dev\SB19\saved_pages\josh_cullen_honest_20260202_062602.html
2026-02-02 06:26:12;No Control;JOSH CULLEN;2197063;https://open.spotify.com/track/0Rg0DIhiShdvZvF7snNZIt;D:\dev\SB19\saved_pages\josh_cullen_no_control_20260202_062612.html
2026-02-02 06:26:22;Lights Out;JOSH CULLEN;1959132;https://open.spotify.com/track/2TQQX4gYeQmobxNEXwtrZ3;D:\dev\SB19\saved_pages\josh_cullen_lights_out_20260202_062622.html
2026-02-02 06:26:31;Sumaya;JOSH CULLEN;5317543;https://open.spotify.com/track/2qKu8tPpilCBJqxzGWcOaC;D:\dev\SB19\saved_pages\josh_cullen_sumaya_20260202_062631.html
2026-02-02 06:26:41;Silent Cries (Instrumental);JOSH CULLEN;533033;https://open.spotify.com/track/5FQodaxJAZTUPjdpbDT9pa;D:\dev\SB19\saved_pages\josh_cullen_silent_cries_instrumental_20260202_062641.html
2026-02-02 06:26:51;No Control (Instrumental);JOSH CULLEN;520128;https://open.spotify.com/track/65LG9NubWQtyImpyNXotHo;D:\dev\SB19\saved_pages\josh_cullen_no_control_instrumental_20260202_062650.html
2026-02-02 06:27:00;Takbuhan;JOSH CULLEN;921537;https://open.spotify.com/track/3RCVzaTWA7h1SR0nWQtIk1;D:\dev\SB19\saved_pages\josh_cullen_takbuhan_20260202_062700.html
2026-02-02 06:27:10;Re: Thinkin' About You;JOSH CULLEN;4256711;https://open.spotify.com/track/2R1CjdVdXz7frvQRwCdQa6;D:\dev\SB19\saved_pages\josh_cullen_re_thinkin_about_you_20260202_062710.html
2026-02-02 06:27:19;Room;Stell;12022340;https://open.spotify.com/track/1PLKN0HC7m5drBHg0jarZE;D:\dev\SB19\saved_pages\stell_room_20260202_062719.html
2026-02-02 06:27:29;Anino;Stell;6099734;https://open.spotify.com/track/5tMJZOyBv8t49i9elHuQZF;D:\dev\SB19\saved_pages\stell_anino_20260202_062729.html
2026-02-02 06:27:38;'Di Ko Masabi;Stell;7651759;https://open.spotify.com/track/3JEE0hhTI6u9CEZCZWalKe;D:\dev\SB19\saved_pages\stell_di_ko_masabi_20260202_062738.html
2026-02-02 06:27:48;Classic;Stell;6564631;https://open.spotify.com/track/15bdfvbGida1Z8OVZ0YvSQ;D:\dev\SB19\saved_pages\stell_classic_20260202_062748.html
2026-02-02 06:27:57;Room (Stripped);Stell;4780389;https://open.spotify.com/track/6fwpkEZRQZ8Kr5Ws4q0Kyn;D:\dev\SB19\saved_pages\stell_room_stripped_20260202_062757.html
2026-02-02 06:28:07;Surreal;justin;14981669;https://open.spotify.com/track/5TT4xi1HEPTkVTO59jY3tz;D:\dev\SB19\saved_pages\justin_surreal_20260202_062807.html
2026-02-02 06:28:17;Sunday Morning;justin;5442076;https://open.spotify.com/track/3sp427zYHOXL3LPCYgwuRv;D:\dev\SB19\saved_pages\justin_sunday_morning_20260202_062816.html
2026-02-02 06:28:26;Kaibigan;justin;8811606;https://open.spotify.com/track/3rwioq6hSNjwynK8rVPCma;D:\dev\SB19\saved_pages\justin_kaibigan_20260202_062826.html
2026-02-02 06:28:36;Sampung Mga Daliri;justin;7572280;https://open.spotify.com/track/2MHg2BVPaTgiCUDWp2jZqf;D:\dev\SB19\saved_pages\justin_sampung_mga_daliri_20260202_062836.html
2026-02-02 06:28:45;Sampung Mga Daliri (Reimagined Version);justin;717468;https://open.spotify.com/track/4nnhn2O5oQmPC2HedN5W4b;D:\dev\SB19\saved_pages\justin_sampung_mga_daliri_reimagined_version_20260202_062845.html
2026-02-02 06:28:55;Sampung Mga Daliri (Acoustic Version);justin;1579005;https://open.spotify.com/track/0WoGaGmUip0OPQ662Drdlj;D:\dev\SB19\saved_pages\justin_sampung_mga_daliri_acoustic_version_20260202_062855.html
2026-02-02 06:29:04;GENTO - From THE FIRST TAKE;SB19;7058126;https://open.spotify.com/track/2h7syqD1QScej4PqMxJfp2;D:\dev\SB19\saved_pages\sb19_gento_from_the_first_take_20260202_062904.html
2026-02-02 06:29:14;MAPA - From THE FIRST TAKE;SB19;5202266;https://open.spotify.com/track/4MZbVDIPOYmPkjcVqpPe9v;D:\dev\SB19\saved_pages\sb19_mapa_from_the_first_take_20260202_062914.html
2026-02-02 06:29:23;DAM - From THE FIRST TAKE;SB19;2112478;https://open.spotify.com/track/14WOLW4oTwD7Mh9eb0hLDs;D:\dev\SB19\saved_pages\sb19_dam_from_the_first_take_20260202_062923.html
2026-02-02 06:29:33;Time - From THE FIRST TAKE;SB19;2255109;https://open.spotify.com/track/1ctnGFHyklJbmHLyaDYtyg;D:\dev\SB19\saved_pages\sb19_time_from_the_first_take_20260202_062933.html
2026-02-02 06:29:43;Moonlight (Ian Asher Club Mix);SB19;2952380;https://open.spotify.com/track/5YYzdzlunDyLDwlM40W0Gc;D:\dev\SB19\saved_pages\sb19_moonlight_ian_asher_club_mix_20260202_062943.html
2026-02-02 06:29:52;Umaaligid (Extended Ver.);SB19;2741149;https://open.spotify.com/track/1XFHLGwXrlL0FpJgRcFYTI;D:\dev\SB19\saved_pages\sb19_umaaligid_extended_ver_20260202_062952.html
2026-02-02 06:30:02;Love Yours (DIOR & RealBros Remix);SB19;867710;https://open.spotify.com/track/3qw9D8YC0sezDriUMx5lRG;D:\dev\SB19\saved_pages\sb19_love_yours_dior_realbros_remix_20260202_063002.html
2026-02-02 06:30:11;What? - Extended Version;SB19;6309041;https://open.spotify.com/track/7jn2llkeDI9IRROCYNa7sL;D:\dev\SB19\saved_pages\sb19_what_extended_version_20260202_063011.html
2026-02-03 06:00:19;Tilaluha;SB19;23669956;https://open.spotify.com/track/0fPJsVtCOXqjHxKS9kc13s;D:\dev\SB19\saved_pages\sb19_tilaluha_20260203_060019.html
2026-02-03 06:00:28;Go Up;SB19;26811822;https://open.spotify.com/track/5VoY18OYEE2E6RJCBd2jki;D:\dev\SB19\saved_pages\sb19_go_up_20260203_060028.html
2026-02-03 06:00:38;Alab (Burning);SB19;22626047;https://open.spotify.com/track/053ZzdU3Rya4NMxiWMPqnq;D:\dev\SB19\saved_pages\sb19_alab_burning_20260203_060038.html
2026-02-03 06:00:48;Hanggang Sa Huli;SB19;32309858;https://open.spotify.com/track/2WUhR1SraSy0SVIQKohJb6;D:\dev\SB19\saved_pages\sb19_hanggang_sa_huli_20260203_060048.html
2026-02-03 06:00:57;Love Goes;SB19;11160092;https://open.spotify.com/track/5p70OUKixtLRpnK5uSdqro;D:\dev\SB19\saved_pages\sb19_love_goes_20260203_060057.html
2026-02-03 06:01:07;Love Goes (EDM Version);SB19;7150371;https://open.spotify.com/track/0LAh3hfeuUekvLm3Nq6MmA;D:\dev\SB19\saved_pages\sb19_love_goes_edm_version_20260203_060107.html
2026-02-03 06:01:16;'Wag Mong Ikunot Ang Iyong Noo;SB19;9482542;https://open.spotify.com/track/5sJxhdzehdLq9iPzNnTR71;D:\dev\SB19\saved_pages\sb19_wag_mong_ikunot_ang_iyong_noo_20260203_060116.html
2026-02-03 06:01:26;Tilaluha (Instrumental);SB19;2214556;https://open.spotify.com/track/5lMxdErNKHh797tOT3mBvk;D:\dev\SB19\saved_pages\sb19_tilaluha_instrumental_20260203_060126.html
2026-02-03 06:01:36;Hanggang Sa Huli (Instrumental);SB19;2323397;https://open.spotify.com/track/6JZkWjVjOQAUPzNfGr4Dp0;D:\dev\SB19\saved_pages\sb19_hanggang_sa_huli_instrumental_20260203_060136.html
2026-02-03 06:01:45;What?;SB19;25745850;https://open.spotify.com/track/1evZendZnEe8a8eXjd1Bcn;D:\dev\SB19\saved_pages\sb19_what_20260203_060145.html
2026-02-03 06:01:55;MAPA;SB19;86141202;https://open.spotify.com/track/6Fz2TpxUD0YvAPsuG8nDMJ;D:\dev\SB19\saved_pages\sb19_mapa_20260203_060155.html
2026-02-03 06:02:05;Bazinga;SB19;31818338;https://open.spotify.com/track/5QZw4F3N3PvuKNKHm9L20b;D:\dev\SB19\saved_pages\sb19_bazinga_20260203_060204.html
2026-02-03 06:02:14;SLMT;SB19;17512127;https://open.spotify.com/track/0AbJoAxuqYgMrmXvtFOc0K;D:\dev\SB19\saved_pages\sb19_slmt_20260203_060214.html
2026-02-03 06:02:24;Mana;SB19;20820010;https://open.spotify.com/track/0EtkP3TUHvTeDIgrpgMS8m;D:\dev\SB19\saved_pages\sb19_mana_20260203_060224.html
2026-02-03 06:02:33;Ikako;SB19;14779210;https://open.spotify.com/track/5qHUmt5jIvDaOzMXiX533o;D:\dev\SB19\saved_pages\sb19_ikako_20260203_060233.html
2026-02-03 06:02:43;Gento;SB19;75968858;https://open.spotify.com/track/1o6uF8VmXna99ysHTcQRI2;D:\dev\SB19\saved_pages\sb19_gento_20260203_060243.html
2026-02-03 06:02:53;I Want You;SB19;31610117;https://open.spotify.com/track/16GGH8OF6LiSUTTbm8421f;D:\dev\SB19\saved_pages\sb19_i_want_you_20260203_060252.html
2026-02-03 06:03:02;Ilaw;SB19;19780159;https://open.spotify.com/track/4zoqT3f80GyytJvnhVHgEl;D:\dev\SB19\saved_pages\sb19_ilaw_20260203_060302.html
2026-02-03 06:03:12;Crimzone;SB19;25416284;https://open.spotify.com/track/5GcS9zT4iIL7l0JrqZeG6O;D:\dev\SB19\saved_pages\sb19_crimzone_20260203_060312.html
2026-02-03 06:03:21;LIHAM;SB19;20179864;https://open.spotify.com/track/5MQ1nQ0MZMRO4yPQWdCeEb;D:\dev\SB19\saved_pages\sb19_liham_20260203_060321.html
2026-02-03 06:03:31;Freedom;SB19;16463102;https://open.spotify.com/track/2CuYpdcx2f9XbMZhc3ST8E;D:\dev\SB19\saved_pages\sb19_freedom_20260203_060331.html
2026-02-03 06:03:41;DAM;SB19;60840559;https://open.spotify.com/track/1NNsL6tYk06TqTea3mKB9P;D:\dev\SB19\saved_pages\sb19_dam_20260203_060341.html
2026-02-03 06:03:50;Time;SB19;22104904;https://open.spotify.com/track/1OvE4CwaIZJ89Eq0qXGCEF;D:\dev\SB19\saved_pages\sb19_time_20260203_060350.html
2026-02-03 06:04:00;8TonBall;SB19;16017697;https://open.spotify.com/track/7AqrfyOdFWPnjQrgzWzcUz;D:\dev\SB19\saved_pages\sb19_8tonball_20260203_060400.html
2026-02-03 06:04:10;Quit;SB19;17083263;https://open.spotify.com/track/7oIQWmbKShhEt2yTSBxNpu;D:\dev\SB19\saved_pages\sb19_quit_20260203_060410.html
2026-02-03 06:04:19;Shooting for the Stars;SB19;14999176;https://open.spotify.com/track/6q3qzeZgWgoFrV6DmaZr1R;D:\dev\SB19\saved_pages\sb19_shooting_for_the_stars_20260203_060419.html
2026-02-03 06:04:29;Dungka!;SB19;27880758;https://open.spotify.com/track/7mqsPvhSR1CtY6PkTf1YVy;D:\dev\SB19\saved_pages\sb19_dungka_20260203_060429.html
2026-02-03 06:04:39;DAM (Extended Ver.);SB19;18879329;https://open.spotify.com/track/0pjhHUx21NsPuSCH0H3lW6;D:\dev\SB19\saved_pages\sb19_dam_extended_ver_20260203_060439.html
2026-02-03 06:04:48;What? (Simula at Wakas Tour Kickoff);SB19;153890;https://open.spotify.com/track/4FEhO3lDTOseNLhBNBAvpW;D:\dev\SB19\saved_pages\sb19_what_simula_at_wakas_tour_kickoff_20260203_060448.html
2026-02-03 06:04:58;GENTO (Simula at Wakas Tour Kickoff);SB19;144944;https://open.spotify.com/track/1BYHhhwMf7QRr2a7p64tRU;D:\dev\SB19\saved_pages\sb19_gento_simula_at_wakas_tour_kickoff_20260203_060458.html
2026-02-03 06:05:07;Mana (Simula at Wakas Tour Kickoff);SB19;141918;https://open.spotify.com/track/4LPgthOM2aB1mbPIxgZy8P;D:\dev\SB19\saved_pages\sb19_mana_simula_at_wakas_tour_kickoff_20260203_060507.html
2026-02-03 06:05:17;Moonlight (Simula at Wakas Tour Kickoff);SB19;209290;https://open.spotify.com/track/5N3AnPqWcSDNLGbSr1etzb;D:\dev\SB19\saved_pages\sb19_moonlight_simula_at_wakas_tour_kickoff_20260203_060517.html
2026-02-03 06:05:27;I WANT YOU (Simula at Wakas Tour Kickoff);SB19;175875;https://open.spotify.com/track/5V0qUkMEIac9nis4SDb2XD;D:\dev\SB19\saved_pages\sb19_i_want_you_simula_at_wakas_tour_kickoff_20260203_060527.html
2026-02-03 06:05:36;WYAT (Where You At) (Simula at Wakas Tour Kickoff);SB19;141408;https://open.spotify.com/track/0VUpreONXiBKhTmg7LNWS6;D:\dev\SB19\saved_pages\sb19_wyat_where_you_at_simula_at_wakas_tour_kickoff_20260203_060536.html
2026-02-03 06:05:46;DUNGKA! (Simula at Wakas Tour Kickoff);SB19;132180;https://open.spotify.com/track/4ZUl5u7opmH0U5vULsSbPe;D:\dev\SB19\saved_pages\sb19_dungka_simula_at_wakas_tour_kickoff_20260203_060546.html
2026-02-03 06:05:55;Bazinga (Simula at Wakas Tour Kickoff);SB19;131947;https://open.spotify.com/track/6CfcGGotSNm6kpG0zxPXrc;D:\dev\SB19\saved_pages\sb19_bazinga_simula_at_wakas_tour_kickoff_20260203_060555.html
2026-02-03 06:06:05;8TonBall (Simula at Wakas Tour Kickoff);SB19;132669;https://open.spotify.com/track/54UfPbjMn8dwtYazgHrydY;D:\dev\SB19\saved_pages\sb19_8tonball_simula_at_wakas_tour_kickoff_20260203_060605.html
2026-02-03 06:06:14;CRIMZONE (Simula at Wakas Tour Kickoff);SB19;132028;https://open.spotify.com/track/1Sg2y4WDHzGRf4N03fUkep;D:\dev\SB19\saved_pages\sb19_crimzone_simula_at_wakas_tour_kickoff_20260203_060614.html
2026-02-03 06:06:24;Nyebe (Simula at Wakas Tour Kickoff);SB19;132129;https://open.spotify.com/track/3o09uzJFcSGLneWp3rCmsT;D:\dev\SB19\saved_pages\sb19_nyebe_simula_at_wakas_tour_kickoff_20260203_060624.html
2026-02-03 06:06:34;Time (Simula at Wakas Tour Kickoff);SB19;127932;https://open.spotify.com/track/1Qdo5W5rPNWhcHQOq1Pdl8;D:\dev\SB19\saved_pages\sb19_time_simula_at_wakas_tour_kickoff_20260203_060634.html
2026-02-03 06:06:43;ILAW (Simula at Wakas Tour Kickoff);SB19;135386;https://open.spotify.com/track/64BRHIKmpuMU7k435yRDAI;D:\dev\SB19\saved_pages\sb19_ilaw_simula_at_wakas_tour_kickoff_20260203_060643.html
2026-02-03 06:06:53;Quit (Simula at Wakas Tour Kickoff);SB19;129249;https://open.spotify.com/track/7ynFrYbCvOaqiwDmeQrWjt;D:\dev\SB19\saved_pages\sb19_quit_simula_at_wakas_tour_kickoff_20260203_060653.html
2026-02-03 06:07:02;MAPA (Simula at Wakas Tour Kickoff);SB19;119256;https://open.spotify.com/track/7v40dop6L3zF1ErVi1X4pj;D:\dev\SB19\saved_pages\sb19_mapa_simula_at_wakas_tour_kickoff_20260203_060702.html
2026-02-03 06:07:12;Shooting for the Stars (Simula at Wakas Tour Kickoff);SB19;119347;https://open.spotify.com/track/5ECgqO3ufZvZ4o3m2Ji3PA;D:\dev\SB19\saved_pages\sb19_shooting_for_the_stars_simula_at_wakas_tour_kickoff_20260203_060712.html
2026-02-03 06:07:22;FREEDOM (Simula at Wakas Tour Kickoff);SB19;109862;https://open.spotify.com/track/72b7uRYHaeLspB9rJqqd6e;D:\dev\SB19\saved_pages\sb19_freedom_simula_at_wakas_tour_kickoff_20260203_060722.html
2026-02-03 06:07:31;SLMT (Simula at Wakas Tour Kickoff);SB19;115627;https://open.spotify.com/track/0ABh4wrkVAalF1tY8H8lNc;D:\dev\SB19\saved_pages\sb19_slmt_simula_at_wakas_tour_kickoff_20260203_060731.html
2026-02-03 06:07:41;DAM (Simula at Wakas Tour Kickoff);SB19;113698;https://open.spotify.com/track/6r7bRefIOKOsImYLZLus3S;D:\dev\SB19\saved_pages\sb19_dam_simula_at_wakas_tour_kickoff_20260203_060741.html
2026-02-03 06:07:50;WYAT (Where You At);SB19;25091079;https://open.spotify.com/track/1z50Hub2XCsAPWo8zgoePu;D:\dev\SB19\saved_pages\sb19_wyat_where_you_at_20260203_060750.html
2026-02-03 06:08:00;Nyebe;SB19;18134753;https://open.spotify.com/track/6aLjE6peuaJQRWRgfjxrRw;D:\dev\SB19\saved_pages\sb19_nyebe_20260203_060800.html
2026-02-03 06:08:09;No Stopping You;SB19;8778081;https://open.spotify.com/track/3KDOf2p1DrKhiqX78R82sh;D:\dev\SB19\saved_pages\sb19_no_stopping_you_20260203_060809.html
2026-02-03 06:08:19;Ligaya;SB19;9720771;https://open.spotify.com/track/2lwaPRPgP9EaaMsbzVaZ3O;D:\dev\SB19\saved_pages\sb19_ligaya_20260203_060819.html
2026-02-03 06:08:29;MAPA (Band Version);SB19;27940382;https://open.spotify.com/track/0QQoU68nnBRWJqr9ak3mnS;D:\dev\SB19\saved_pages\sb19_mapa_band_version_20260203_060829.html
2026-02-03 06:08:38;Kabataang Pinoy;SB19;9107506;https://open.spotify.com/track/6aXWWGw7sQJLx82jZndSQZ;D:\dev\SB19\saved_pages\sb19_kabataang_pinoy_20260203_060838.html
2026-02-03 06:08:48;Win Your Heart;SB19;11092266;https://open.spotify.com/track/0DnNMu0v71ICscsyuQgmu3;D:\dev\SB19\saved_pages\sb19_win_your_heart_20260203_060848.html
2026-02-03 06:08:58;Christmas Party (SB19 Version);SB19;4467017;https://open.spotify.com/track/387ZTKanhRfPXazSyzTWUj;D:\dev\SB19\saved_pages\sb19_christmas_party_sb19_version_20260203_060858.html
2026-02-03 06:09:07;golden hour (SB19 Remix);SB19;21004176;https://open.spotify.com/track/4cGKycusCcECMX79k4NQwS;D:\dev\SB19\saved_pages\sb19_golden_hour_sb19_remix_20260203_060907.html
2026-02-03 06:09:17;Moonlight;SB19;22636051;https://open.spotify.com/track/1xAYG31LamC5qlykRhbWxd;D:\dev\SB19\saved_pages\sb19_moonlight_20260203_060917.html
2026-02-03 06:09:26;Ready;SB19;9735314;https://open.spotify.com/track/4JZocgyzKHdRF0iSOcodJn;D:\dev\SB19\saved_pages\sb19_ready_20260203_060926.html
2026-02-03 06:09:36;KALAKAL;SB19;21751021;https://open.spotify.com/track/1cFGU7MQu0mHS5uVyD1STP;D:\dev\SB19\saved_pages\sb19_kalakal_20260203_060936.html
2026-02-03 06:09:46;MAPA (Indonesian Version);SB19;7424019;https://open.spotify.com/track/23FJNFAeNLzAuFORNvyBFf;D:\dev\SB19\saved_pages\sb19_mapa_indonesian_version_20260203_060946.html
2026-02-03 06:09:55;Umaaligid;SB19;13142097;https://open.spotify.com/track/5XYYmsZJG5qIBAniny4bHe;D:\dev\SB19\saved_pages\sb19_umaaligid_20260203_060955.html
2026-02-03 06:10:05;Burn The Flame;SB19;3064023;https://open.spotify.com/track/3mvN8n8mg7X41CbGvc7xYU;D:\dev\SB19\saved_pages\sb19_burn_the_flame_20260203_061005.html
2026-02-03 06:10:15;Burn The Flame (Taglish Version);SB19;833158;https://open.spotify.com/track/0aKGIF1iGjV6D6vXYDJgyy;D:\dev\SB19\saved_pages\sb19_burn_the_flame_taglish_version_20260203_061014.html
2026-02-03 06:10:24;Burn The Flame (Karaoke Version);SB19;200688;https://open.spotify.com/track/38UTDIDP582bP8ZAU20bsT;D:\dev\SB19\saved_pages\sb19_burn_the_flame_karaoke_version_20260203_061024.html
2026-02-03 06:10:34;Burn The Flame (Instrumental);SB19;139901;https://open.spotify.com/track/1MLMEY4ahXUjTcmi01s4jA;D:\dev\SB19\saved_pages\sb19_burn_the_flame_instrumental_20260203_061034.html
2026-02-03 06:10:43;Love Yours;SB19;5525992;https://open.spotify.com/track/62iq4hiMI4CxLek4nYI14R;D:\dev\SB19\saved_pages\sb19_love_yours_20260203_061043.html
2026-02-03 06:10:53;Kapangyarihan;SB19;23197512;https://open.spotify.com/track/6FFtbC1K2aNeCS376paoHN;D:\dev\SB19\saved_pages\sb19_kapangyarihan_20260203_061053.html
2026-02-03 06:11:03;The One;SB19;8920330;https://open.spotify.com/track/5SZPGItm64sVZ8KVYmoV4N;D:\dev\SB19\saved_pages\sb19_the_one_20260203_061103.html
2026-02-03 06:11:12;Merry Munchkins (SB19 Version);SB19;2738404;https://open.spotify.com/track/3r3U5OpESU60BAVT11KuYS;D:\dev\SB19\saved_pages\sb19_merry_munchkins_sb19_version_20260203_061112.html
2026-02-03 06:11:22;Live It Up;SB19;3934682;https://open.spotify.com/track/42D9L3kTskZ5anDWGBhtEk;D:\dev\SB19\saved_pages\sb19_live_it_up_20260203_061122.html
2026-02-03 06:11:32;Make Your Green Mark;SB19;2460950;https://open.spotify.com/track/0thBJj3R0mM8mLwe2WMJI1;D:\dev\SB19\saved_pages\sb19_make_your_green_mark_20260203_061131.html
2026-02-03 06:11:41;Ace Your World;SB19;3096969;https://open.spotify.com/track/3lgJ5YAfc6wxVB9xpUDyH9;D:\dev\SB19\saved_pages\sb19_ace_your_world_20260203_061141.html
2026-02-03 06:11:51;Reset;SB19;3178459;https://open.spotify.com/track/6a7itY9YQTkmb8oMwwmhRp;D:\dev\SB19\saved_pages\sb19_reset_20260203_061151.html
2026-02-03 06:12:00;Tahanan;SB19;1683033;https://open.spotify.com/track/6XOT8LCjly8StKCooz6pp1;D:\dev\SB19\saved_pages\sb19_tahanan_20260203_061200.html
2026-02-03 06:12:10;G Pa Rin Ang Pasko;SB19;796732;https://open.spotify.com/track/0JYEUl8iJovowKP7Xi6mSM;D:\dev\SB19\saved_pages\sb19_g_pa_rin_ang_pasko_20260203_061210.html
2026-02-03 06:12:20;Ready, Set, G!;SB19;1134886;https://open.spotify.com/track/3RFGJAl8B1MiW4Ti6qvGeq;D:\dev\SB19\saved_pages\sb19_ready_set_g_20260203_061220.html
2026-02-03 06:12:29;We Wish You A Merry GCash;SB19;1326410;https://open.spotify.com/track/7H2N6amk6lmn9oahy3qxQl;D:\dev\SB19\saved_pages\sb19_we_wish_you_a_merry_gcash_20260203_061229.html
2026-02-03 06:12:39;Make It Merry, I-GCash Mo;SB19;1014591;https://open.spotify.com/track/1cTLpJs2LHvA0q5Z6YWzbD;D:\dev\SB19\saved_pages\sb19_make_it_merry_i_gcash_mo_20260203_061239.html
2026-02-03 06:12:48;Tara, Summer Na!;SB19;1906609;https://open.spotify.com/track/5RbO3gk0BiIfoFop0un9Dn;D:\dev\SB19\saved_pages\sb19_tara_summer_na_20260203_061248.html
2026-02-03 06:12:58;TM Doble Dekada (Samahang Pina-Easy);SB19;2855197;https://open.spotify.com/track/5pSDEveqgXTvPU102hAIY1;D:\dev\SB19\saved_pages\sb19_tm_doble_dekada_samahang_pina_easy_20260203_061258.html
2026-02-03 06:13:07;Dobleng GV sa FunPasko (Noon, Ngayon, Palagi);SB19;674484;https://open.spotify.com/track/5hVNG3wLy8rSSCqShicG4I;D:\dev\SB19\saved_pages\sb19_dobleng_gv_sa_funpasko_noon_ngayon_palagi_20260203_061307.html
2026-02-03 06:13:17;TM FunPasko (Samahang Pina-Easy);SB19;904601;https://open.spotify.com/track/1ZLVZ75W0ZNqiuzQPbz3ZG;D:\dev\SB19\saved_pages\sb19_tm_funpasko_samahang_pina_easy_20260203_061317.html
2026-02-03 06:13:27;Push Ang Pusuan;SB19;3491833;https://open.spotify.com/track/2hUZkOBSRlp6uB9hXvYgPi;D:\dev\SB19\saved_pages\sb19_push_ang_pusuan_20260203_061327.html
2026-02-03 06:13:36;Team Tayo;SB19;1058927;https://open.spotify.com/track/3aKVPphQZ3kjwY7Tn1TUhP;D:\dev\SB19\saved_pages\sb19_team_tayo_20260203_061336.html
2026-02-03 06:13:46;Ating Pasko;SB19;2428507;https://open.spotify.com/track/7y5C9pM3gt7WNoiSzFHcGN;D:\dev\SB19\saved_pages\sb19_ating_pasko_20260203_061346.html
2026-02-03 06:13:56;La Luna;PABLO;17457491;https://open.spotify.com/track/01NEcBpMXPQNxONQnObJJ3;D:\dev\SB19\saved_pages\pablo_la_luna_20260203_061356.html
2026-02-03 06:14:05;Presyon;PABLO;2659806;https://open.spotify.com/track/7cErqp4Jg64PcqAE0uYeZP;D:\dev\SB19\saved_pages\pablo_presyon_20260203_061405.html
2026-02-03 06:14:15;Wala;PABLO;2892610;https://open.spotify.com/track/5gLNDt687YE0Zgad2yaaAD;D:\dev\SB19\saved_pages\pablo_wala_20260203_061415.html
2026-02-03 06:14:24;The Boy Who Cried Wolf;PABLO;4920021;https://open.spotify.com/track/3dNKnbTBjliNTwCeLqlMG3;D:\dev\SB19\saved_pages\pablo_the_boy_who_cried_wolf_20260203_061424.html
2026-02-03 06:14:34;Kumunoy;PABLO;4006904;https://open.spotify.com/track/6WkQrra0cZQAo42aMxdT2X;D:\dev\SB19\saved_pages\pablo_kumunoy_20260203_061434.html
2026-02-03 06:14:44;Kelan;PABLO;2455596;https://open.spotify.com/track/39aItIaR9sIBz3EP8RXuhs;D:\dev\SB19\saved_pages\pablo_kelan_20260203_061444.html
2026-02-03 06:14:53;Drowning in the Water;PABLO;5661396;https://open.spotify.com/track/6065mStxNxs8sCy3yCrg8H;D:\dev\SB19\saved_pages\pablo_drowning_in_the_water_20260203_061453.html
2026-02-03 06:15:03;Breathe (Outro);PABLO;1902762;https://open.spotify.com/track/2lKyuf60Q5qSwTF0dl7qM6;D:\dev\SB19\saved_pages\pablo_breathe_outro_20260203_061503.html
2026-02-03 06:15:12;Neumun;PABLO;3679954;https://open.spotify.com/track/4DF1e91DMTM4oTpW8jgsP2;D:\dev\SB19\saved_pages\pablo_neumun_20260203_061512.html
2026-02-03 06:15:22;Don't Care;PABLO;2801050;https://open.spotify.com/track/06YsrZvTJmdPNXY5La1jFK;D:\dev\SB19\saved_pages\pablo_don_t_care_20260203_061522.html
2026-02-03 06:15:32;Butata;PABLO;6675464;https://open.spotify.com/track/68hXl4L5vCusj8U2QlC73D;D:\dev\SB19\saved_pages\pablo_butata_20260203_061532.html
2026-02-03 06:15:41;Puyat;PABLO;3209333;https://open.spotify.com/track/5EiD5Pk0Wv6dkHS1ZpNvzE;D:\dev\SB19\saved_pages\pablo_puyat_20260203_061541.html
2026-02-03 06:15:52;Blessed;PABLO;4084969;https://open.spotify.com/track/4hdPboEAxOZjaaHML4q62u;D:\dev\SB19\saved_pages\pablo_blessed_20260203_061552.html
2026-02-03 06:16:02;Tambol (Ibang Planeta);PABLO;2512454;https://open.spotify.com/track/753jWXJVBxK6cuYDUVbeux;D:\dev\SB19\saved_pages\pablo_tambol_ibang_planeta_20260203_061602.html
2026-02-03 06:16:11;Micha!;PABLO;3487702;https://open.spotify.com/track/7F3NzrsN3zNGcIP2FbUYUo;D:\dev\SB19\saved_pages\pablo_micha_20260203_061611.html
2026-02-03 06:16:21;DETERMINADO;PABLO;6335369;https://open.spotify.com/track/0hQJzMEbXg8ssQwgMbJUbw;D:\dev\SB19\saved_pages\pablo_determinado_20260203_061621.html
2026-02-03 06:16:31;AKALA;PABLO;5394866;https://open.spotify.com/track/5w4CLRxwroocAzFiJ568oY;D:\dev\SB19\saved_pages\pablo_akala_20260203_061630.html
2026-02-03 06:16:40;edsa;PABLO;7860658;https://open.spotify.com/track/64p2tRd4zsBsJUucEnfWrX;D:\dev\SB19\saved_pages\pablo_edsa_20260203_061640.html
2026-02-03 06:16:50;Liwanag sa Dilim (from Incognito);PABLO;6367689;https://open.spotify.com/track/3Ynpt5qseTmDdl9bN21FNJ;D:\dev\SB19\saved_pages\pablo_liwanag_sa_dilim_from_incognito_20260203_061650.html
2026-02-03 06:16:59;Palayo;FELIP;12342210;https://open.spotify.com/track/3FvYLNM5ShB5vDCzGw8syX;D:\dev\SB19\saved_pages\felip_palayo_20260203_061659.html
2026-02-03 06:17:09;Bulan;FELIP;6695017;https://open.spotify.com/track/2qYmu6Obx3NW1VeNOiCFMK;D:\dev\SB19\saved_pages\felip_bulan_20260203_061709.html
2026-02-03 06:17:19;ROCKSTA;FELIP;6410955;https://open.spotify.com/track/5UhtleGyBZJCvG8cstjLkr;D:\dev\SB19\saved_pages\felip_rocksta_20260203_061718.html
2026-02-03 06:17:28;SUPERIORITY;FELIP;3694119;https://open.spotify.com/track/3Tzmy7ExNOlP0tdDr9sjUT;D:\dev\SB19\saved_pages\felip_superiority_20260203_061728.html
2026-02-03 06:17:38;MICTEST;FELIP;4227175;https://open.spotify.com/track/5MC8Oxr5FTIQYJ6f7Cg6gR;D:\dev\SB19\saved_pages\felip_mictest_20260203_061738.html
2026-02-03 06:17:49;DRINKSMOKE;FELIP;5268233;https://open.spotify.com/track/29UIvWBrkjWtVuSEyexLt1;D:\dev\SB19\saved_pages\felip_drinksmoke_20260203_061749.html
2026-02-03 06:17:58;CRIMINAL;FELIP;6578544;https://open.spotify.com/track/4YPz66cDppOl9KVUOCpBV5;D:\dev\SB19\saved_pages\felip_criminal_20260203_061758.html
2026-02-03 06:18:08;STRAYDOGS;FELIP;5591506;https://open.spotify.com/track/03aFaNBeCXmFl194HuyWKe;D:\dev\SB19\saved_pages\felip_straydogs_20260203_061808.html
2026-02-03 06:18:17;Kanako;FELIP;9802765;https://open.spotify.com/track/76hOMoRACZOQq5CfqSNU9i;D:\dev\SB19\saved_pages\felip_kanako_20260203_061817.html
2026-02-03 06:18:27;Moving Closer;FELIP;10347854;https://open.spotify.com/track/59PCn7ObERln3cPl84CGx6;D:\dev\SB19\saved_pages\felip_moving_closer_20260203_061827.html
2026-02-03 06:18:37;FLYYY;FELIP;3518931;https://open.spotify.com/track/0PWBx43woMnsyUC72NC1Gl;D:\dev\SB19\saved_pages\felip_flyyy_20260203_061836.html
2026-02-03 06:18:46;Pagdali;FELIP;3418347;https://open.spotify.com/track/7fMR5ryCo3m38yyj1PCym4;D:\dev\SB19\saved_pages\felip_pagdali_20260203_061846.html
2026-02-03 06:18:56;Fake Faces;FELIP;8815325;https://open.spotify.com/track/4ntKnZnztFdovszJpIoeVO;D:\dev\SB19\saved_pages\felip_fake_faces_20260203_061856.html
2026-02-03 06:19:05;foes;FELIP;2397889;https://open.spotify.com/track/5IyWs6bAMeT9vPUiUVgSdd;D:\dev\SB19\saved_pages\felip_foes_20260203_061905.html
2026-02-03 06:19:15;envy;FELIP;3425819;https://open.spotify.com/track/6uJggzzrSE5tK9CRTZejgm;D:\dev\SB19\saved_pages\felip_envy_20260203_061915.html
2026-02-03 06:19:25;wrath;FELIP;2033691;https://open.spotify.com/track/12VANuhDUHnXRtRG6YP72a;D:\dev\SB19\saved_pages\felip_wrath_20260203_061925.html
2026-02-03 06:19:35;greed;FELIP;3334008;https://open.spotify.com/track/3foNAstTb7fdbbfFnKwn28;D:\dev\SB19\saved_pages\felip_greed_20260203_061935.html
2026-02-03 06:19:44;pride;FELIP;1929410;https://open.spotify.com/track/1jZET8rPE5RWZZrkCM2toY;D:\dev\SB19\saved_pages\felip_pride_20260203_061944.html
2026-02-03 06:19:54;gluttony;FELIP;1725561;https://open.spotify.com/track/216LlnUj3GfZ0yE2hXZxm0;D:\dev\SB19\saved_pages\felip_gluttony_20260203_061954.html
2026-02-03 06:20:03;lust;FELIP;3513661;https://open.spotify.com/track/70kZ4pCeZ0WIanftduEDov;D:\dev\SB19\saved_pages\felip_lust_20260203_062003.html
2026-02-03 06:20:13;sloth;FELIP;2560460;https://open.spotify.com/track/6PJLoGD9KpyMSx8j7vVWHq;D:\dev\SB19\saved_pages\felip_sloth_20260203_062013.html
2026-02-03 06:20:23;ache;FELIP;4536335;https://open.spotify.com/track/3G3ZYOLBcjbIv0GDlIoZeh;D:\dev\SB19\saved_pages\felip_ache_20260203_062023.html
2026-02-03 06:20:32;ID;FELIP;2411568;https://open.spotify.com/track/2cXkFKFgEW5Myc0yNy6CqL;D:\dev\SB19\saved_pages\felip_id_20260203_062032.html
2026-02-03 06:20:42;KAWASAKI;FELIP;1675027;https://open.spotify.com/track/37ifPBg9M2NzlRNHe9WUIy;D:\dev\SB19\saved_pages\felip_kawasaki_20260203_062042.html
2026-02-03 06:20:52;Palayo - Live Band Ver;FELIP;2232600;https://open.spotify.com/track/6gdcXFz1q9WKAlB2ybVM3F;D:\dev\SB19\saved_pages\felip_palayo_live_band_ver_20260203_062052.html
2026-02-03 06:21:01;Bulan - Live Band Ver;FELIP;1949488;https://open.spotify.com/track/048YgXKAXF8eTwMCfYylhD;D:\dev\SB19\saved_pages\felip_bulan_live_band_ver_20260203_062101.html
2026-02-03 06:21:11;Palayo Inst.;FELIP;1261648;https://open.spotify.com/track/2RfXO3QnM6gG75Pxu04OqS;D:\dev\SB19\saved_pages\felip_palayo_inst_20260203_062111.html
2026-02-03 06:21:21;Bulan Inst.;FELIP;1186625;https://open.spotify.com/track/4iGoucvzYCbJtG4n4wnJjB;D:\dev\SB19\saved_pages\felip_bulan_inst_20260203_062121.html
2026-02-03 06:21:30;Moving Closer - From The Cafe;FELIP;2214616;https://open.spotify.com/track/1kAyLWCiJfTDhm56kaOXnO;D:\dev\SB19\saved_pages\felip_moving_closer_from_the_cafe_20260203_062130.html
2026-02-03 06:21:40;Moving Closer - From The Lounge;FELIP;1537672;https://open.spotify.com/track/0cd2BCuzH8Vub1cS2eKU7M;D:\dev\SB19\saved_pages\felip_moving_closer_from_the_lounge_20260203_062140.html
2026-02-03 06:21:50;ID (new version);FELIP;200705;https://open.spotify.com/track/7Fu45FLLaE1s0eg8DF5UqT;D:\dev\SB19\saved_pages\felip_id_new_version_20260203_062149.html
2026-02-03 06:21:59;ROCKSTA (Superior Session Live);FELIP;1503730;https://open.spotify.com/track/5EP2vLFwMHpWFWeZVvt3jU;D:\dev\SB19\saved_pages\felip_rocksta_superior_session_live_20260203_062159.html
2026-02-03 06:22:09;SUPERIORITY (Superior Session Live);FELIP;1403968;https://open.spotify.com/track/5VmjG0uTHcrn43Ynetfomd;D:\dev\SB19\saved_pages\felip_superiority_superior_session_live_20260203_062209.html
2026-02-03 06:22:18;MICTEST (Superior Session Live);FELIP;1334726;https://open.spotify.com/track/0FW1fvsv00RCGNPjVHJg3x;D:\dev\SB19\saved_pages\felip_mictest_superior_session_live_20260203_062218.html
2026-02-03 06:22:28;DRINKSMOKE (Superior Session Live);FELIP;1515149;https://open.spotify.com/track/5Iw7boOrwCpWlaJtNTTHG6;D:\dev\SB19\saved_pages\felip_drinksmoke_superior_session_live_20260203_062228.html
2026-02-03 06:22:38;CRIMINAL (Superior Session Live);FELIP;1707477;https://open.spotify.com/track/2FxQjJcpsdHQHTqjVhlqP4;D:\dev\SB19\saved_pages\felip_criminal_superior_session_live_20260203_062238.html
2026-02-03 06:22:47;STRAYDOGS (Superior Session Live);FELIP;1338429;https://open.spotify.com/track/4W28quZaVhLdbpojBeooaZ;D:\dev\SB19\saved_pages\felip_straydogs_superior_session_live_20260203_062247.html
2026-02-03 06:22:57;to sin is human, to forgive is divine - live;FELIP;159376;https://open.spotify.com/track/5lbuH5ieouWZ43qHAcCK08;D:\dev\SB19\saved_pages\felip_to_sin_is_human_to_forgive_is_divine_live_20260203_062257.html
2026-02-03 06:23:07;foes - live;FELIP;152502;https://open.spotify.com/track/44TFeq1FSLniRzbThYVWom;D:\dev\SB19\saved_pages\felip_foes_live_20260203_062307.html
2026-02-03 06:23:17;envy - live;FELIP;135253;https://open.spotify.com/track/41gwpmt6wVdwDgjE430dm6;D:\dev\SB19\saved_pages\felip_envy_live_20260203_062316.html
2026-02-03 06:23:26;greed - live;FELIP;146142;https://open.spotify.com/track/5fWWoFfmqwBhBq93Rc6YqB;D:\dev\SB19\saved_pages\felip_greed_live_20260203_062326.html
2026-02-03 06:23:36;lust - live;FELIP;142058;https://open.spotify.com/track/2hlY0jd3uRy5i7SuN1oz7Z;D:\dev\SB19\saved_pages\felip_lust_live_20260203_062336.html
2026-02-03 06:23:45;pride - live;FELIP;128085;https://open.spotify.com/track/45ZCoFCk3DL7d84d7bwWdz;D:\dev\SB19\saved_pages\felip_pride_live_20260203_062345.html
2026-02-03 06:23:55;gluttony (feat. PLAYERTWO) - live;FELIP;129555;https://open.spotify.com/track/0HaZMHBzZOYqdEcCtzAHEU;D:\dev\SB19\saved_pages\felip_gluttony_feat_playertwo_live_20260203_062355.html
2026-02-03 06:24:05;wrath - live;FELIP;141488;https://open.spotify.com/track/5ykca7sZJ8OAUepkUGIdRE;D:\dev\SB19\saved_pages\felip_wrath_live_20260203_062405.html
2026-02-03 06:24:14;tokyo - live;FELIP;615933;https://open.spotify.com/track/5KKi1lmsdHfm4IYZ1YSy94;D:\dev\SB19\saved_pages\felip_tokyo_live_20260203_062414.html
2026-02-03 06:24:24;sloth - live;FELIP;137007;https://open.spotify.com/track/6dmzbxC4WjfB3ucXZUUaO5;D:\dev\SB19\saved_pages\felip_sloth_live_20260203_062424.html
2026-02-03 06:24:33;grace - live;FELIP;144145;https://open.spotify.com/track/6HsmDcIbYCn7YzWBUKEucW;D:\dev\SB19\saved_pages\felip_grace_live_20260203_062433.html
2026-02-03 06:24:43;ache - live;FELIP;168662;https://open.spotify.com/track/4lQY03QyHAKDj6XdDgVDcL;D:\dev\SB19\saved_pages\felip_ache_live_20260203_062443.html
2026-02-03 06:24:53;WILD TONIGHT;JOSH CULLEN;9745696;https://open.spotify.com/track/4yBwaJUom5dOYp54wU6hA2;D:\dev\SB19\saved_pages\josh_cullen_wild_tonight_20260203_062452.html
2026-02-03 06:25:02;Pakiusap Lang;JOSH CULLEN;5264589;https://open.spotify.com/track/6trU06kJgdYaPqRUvz5K9e;D:\dev\SB19\saved_pages\josh_cullen_pakiusap_lang_20260203_062502.html
2026-02-03 06:25:12;GET RIGHT;JOSH CULLEN;4621176;https://open.spotify.com/track/56FnjRDkdoCV5lVSyuQ9MU;D:\dev\SB19\saved_pages\josh_cullen_get_right_20260203_062512.html
2026-02-03 06:25:21;Yoko Na;JOSH CULLEN;10378314;https://open.spotify.com/track/6SIaYQUPOJpO8XFWeTl5dC;D:\dev\SB19\saved_pages\josh_cullen_yoko_na_20260203_062521.html
2026-02-03 06:25:31;1999;JOSH CULLEN;6246963;https://open.spotify.com/track/0PMfgKba5PLGETb02cDcMg;D:\dev\SB19\saved_pages\josh_cullen_1999_20260203_062531.html
2026-02-03 06:25:41;See Me;JOSH CULLEN;2926256;https://open.spotify.com/track/5jH6p468HtmNHdJiubGQ6t;D:\dev\SB19\saved_pages\josh_cullen_see_me_20260203_062541.html
2026-02-03 06:25:50;Silent Cries;JOSH CULLEN;3835523;https://open.spotify.com/track/1x0Y2jS5oJW4Q3aU9jZBER;D:\dev\SB19\saved_pages\josh_cullen_silent_cries_20260203_062550.html
2026-02-03 06:26:00;Honest;JOSH CULLEN;2648605;https://open.spotify.com/track/1Rl5KDAu4wrUsQZZtD2hiy;D:\dev\SB19\saved_pages\josh_cullen_honest_20260203_062600.html
2026-02-03 06:26:10;No Control;JOSH CULLEN;2198156;https://open.spotify.com/track/0Rg0DIhiShdvZvF7snNZIt;D:\dev\SB19\saved_pages\josh_cullen_no_control_20260203_062610.html
2026-02-03 06:26:19;Lights Out;JOSH CULLEN;1960718;https://open.spotify.com/track/2TQQX4gYeQmobxNEXwtrZ3;D:\dev\SB19\saved_pages\josh_cullen_lights_out_20260203_062619.html
2026-02-03 06:26:29;Sumaya;JOSH CULLEN;5320355;https://open.spotify.com/track/2qKu8tPpilCBJqxzGWcOaC;D:\dev\SB19\saved_pages\josh_cullen_sumaya_20260203_062629.html
2026-02-03 06:26:38;Silent Cries (Instrumental);JOSH CULLEN;533477;https://open.spotify.com/track/5FQodaxJAZTUPjdpbDT9pa;D:\dev\SB19\saved_pages\josh_cullen_silent_cries_instrumental_20260203_062638.html
2026-02-03 06:26:48;No Control (Instrumental);JOSH CULLEN;520547;https://open.spotify.com/track/65LG9NubWQtyImpyNXotHo;D:\dev\SB19\saved_pages\josh_cullen_no_control_instrumental_20260203_062648.html
2026-02-03 06:26:58;Takbuhan;JOSH CULLEN;922712;https://open.spotify.com/track/3RCVzaTWA7h1SR0nWQtIk1;D:\dev\SB19\saved_pages\josh_cullen_takbuhan_20260203_062658.html
2026-02-03 06:27:07;Re: Thinkin' About You;JOSH CULLEN;4258938;https://open.spotify.com/track/2R1CjdVdXz7frvQRwCdQa6;D:\dev\SB19\saved_pages\josh_cullen_re_thinkin_about_you_20260203_062707.html
2026-02-03 06:27:17;Room;Stell;12031430;https://open.spotify.com/track/1PLKN0HC7m5drBHg0jarZE;D:\dev\SB19\saved_pages\stell_room_20260203_062717.html
2026-02-03 06:27:26;Anino;Stell;6106009;https://open.spotify.com/track/5tMJZOyBv8t49i9elHuQZF;D:\dev\SB19\saved_pages\stell_anino_20260203_062726.html
2026-02-03 06:27:36;'Di Ko Masabi;Stell;7659343;https://open.spotify.com/track/3JEE0hhTI6u9CEZCZWalKe;D:\dev\SB19\saved_pages\stell_di_ko_masabi_20260203_062736.html
2026-02-03 06:27:46;Classic;Stell;6571368;https://open.spotify.com/track/15bdfvbGida1Z8OVZ0YvSQ;D:\dev\SB19\saved_pages\stell_classic_20260203_062746.html
2026-02-03 06:27:55;Room (Stripped);Stell;4787246;https://open.spotify.com/track/6fwpkEZRQZ8Kr5Ws4q0Kyn;D:\dev\SB19\saved_pages\stell_room_stripped_20260203_062755.html
2026-02-03 06:28:05;Surreal;justin;14990077;https://open.spotify.com/track/5TT4xi1HEPTkVTO59jY3tz;D:\dev\SB19\saved_pages\justin_surreal_20260203_062805.html
2026-02-03 06:28:14;Sunday Morning;justin;5446991;https://open.spotify.com/track/3sp427zYHOXL3LPCYgwuRv;D:\dev\SB19\saved_pages\justin_sunday_morning_20260203_062814.html
2026-02-03 06:28:24;Kaibigan;justin;8816684;https://open.spotify.com/track/3rwioq6hSNjwynK8rVPCma;D:\dev\SB19\saved_pages\justin_kaibigan_20260203_062824.html
2026-02-03 06:28:34;Sampung Mga Daliri;justin;7579583;https://open.spotify.com/track/2MHg2BVPaTgiCUDWp2jZqf;D:\dev\SB19\saved_pages\justin_sampung_mga_daliri_20260203_062834.html
2026-02-03 06:28:43;Sampung Mga Daliri (Reimagined Version);justin;718685;https://open.spotify.com/track/4nnhn2O5oQmPC2HedN5W4b;D:\dev\SB19\saved_pages\justin_sampung_mga_daliri_reimagined_version_20260203_062843.html
2026-02-03 06:28:53;Sampung Mga Daliri (Acoustic Version);justin;1581764;https://open.spotify.com/track/0WoGaGmUip0OPQ662Drdlj;D:\dev\SB19\saved_pages\justin_sampung_mga_daliri_acoustic_version_20260203_062853.html
2026-02-03 06:29:03;GENTO - From THE FIRST TAKE;SB19;7057816;https://open.spotify.com/track/2h7syqD1QScej4PqMxJfp2;D:\dev\SB19\saved_pages\sb19_gento_from_the_first_take_20260203_062902.html
2026-02-03 06:29:13;MAPA - From THE FIRST TAKE;SB19;5205379;https://open.spotify.com/track/4MZbVDIPOYmPkjcVqpPe9v;D:\dev\SB19\saved_pages\sb19_mapa_from_the_first_take_20260203_062913.html
2026-02-03 06:29:23;DAM - From THE FIRST TAKE;SB19;2111527;https://open.spotify.com/track/14WOLW4oTwD7Mh9eb0hLDs;D:\dev\SB19\saved_pages\sb19_dam_from_the_first_take_20260203_062922.html
2026-02-03 06:29:32;Time - From THE FIRST TAKE;SB19;2257008;https://open.spotify.com/track/1ctnGFHyklJbmHLyaDYtyg;D:\dev\SB19\saved_pages\sb19_time_from_the_first_take_20260203_062932.html
2026-02-03 06:29:42;Moonlight (Ian Asher Club Mix);SB19;2953886;https://open.spotify.com/track/5YYzdzlunDyLDwlM40W0Gc;D:\dev\SB19\saved_pages\sb19_moonlight_ian_asher_club_mix_20260203_062942.html
2026-02-03 06:29:51;Umaaligid (Extended Ver.);SB19;2740525;https://open.spotify.com/track/1XFHLGwXrlL0FpJgRcFYTI;D:\dev\SB19\saved_pages\sb19_umaaligid_extended_ver_20260203_062951.html
2026-02-03 06:30:01;Love Yours (DIOR & RealBros Remix);SB19;868415;https://open.spotify.com/track/3qw9D8YC0sezDriUMx5lRG;D:\dev\SB19\saved_pages\sb19_love_yours_dior_realbros_remix_20260203_063001.html
2026-02-03 06:30:10;What? - Extended Version;SB19;6308161;https://open.spotify.com/track/7jn2llkeDI9IRROCYNa7sL;D:\dev\SB19\saved_pages\sb19_what_extended_version_20260203_063010.html
2026-02-04 06:00:15;Tilaluha;SB19;23677985;https://open.spotify.com/track/0fPJsVtCOXqjHxKS9kc13s;D:\dev\SB19\saved_pages\sb19_tilaluha_20260204_060015.html
2026-02-04 06:00:24;Go Up;SB19;26820242;https://open.spotify.com/track/5VoY18OYEE2E6RJCBd2jki;D:\dev\SB19\saved_pages\sb19_go_up_20260204_060024.html
2026-02-04 06:00:34;Alab (Burning);SB19;22633788;https://open.spotify.com/track/053ZzdU3Rya4NMxiWMPqnq;D:\dev\SB19\saved_pages\sb19_alab_burning_20260204_060034.html
2026-02-04 06:00:44;Hanggang Sa Huli;SB19;32320733;https://open.spotify.com/track/2WUhR1SraSy0SVIQKohJb6;D:\dev\SB19\saved_pages\sb19_hanggang_sa_huli_20260204_060044.html
2026-02-04 06:00:53;Love Goes;SB19;11164151;https://open.spotify.com/track/5p70OUKixtLRpnK5uSdqro;D:\dev\SB19\saved_pages\sb19_love_goes_20260204_060053.html
2026-02-04 06:01:03;Love Goes (EDM Version);SB19;7153434;https://open.spotify.com/track/0LAh3hfeuUekvLm3Nq6MmA;D:\dev\SB19\saved_pages\sb19_love_goes_edm_version_20260204_060103.html
2026-02-04 06:01:12;'Wag Mong Ikunot Ang Iyong Noo;SB19;9487964;https://open.spotify.com/track/5sJxhdzehdLq9iPzNnTR71;D:\dev\SB19\saved_pages\sb19_wag_mong_ikunot_ang_iyong_noo_20260204_060112.html
2026-02-04 06:01:22;Tilaluha (Instrumental);SB19;2215371;https://open.spotify.com/track/5lMxdErNKHh797tOT3mBvk;D:\dev\SB19\saved_pages\sb19_tilaluha_instrumental_20260204_060122.html
2026-02-04 06:01:32;Hanggang Sa Huli (Instrumental);SB19;2324356;https://open.spotify.com/track/6JZkWjVjOQAUPzNfGr4Dp0;D:\dev\SB19\saved_pages\sb19_hanggang_sa_huli_instrumental_20260204_060132.html
2026-02-04 06:01:41;What?;SB19;25753031;https://open.spotify.com/track/1evZendZnEe8a8eXjd1Bcn;D:\dev\SB19\saved_pages\sb19_what_20260204_060141.html
2026-02-04 06:01:51;MAPA;SB19;86172157;https://open.spotify.com/track/6Fz2TpxUD0YvAPsuG8nDMJ;D:\dev\SB19\saved_pages\sb19_mapa_20260204_060151.html
2026-02-04 06:02:00;Bazinga;SB19;31827343;https://open.spotify.com/track/5QZw4F3N3PvuKNKHm9L20b;D:\dev\SB19\saved_pages\sb19_bazinga_20260204_060200.html
2026-02-04 06:02:10;SLMT;SB19;17518954;https://open.spotify.com/track/0AbJoAxuqYgMrmXvtFOc0K;D:\dev\SB19\saved_pages\sb19_slmt_20260204_060210.html
2026-02-04 06:02:20;Mana;SB19;20826728;https://open.spotify.com/track/0EtkP3TUHvTeDIgrpgMS8m;D:\dev\SB19\saved_pages\sb19_mana_20260204_060220.html
2026-02-04 06:02:29;Ikako;SB19;14786026;https://open.spotify.com/track/5qHUmt5jIvDaOzMXiX533o;D:\dev\SB19\saved_pages\sb19_ikako_20260204_060229.html
2026-02-04 06:02:39;Gento;SB19;75994637;https://open.spotify.com/track/1o6uF8VmXna99ysHTcQRI2;D:\dev\SB19\saved_pages\sb19_gento_20260204_060239.html
2026-02-04 06:02:50;I Want You;SB19;31621785;https://open.spotify.com/track/16GGH8OF6LiSUTTbm8421f;D:\dev\SB19\saved_pages\sb19_i_want_you_20260204_060250.html
2026-02-04 06:02:59;Ilaw;SB19;19790289;https://open.spotify.com/track/4zoqT3f80GyytJvnhVHgEl;D:\dev\SB19\saved_pages\sb19_ilaw_20260204_060259.html
2026-02-04 06:03:09;Crimzone;SB19;25426613;https://open.spotify.com/track/5GcS9zT4iIL7l0JrqZeG6O;D:\dev\SB19\saved_pages\sb19_crimzone_20260204_060309.html
2026-02-04 06:03:20;LIHAM;SB19;20190924;https://open.spotify.com/track/5MQ1nQ0MZMRO4yPQWdCeEb;D:\dev\SB19\saved_pages\sb19_liham_20260204_060320.html
2026-02-04 06:03:30;Freedom;SB19;16470037;https://open.spotify.com/track/2CuYpdcx2f9XbMZhc3ST8E;D:\dev\SB19\saved_pages\sb19_freedom_20260204_060330.html
2026-02-04 06:03:39;DAM;SB19;60883616;https://open.spotify.com/track/1NNsL6tYk06TqTea3mKB9P;D:\dev\SB19\saved_pages\sb19_dam_20260204_060339.html
2026-02-04 06:03:50;Time;SB19;22127495;https://open.spotify.com/track/1OvE4CwaIZJ89Eq0qXGCEF;D:\dev\SB19\saved_pages\sb19_time_20260204_060350.html
2026-02-04 06:04:00;8TonBall;SB19;16033661;https://open.spotify.com/track/7AqrfyOdFWPnjQrgzWzcUz;D:\dev\SB19\saved_pages\sb19_8tonball_20260204_060400.html
2026-02-04 06:04:10;Quit;SB19;17098818;https://open.spotify.com/track/7oIQWmbKShhEt2yTSBxNpu;D:\dev\SB19\saved_pages\sb19_quit_20260204_060410.html
2026-02-04 06:04:19;Shooting for the Stars;SB19;15014299;https://open.spotify.com/track/6q3qzeZgWgoFrV6DmaZr1R;D:\dev\SB19\saved_pages\sb19_shooting_for_the_stars_20260204_060419.html
2026-02-04 06:04:29;Dungka!;SB19;27909053;https://open.spotify.com/track/7mqsPvhSR1CtY6PkTf1YVy;D:\dev\SB19\saved_pages\sb19_dungka_20260204_060429.html
2026-02-04 06:04:38;DAM (Extended Ver.);SB19;18887118;https://open.spotify.com/track/0pjhHUx21NsPuSCH0H3lW6;D:\dev\SB19\saved_pages\sb19_dam_extended_ver_20260204_060438.html
2026-02-04 06:04:48;What? (Simula at Wakas Tour Kickoff);SB19;188334;https://open.spotify.com/track/4FEhO3lDTOseNLhBNBAvpW;D:\dev\SB19\saved_pages\sb19_what_simula_at_wakas_tour_kickoff_20260204_060448.html
2026-02-04 06:04:58;GENTO (Simula at Wakas Tour Kickoff);SB19;179527;https://open.spotify.com/track/1BYHhhwMf7QRr2a7p64tRU;D:\dev\SB19\saved_pages\sb19_gento_simula_at_wakas_tour_kickoff_20260204_060458.html
2026-02-04 06:05:07;Mana (Simula at Wakas Tour Kickoff);SB19;175671;https://open.spotify.com/track/4LPgthOM2aB1mbPIxgZy8P;D:\dev\SB19\saved_pages\sb19_mana_simula_at_wakas_tour_kickoff_20260204_060507.html
2026-02-04 06:05:17;Moonlight (Simula at Wakas Tour Kickoff);SB19;263093;https://open.spotify.com/track/5N3AnPqWcSDNLGbSr1etzb;D:\dev\SB19\saved_pages\sb19_moonlight_simula_at_wakas_tour_kickoff_20260204_060517.html
2026-02-04 06:05:27;I WANT YOU (Simula at Wakas Tour Kickoff);SB19;261673;https://open.spotify.com/track/5V0qUkMEIac9nis4SDb2XD;D:\dev\SB19\saved_pages\sb19_i_want_you_simula_at_wakas_tour_kickoff_20260204_060526.html
2026-02-04 06:05:36;WYAT (Where You At) (Simula at Wakas Tour Kickoff);SB19;175192;https://open.spotify.com/track/0VUpreONXiBKhTmg7LNWS6;D:\dev\SB19\saved_pages\sb19_wyat_where_you_at_simula_at_wakas_tour_kickoff_20260204_060536.html
2026-02-04 06:05:46;DUNGKA! (Simula at Wakas Tour Kickoff);SB19;161951;https://open.spotify.com/track/4ZUl5u7opmH0U5vULsSbPe;D:\dev\SB19\saved_pages\sb19_dungka_simula_at_wakas_tour_kickoff_20260204_060546.html
2026-02-04 06:05:55;Bazinga (Simula at Wakas Tour Kickoff);SB19;161822;https://open.spotify.com/track/6CfcGGotSNm6kpG0zxPXrc;D:\dev\SB19\saved_pages\sb19_bazinga_simula_at_wakas_tour_kickoff_20260204_060555.html
2026-02-04 06:06:05;8TonBall (Simula at Wakas Tour Kickoff);SB19;164038;https://open.spotify.com/track/54UfPbjMn8dwtYazgHrydY;D:\dev\SB19\saved_pages\sb19_8tonball_simula_at_wakas_tour_kickoff_20260204_060605.html
2026-02-04 06:06:15;CRIMZONE (Simula at Wakas Tour Kickoff);SB19;162099;https://open.spotify.com/track/1Sg2y4WDHzGRf4N03fUkep;D:\dev\SB19\saved_pages\sb19_crimzone_simula_at_wakas_tour_kickoff_20260204_060614.html
2026-02-04 06:06:24;Nyebe (Simula at Wakas Tour Kickoff);SB19;161837;https://open.spotify.com/track/3o09uzJFcSGLneWp3rCmsT;D:\dev\SB19\saved_pages\sb19_nyebe_simula_at_wakas_tour_kickoff_20260204_060624.html
2026-02-04 06:06:34;Time (Simula at Wakas Tour Kickoff);SB19;155896;https://open.spotify.com/track/1Qdo5W5rPNWhcHQOq1Pdl8;D:\dev\SB19\saved_pages\sb19_time_simula_at_wakas_tour_kickoff_20260204_060634.html
2026-02-04 06:06:43;ILAW (Simula at Wakas Tour Kickoff);SB19;165782;https://open.spotify.com/track/64BRHIKmpuMU7k435yRDAI;D:\dev\SB19\saved_pages\sb19_ilaw_simula_at_wakas_tour_kickoff_20260204_060643.html
2026-02-04 06:06:53;Quit (Simula at Wakas Tour Kickoff);SB19;160360;https://open.spotify.com/track/7ynFrYbCvOaqiwDmeQrWjt;D:\dev\SB19\saved_pages\sb19_quit_simula_at_wakas_tour_kickoff_20260204_060653.html
2026-02-04 06:07:02;MAPA (Simula at Wakas Tour Kickoff);SB19;146981;https://open.spotify.com/track/7v40dop6L3zF1ErVi1X4pj;D:\dev\SB19\saved_pages\sb19_mapa_simula_at_wakas_tour_kickoff_20260204_060702.html
2026-02-04 06:07:12;Shooting for the Stars (Simula at Wakas Tour Kickoff);SB19;145757;https://open.spotify.com/track/5ECgqO3ufZvZ4o3m2Ji3PA;D:\dev\SB19\saved_pages\sb19_shooting_for_the_stars_simula_at_wakas_tour_kickoff_20260204_060712.html
2026-02-04 06:07:22;FREEDOM (Simula at Wakas Tour Kickoff);SB19;134513;https://open.spotify.com/track/72b7uRYHaeLspB9rJqqd6e;D:\dev\SB19\saved_pages\sb19_freedom_simula_at_wakas_tour_kickoff_20260204_060721.html
2026-02-04 06:07:31;SLMT (Simula at Wakas Tour Kickoff);SB19;140861;https://open.spotify.com/track/0ABh4wrkVAalF1tY8H8lNc;D:\dev\SB19\saved_pages\sb19_slmt_simula_at_wakas_tour_kickoff_20260204_060731.html
2026-02-04 06:07:41;DAM (Simula at Wakas Tour Kickoff);SB19;139429;https://open.spotify.com/track/6r7bRefIOKOsImYLZLus3S;D:\dev\SB19\saved_pages\sb19_dam_simula_at_wakas_tour_kickoff_20260204_060741.html
2026-02-04 06:07:50;WYAT (Where You At);SB19;25097664;https://open.spotify.com/track/1z50Hub2XCsAPWo8zgoePu;D:\dev\SB19\saved_pages\sb19_wyat_where_you_at_20260204_060750.html
2026-02-04 06:08:00;Nyebe;SB19;18141945;https://open.spotify.com/track/6aLjE6peuaJQRWRgfjxrRw;D:\dev\SB19\saved_pages\sb19_nyebe_20260204_060800.html
2026-02-04 06:08:09;No Stopping You;SB19;8781822;https://open.spotify.com/track/3KDOf2p1DrKhiqX78R82sh;D:\dev\SB19\saved_pages\sb19_no_stopping_you_20260204_060809.html
2026-02-04 06:08:19;Ligaya;SB19;9723692;https://open.spotify.com/track/2lwaPRPgP9EaaMsbzVaZ3O;D:\dev\SB19\saved_pages\sb19_ligaya_20260204_060819.html
2026-02-04 06:08:29;MAPA (Band Version);SB19;27946886;https://open.spotify.com/track/0QQoU68nnBRWJqr9ak3mnS;D:\dev\SB19\saved_pages\sb19_mapa_band_version_20260204_060829.html
2026-02-04 06:08:38;Kabataang Pinoy;SB19;9109837;https://open.spotify.com/track/6aXWWGw7sQJLx82jZndSQZ;D:\dev\SB19\saved_pages\sb19_kabataang_pinoy_20260204_060838.html
2026-02-04 06:08:48;Win Your Heart;SB19;11097293;https://open.spotify.com/track/0DnNMu0v71ICscsyuQgmu3;D:\dev\SB19\saved_pages\sb19_win_your_heart_20260204_060848.html
2026-02-04 06:08:58;Christmas Party (SB19 Version);SB19;4468507;https://open.spotify.com/track/387ZTKanhRfPXazSyzTWUj;D:\dev\SB19\saved_pages\sb19_christmas_party_sb19_version_20260204_060857.html
2026-02-04 06:09:07;golden hour (SB19 Remix);SB19;21013421;https://open.spotify.com/track/4cGKycusCcECMX79k4NQwS;D:\dev\SB19\saved_pages\sb19_golden_hour_sb19_remix_20260204_060907.html
2026-02-04 06:09:17;Moonlight;SB19;22642821;https://open.spotify.com/track/1xAYG31LamC5qlykRhbWxd;D:\dev\SB19\saved_pages\sb19_moonlight_20260204_060917.html
2026-02-04 06:09:26;Ready;SB19;9740239;https://open.spotify.com/track/4JZocgyzKHdRF0iSOcodJn;D:\dev\SB19\saved_pages\sb19_ready_20260204_060926.html
2026-02-04 06:09:36;KALAKAL;SB19;21759884;https://open.spotify.com/track/1cFGU7MQu0mHS5uVyD1STP;D:\dev\SB19\saved_pages\sb19_kalakal_20260204_060936.html
2026-02-04 06:09:46;MAPA (Indonesian Version);SB19;7428524;https://open.spotify.com/track/23FJNFAeNLzAuFORNvyBFf;D:\dev\SB19\saved_pages\sb19_mapa_indonesian_version_20260204_060946.html
2026-02-04 06:09:55;Umaaligid;SB19;13154079;https://open.spotify.com/track/5XYYmsZJG5qIBAniny4bHe;D:\dev\SB19\saved_pages\sb19_umaaligid_20260204_060955.html
2026-02-04 06:10:05;Burn The Flame;SB19;3073485;https://open.spotify.com/track/3mvN8n8mg7X41CbGvc7xYU;D:\dev\SB19\saved_pages\sb19_burn_the_flame_20260204_061005.html
2026-02-04 06:10:14;Burn The Flame (Taglish Version);SB19;834757;https://open.spotify.com/track/0aKGIF1iGjV6D6vXYDJgyy;D:\dev\SB19\saved_pages\sb19_burn_the_flame_taglish_version_20260204_061014.html
2026-02-04 06:10:24;Burn The Flame (Karaoke Version);SB19;201047;https://open.spotify.com/track/38UTDIDP582bP8ZAU20bsT;D:\dev\SB19\saved_pages\sb19_burn_the_flame_karaoke_version_20260204_061024.html
2026-02-04 06:10:34;Burn The Flame (Instrumental);SB19;140083;https://open.spotify.com/track/1MLMEY4ahXUjTcmi01s4jA;D:\dev\SB19\saved_pages\sb19_burn_the_flame_instrumental_20260204_061034.html
2026-02-04 06:10:43;Love Yours;SB19;5528098;https://open.spotify.com/track/62iq4hiMI4CxLek4nYI14R;D:\dev\SB19\saved_pages\sb19_love_yours_20260204_061043.html
2026-02-04 06:10:53;Kapangyarihan;SB19;23213674;https://open.spotify.com/track/6FFtbC1K2aNeCS376paoHN;D:\dev\SB19\saved_pages\sb19_kapangyarihan_20260204_061053.html
2026-02-04 06:11:03;The One;SB19;8924247;https://open.spotify.com/track/5SZPGItm64sVZ8KVYmoV4N;D:\dev\SB19\saved_pages\sb19_the_one_20260204_061103.html
2026-02-04 06:11:12;Merry Munchkins (SB19 Version);SB19;2738673;https://open.spotify.com/track/3r3U5OpESU60BAVT11KuYS;D:\dev\SB19\saved_pages\sb19_merry_munchkins_sb19_version_20260204_061112.html
2026-02-04 06:11:22;Live It Up;SB19;3937323;https://open.spotify.com/track/42D9L3kTskZ5anDWGBhtEk;D:\dev\SB19\saved_pages\sb19_live_it_up_20260204_061122.html
2026-02-04 06:11:32;Make Your Green Mark;SB19;2461826;https://open.spotify.com/track/0thBJj3R0mM8mLwe2WMJI1;D:\dev\SB19\saved_pages\sb19_make_your_green_mark_20260204_061131.html
2026-02-04 06:11:41;Ace Your World;SB19;3098218;https://open.spotify.com/track/3lgJ5YAfc6wxVB9xpUDyH9;D:\dev\SB19\saved_pages\sb19_ace_your_world_20260204_061141.html
2026-02-04 06:11:51;Reset;SB19;3179704;https://open.spotify.com/track/6a7itY9YQTkmb8oMwwmhRp;D:\dev\SB19\saved_pages\sb19_reset_20260204_061151.html
2026-02-04 06:12:01;Tahanan;SB19;1687942;https://open.spotify.com/track/6XOT8LCjly8StKCooz6pp1;D:\dev\SB19\saved_pages\sb19_tahanan_20260204_061200.html
2026-02-04 06:12:10;G Pa Rin Ang Pasko;SB19;796732;https://open.spotify.com/track/0JYEUl8iJovowKP7Xi6mSM;D:\dev\SB19\saved_pages\sb19_g_pa_rin_ang_pasko_20260204_061210.html
2026-02-04 06:12:20;Ready, Set, G!;SB19;1134886;https://open.spotify.com/track/3RFGJAl8B1MiW4Ti6qvGeq;D:\dev\SB19\saved_pages\sb19_ready_set_g_20260204_061220.html
2026-02-04 06:12:29;We Wish You A Merry GCash;SB19;1326897;https://open.spotify.com/track/7H2N6amk6lmn9oahy3qxQl;D:\dev\SB19\saved_pages\sb19_we_wish_you_a_merry_gcash_20260204_061229.html
2026-02-04 06:12:39;Make It Merry, I-GCash Mo;SB19;1015401;https://open.spotify.com/track/1cTLpJs2LHvA0q5Z6YWzbD;D:\dev\SB19\saved_pages\sb19_make_it_merry_i_gcash_mo_20260204_061239.html
2026-02-04 06:12:49;Tara, Summer Na!;SB19;1907469;https://open.spotify.com/track/5RbO3gk0BiIfoFop0un9Dn;D:\dev\SB19\saved_pages\sb19_tara_summer_na_20260204_061248.html
2026-02-04 06:12:58;TM Doble Dekada (Samahang Pina-Easy);SB19;2856182;https://open.spotify.com/track/5pSDEveqgXTvPU102hAIY1;D:\dev\SB19\saved_pages\sb19_tm_doble_dekada_samahang_pina_easy_20260204_061258.html
2026-02-04 06:13:08;Dobleng GV sa FunPasko (Noon, Ngayon, Palagi);SB19;674705;https://open.spotify.com/track/5hVNG3wLy8rSSCqShicG4I;D:\dev\SB19\saved_pages\sb19_dobleng_gv_sa_funpasko_noon_ngayon_palagi_20260204_061308.html
2026-02-04 06:13:17;TM FunPasko (Samahang Pina-Easy);SB19;904817;https://open.spotify.com/track/1ZLVZ75W0ZNqiuzQPbz3ZG;D:\dev\SB19\saved_pages\sb19_tm_funpasko_samahang_pina_easy_20260204_061317.html
2026-02-04 06:13:27;Push Ang Pusuan;SB19;3494129;https://open.spotify.com/track/2hUZkOBSRlp6uB9hXvYgPi;D:\dev\SB19\saved_pages\sb19_push_ang_pusuan_20260204_061327.html
2026-02-04 06:13:37;Team Tayo;SB19;1059108;https://open.spotify.com/track/3aKVPphQZ3kjwY7Tn1TUhP;D:\dev\SB19\saved_pages\sb19_team_tayo_20260204_061337.html
2026-02-04 06:13:46;Ating Pasko;SB19;2428683;https://open.spotify.com/track/7y5C9pM3gt7WNoiSzFHcGN;D:\dev\SB19\saved_pages\sb19_ating_pasko_20260204_061346.html
2026-02-04 06:13:56;La Luna;PABLO;17461532;https://open.spotify.com/track/01NEcBpMXPQNxONQnObJJ3;D:\dev\SB19\saved_pages\pablo_la_luna_20260204_061356.html
2026-02-04 06:14:05;Presyon;PABLO;2661954;https://open.spotify.com/track/7cErqp4Jg64PcqAE0uYeZP;D:\dev\SB19\saved_pages\pablo_presyon_20260204_061405.html
2026-02-04 06:14:15;Wala;PABLO;2895035;https://open.spotify.com/track/5gLNDt687YE0Zgad2yaaAD;D:\dev\SB19\saved_pages\pablo_wala_20260204_061415.html
2026-02-04 06:14:25;The Boy Who Cried Wolf;PABLO;4928930;https://open.spotify.com/track/3dNKnbTBjliNTwCeLqlMG3;D:\dev\SB19\saved_pages\pablo_the_boy_who_cried_wolf_20260204_061425.html
2026-02-04 06:14:34;Kumunoy;PABLO;4011183;https://open.spotify.com/track/6WkQrra0cZQAo42aMxdT2X;D:\dev\SB19\saved_pages\pablo_kumunoy_20260204_061434.html
2026-02-04 06:14:44;Kelan;PABLO;2457875;https://open.spotify.com/track/39aItIaR9sIBz3EP8RXuhs;D:\dev\SB19\saved_pages\pablo_kelan_20260204_061444.html
2026-02-04 06:14:53;Drowning in the Water;PABLO;5667311;https://open.spotify.com/track/6065mStxNxs8sCy3yCrg8H;D:\dev\SB19\saved_pages\pablo_drowning_in_the_water_20260204_061453.html
2026-02-04 06:15:03;Breathe (Outro);PABLO;1904144;https://open.spotify.com/track/2lKyuf60Q5qSwTF0dl7qM6;D:\dev\SB19\saved_pages\pablo_breathe_outro_20260204_061503.html
2026-02-04 06:15:13;Neumun;PABLO;3682936;https://open.spotify.com/track/4DF1e91DMTM4oTpW8jgsP2;D:\dev\SB19\saved_pages\pablo_neumun_20260204_061513.html
2026-02-04 06:15:22;Don't Care;PABLO;2803322;https://open.spotify.com/track/06YsrZvTJmdPNXY5La1jFK;D:\dev\SB19\saved_pages\pablo_don_t_care_20260204_061522.html
2026-02-04 06:15:32;Butata;PABLO;6680980;https://open.spotify.com/track/68hXl4L5vCusj8U2QlC73D;D:\dev\SB19\saved_pages\pablo_butata_20260204_061532.html
2026-02-04 06:15:41;Puyat;PABLO;3212812;https://open.spotify.com/track/5EiD5Pk0Wv6dkHS1ZpNvzE;D:\dev\SB19\saved_pages\pablo_puyat_20260204_061541.html
2026-02-04 06:15:51;Blessed;PABLO;4089827;https://open.spotify.com/track/4hdPboEAxOZjaaHML4q62u;D:\dev\SB19\saved_pages\pablo_blessed_20260204_061551.html
2026-02-04 06:16:01;Tambol (Ibang Planeta);PABLO;2514371;https://open.spotify.com/track/753jWXJVBxK6cuYDUVbeux;D:\dev\SB19\saved_pages\pablo_tambol_ibang_planeta_20260204_061601.html
2026-02-04 06:16:10;Micha!;PABLO;3492433;https://open.spotify.com/track/7F3NzrsN3zNGcIP2FbUYUo;D:\dev\SB19\saved_pages\pablo_micha_20260204_061610.html
2026-02-04 06:16:20;DETERMINADO;PABLO;6337930;https://open.spotify.com/track/0hQJzMEbXg8ssQwgMbJUbw;D:\dev\SB19\saved_pages\pablo_determinado_20260204_061620.html
2026-02-04 06:16:29;AKALA;PABLO;5397300;https://open.spotify.com/track/5w4CLRxwroocAzFiJ568oY;D:\dev\SB19\saved_pages\pablo_akala_20260204_061629.html
2026-02-04 06:16:39;edsa;PABLO;7864757;https://open.spotify.com/track/64p2tRd4zsBsJUucEnfWrX;D:\dev\SB19\saved_pages\pablo_edsa_20260204_061639.html
2026-02-04 06:16:48;Liwanag sa Dilim (from Incognito);PABLO;6374217;https://open.spotify.com/track/3Ynpt5qseTmDdl9bN21FNJ;D:\dev\SB19\saved_pages\pablo_liwanag_sa_dilim_from_incognito_20260204_061648.html
2026-02-04 06:16:58;Palayo;FELIP;12346318;https://open.spotify.com/track/3FvYLNM5ShB5vDCzGw8syX;D:\dev\SB19\saved_pages\felip_palayo_20260204_061658.html
2026-02-04 06:17:08;Bulan;FELIP;6697886;https://open.spotify.com/track/2qYmu6Obx3NW1VeNOiCFMK;D:\dev\SB19\saved_pages\felip_bulan_20260204_061708.html
2026-02-04 06:17:17;ROCKSTA;FELIP;6412916;https://open.spotify.com/track/5UhtleGyBZJCvG8cstjLkr;D:\dev\SB19\saved_pages\felip_rocksta_20260204_061717.html
2026-02-04 06:17:27;SUPERIORITY;FELIP;3695856;https://open.spotify.com/track/3Tzmy7ExNOlP0tdDr9sjUT;D:\dev\SB19\saved_pages\felip_superiority_20260204_061727.html
2026-02-04 06:17:37;MICTEST;FELIP;4229067;https://open.spotify.com/track/5MC8Oxr5FTIQYJ6f7Cg6gR;D:\dev\SB19\saved_pages\felip_mictest_20260204_061737.html
2026-02-04 06:17:46;DRINKSMOKE;FELIP;5270495;https://open.spotify.com/track/29UIvWBrkjWtVuSEyexLt1;D:\dev\SB19\saved_pages\felip_drinksmoke_20260204_061746.html
2026-02-04 06:17:56;CRIMINAL;FELIP;6582088;https://open.spotify.com/track/4YPz66cDppOl9KVUOCpBV5;D:\dev\SB19\saved_pages\felip_criminal_20260204_061756.html
2026-02-04 06:18:05;STRAYDOGS;FELIP;5593441;https://open.spotify.com/track/03aFaNBeCXmFl194HuyWKe;D:\dev\SB19\saved_pages\felip_straydogs_20260204_061805.html
2026-02-04 06:18:15;Kanako;FELIP;9809968;https://open.spotify.com/track/76hOMoRACZOQq5CfqSNU9i;D:\dev\SB19\saved_pages\felip_kanako_20260204_061815.html
2026-02-04 06:18:25;Moving Closer;FELIP;10352779;https://open.spotify.com/track/59PCn7ObERln3cPl84CGx6;D:\dev\SB19\saved_pages\felip_moving_closer_20260204_061824.html
2026-02-04 06:18:34;FLYYY;FELIP;3520312;https://open.spotify.com/track/0PWBx43woMnsyUC72NC1Gl;D:\dev\SB19\saved_pages\felip_flyyy_20260204_061834.html
2026-02-04 06:18:44;Pagdali;FELIP;3421152;https://open.spotify.com/track/7fMR5ryCo3m38yyj1PCym4;D:\dev\SB19\saved_pages\felip_pagdali_20260204_061844.html
2026-02-04 06:18:54;Fake Faces;FELIP;8819658;https://open.spotify.com/track/4ntKnZnztFdovszJpIoeVO;D:\dev\SB19\saved_pages\felip_fake_faces_20260204_061853.html
2026-02-04 06:19:03;foes;FELIP;2399074;https://open.spotify.com/track/5IyWs6bAMeT9vPUiUVgSdd;D:\dev\SB19\saved_pages\felip_foes_20260204_061903.html
2026-02-04 06:19:13;envy;FELIP;3427447;https://open.spotify.com/track/6uJggzzrSE5tK9CRTZejgm;D:\dev\SB19\saved_pages\felip_envy_20260204_061913.html
2026-02-04 06:19:22;wrath;FELIP;2034764;https://open.spotify.com/track/12VANuhDUHnXRtRG6YP72a;D:\dev\SB19\saved_pages\felip_wrath_20260204_061922.html
2026-02-04 06:19:32;greed;FELIP;3337011;https://open.spotify.com/track/3foNAstTb7fdbbfFnKwn28;D:\dev\SB19\saved_pages\felip_greed_20260204_061932.html
2026-02-04 06:19:42;pride;FELIP;1930593;https://open.spotify.com/track/1jZET8rPE5RWZZrkCM2toY;D:\dev\SB19\saved_pages\felip_pride_20260204_061942.html
2026-02-04 06:19:51;gluttony;FELIP;1726433;https://open.spotify.com/track/216LlnUj3GfZ0yE2hXZxm0;D:\dev\SB19\saved_pages\felip_gluttony_20260204_061951.html
2026-02-04 06:20:01;lust;FELIP;3516458;https://open.spotify.com/track/70kZ4pCeZ0WIanftduEDov;D:\dev\SB19\saved_pages\felip_lust_20260204_062001.html
2026-02-04 06:20:11;sloth;FELIP;2562203;https://open.spotify.com/track/6PJLoGD9KpyMSx8j7vVWHq;D:\dev\SB19\saved_pages\felip_sloth_20260204_062010.html
2026-02-04 06:20:20;ache;FELIP;4539587;https://open.spotify.com/track/3G3ZYOLBcjbIv0GDlIoZeh;D:\dev\SB19\saved_pages\felip_ache_20260204_062020.html
2026-02-04 06:20:30;ID;FELIP;2413191;https://open.spotify.com/track/2cXkFKFgEW5Myc0yNy6CqL;D:\dev\SB19\saved_pages\felip_id_20260204_062030.html
2026-02-04 06:20:39;KAWASAKI;FELIP;1678826;https://open.spotify.com/track/37ifPBg9M2NzlRNHe9WUIy;D:\dev\SB19\saved_pages\felip_kawasaki_20260204_062039.html
2026-02-04 06:20:49;Palayo - Live Band Ver;FELIP;2233374;https://open.spotify.com/track/6gdcXFz1q9WKAlB2ybVM3F;D:\dev\SB19\saved_pages\felip_palayo_live_band_ver_20260204_062049.html
2026-02-04 06:20:59;Bulan - Live Band Ver;FELIP;1949998;https://open.spotify.com/track/048YgXKAXF8eTwMCfYylhD;D:\dev\SB19\saved_pages\felip_bulan_live_band_ver_20260204_062058.html
2026-02-04 06:21:08;Palayo Inst.;FELIP;1261807;https://open.spotify.com/track/2RfXO3QnM6gG75Pxu04OqS;D:\dev\SB19\saved_pages\felip_palayo_inst_20260204_062108.html
2026-02-04 06:21:18;Bulan Inst.;FELIP;1186853;https://open.spotify.com/track/4iGoucvzYCbJtG4n4wnJjB;D:\dev\SB19\saved_pages\felip_bulan_inst_20260204_062118.html
2026-02-04 06:21:27;Moving Closer - From The Cafe;FELIP;2216127;https://open.spotify.com/track/1kAyLWCiJfTDhm56kaOXnO;D:\dev\SB19\saved_pages\felip_moving_closer_from_the_cafe_20260204_062127.html
2026-02-04 06:21:37;Moving Closer - From The Lounge;FELIP;1538999;https://open.spotify.com/track/0cd2BCuzH8Vub1cS2eKU7M;D:\dev\SB19\saved_pages\felip_moving_closer_from_the_lounge_20260204_062137.html
2026-02-04 06:21:47;ID (new version);FELIP;202698;https://open.spotify.com/track/7Fu45FLLaE1s0eg8DF5UqT;D:\dev\SB19\saved_pages\felip_id_new_version_20260204_062146.html
2026-02-04 06:21:56;ROCKSTA (Superior Session Live);FELIP;1504364;https://open.spotify.com/track/5EP2vLFwMHpWFWeZVvt3jU;D:\dev\SB19\saved_pages\felip_rocksta_superior_session_live_20260204_062156.html
2026-02-04 06:22:06;SUPERIORITY (Superior Session Live);FELIP;1404616;https://open.spotify.com/track/5VmjG0uTHcrn43Ynetfomd;D:\dev\SB19\saved_pages\felip_superiority_superior_session_live_20260204_062206.html
2026-02-04 06:22:15;MICTEST (Superior Session Live);FELIP;1335315;https://open.spotify.com/track/0FW1fvsv00RCGNPjVHJg3x;D:\dev\SB19\saved_pages\felip_mictest_superior_session_live_20260204_062215.html
2026-02-04 06:22:25;DRINKSMOKE (Superior Session Live);FELIP;1515777;https://open.spotify.com/track/5Iw7boOrwCpWlaJtNTTHG6;D:\dev\SB19\saved_pages\felip_drinksmoke_superior_session_live_20260204_062225.html
2026-02-04 06:22:35;CRIMINAL (Superior Session Live);FELIP;1708117;https://open.spotify.com/track/2FxQjJcpsdHQHTqjVhlqP4;D:\dev\SB19\saved_pages\felip_criminal_superior_session_live_20260204_062235.html
2026-02-04 06:22:44;STRAYDOGS (Superior Session Live);FELIP;1338953;https://open.spotify.com/track/4W28quZaVhLdbpojBeooaZ;D:\dev\SB19\saved_pages\felip_straydogs_superior_session_live_20260204_062244.html
2026-02-04 06:22:54;to sin is human, to forgive is divine - live;FELIP;160161;https://open.spotify.com/track/5lbuH5ieouWZ43qHAcCK08;D:\dev\SB19\saved_pages\felip_to_sin_is_human_to_forgive_is_divine_live_20260204_062254.html
2026-02-04 06:23:04;foes - live;FELIP;153215;https://open.spotify.com/track/44TFeq1FSLniRzbThYVWom;D:\dev\SB19\saved_pages\felip_foes_live_20260204_062303.html
2026-02-04 06:23:13;envy - live;FELIP;135955;https://open.spotify.com/track/41gwpmt6wVdwDgjE430dm6;D:\dev\SB19\saved_pages\felip_envy_live_20260204_062313.html
2026-02-04 06:23:23;greed - live;FELIP;147283;https://open.spotify.com/track/5fWWoFfmqwBhBq93Rc6YqB;D:\dev\SB19\saved_pages\felip_greed_live_20260204_062323.html
2026-02-04 06:23:34;lust - live;FELIP;143590;https://open.spotify.com/track/2hlY0jd3uRy5i7SuN1oz7Z;D:\dev\SB19\saved_pages\felip_lust_live_20260204_062334.html
2026-02-04 06:23:43;pride - live;FELIP;128564;https://open.spotify.com/track/45ZCoFCk3DL7d84d7bwWdz;D:\dev\SB19\saved_pages\felip_pride_live_20260204_062343.html
2026-02-04 06:23:53;gluttony (feat. PLAYERTWO) - live;FELIP;130092;https://open.spotify.com/track/0HaZMHBzZOYqdEcCtzAHEU;D:\dev\SB19\saved_pages\felip_gluttony_feat_playertwo_live_20260204_062353.html
2026-02-04 06:24:03;wrath - live;FELIP;142062;https://open.spotify.com/track/5ykca7sZJ8OAUepkUGIdRE;D:\dev\SB19\saved_pages\felip_wrath_live_20260204_062403.html
2026-02-04 06:24:12;tokyo - live;FELIP;618559;https://open.spotify.com/track/5KKi1lmsdHfm4IYZ1YSy94;D:\dev\SB19\saved_pages\felip_tokyo_live_20260204_062412.html
2026-02-04 06:24:22;sloth - live;FELIP;137821;https://open.spotify.com/track/6dmzbxC4WjfB3ucXZUUaO5;D:\dev\SB19\saved_pages\felip_sloth_live_20260204_062422.html
2026-02-04 06:24:32;grace - live;FELIP;144960;https://open.spotify.com/track/6HsmDcIbYCn7YzWBUKEucW;D:\dev\SB19\saved_pages\felip_grace_live_20260204_062432.html
2026-02-04 06:24:41;ache - live;FELIP;169899;https://open.spotify.com/track/4lQY03QyHAKDj6XdDgVDcL;D:\dev\SB19\saved_pages\felip_ache_live_20260204_062441.html
2026-02-04 06:24:51;WILD TONIGHT;JOSH CULLEN;9750650;https://open.spotify.com/track/4yBwaJUom5dOYp54wU6hA2;D:\dev\SB19\saved_pages\josh_cullen_wild_tonight_20260204_062451.html
2026-02-04 06:25:00;Pakiusap Lang;JOSH CULLEN;5266008;https://open.spotify.com/track/6trU06kJgdYaPqRUvz5K9e;D:\dev\SB19\saved_pages\josh_cullen_pakiusap_lang_20260204_062500.html
2026-02-04 06:25:10;GET RIGHT;JOSH CULLEN;4623539;https://open.spotify.com/track/56FnjRDkdoCV5lVSyuQ9MU;D:\dev\SB19\saved_pages\josh_cullen_get_right_20260204_062510.html
2026-02-04 06:25:20;Yoko Na;JOSH CULLEN;10383230;https://open.spotify.com/track/6SIaYQUPOJpO8XFWeTl5dC;D:\dev\SB19\saved_pages\josh_cullen_yoko_na_20260204_062519.html
2026-02-04 06:25:29;1999;JOSH CULLEN;6252190;https://open.spotify.com/track/0PMfgKba5PLGETb02cDcMg;D:\dev\SB19\saved_pages\josh_cullen_1999_20260204_062529.html
2026-02-04 06:25:39;See Me;JOSH CULLEN;2928439;https://open.spotify.com/track/5jH6p468HtmNHdJiubGQ6t;D:\dev\SB19\saved_pages\josh_cullen_see_me_20260204_062539.html
2026-02-04 06:25:48;Silent Cries;JOSH CULLEN;3837882;https://open.spotify.com/track/1x0Y2jS5oJW4Q3aU9jZBER;D:\dev\SB19\saved_pages\josh_cullen_silent_cries_20260204_062548.html
2026-02-04 06:25:58;Honest;JOSH CULLEN;2650813;https://open.spotify.com/track/1Rl5KDAu4wrUsQZZtD2hiy;D:\dev\SB19\saved_pages\josh_cullen_honest_20260204_062558.html
2026-02-04 06:26:08;No Control;JOSH CULLEN;2199744;https://open.spotify.com/track/0Rg0DIhiShdvZvF7snNZIt;D:\dev\SB19\saved_pages\josh_cullen_no_control_20260204_062607.html
2026-02-04 06:26:17;Lights Out;JOSH CULLEN;1963480;https://open.spotify.com/track/2TQQX4gYeQmobxNEXwtrZ3;D:\dev\SB19\saved_pages\josh_cullen_lights_out_20260204_062617.html
2026-02-04 06:26:27;Sumaya;JOSH CULLEN;5322959;https://open.spotify.com/track/2qKu8tPpilCBJqxzGWcOaC;D:\dev\SB19\saved_pages\josh_cullen_sumaya_20260204_062627.html
2026-02-04 06:26:37;Silent Cries (Instrumental);JOSH CULLEN;533991;https://open.spotify.com/track/5FQodaxJAZTUPjdpbDT9pa;D:\dev\SB19\saved_pages\josh_cullen_silent_cries_instrumental_20260204_062637.html
2026-02-04 06:26:46;No Control (Instrumental);JOSH CULLEN;520914;https://open.spotify.com/track/65LG9NubWQtyImpyNXotHo;D:\dev\SB19\saved_pages\josh_cullen_no_control_instrumental_20260204_062646.html
2026-02-04 06:26:56;Takbuhan;JOSH CULLEN;924293;https://open.spotify.com/track/3RCVzaTWA7h1SR0nWQtIk1;D:\dev\SB19\saved_pages\josh_cullen_takbuhan_20260204_062656.html
2026-02-04 06:27:05;Re: Thinkin' About You;JOSH CULLEN;4262053;https://open.spotify.com/track/2R1CjdVdXz7frvQRwCdQa6;D:\dev\SB19\saved_pages\josh_cullen_re_thinkin_about_you_20260204_062705.html
2026-02-04 06:27:15;Room;Stell;12043793;https://open.spotify.com/track/1PLKN0HC7m5drBHg0jarZE;D:\dev\SB19\saved_pages\stell_room_20260204_062715.html
2026-02-04 06:27:25;Anino;Stell;6114795;https://open.spotify.com/track/5tMJZOyBv8t49i9elHuQZF;D:\dev\SB19\saved_pages\stell_anino_20260204_062724.html
2026-02-04 06:27:34;'Di Ko Masabi;Stell;7670430;https://open.spotify.com/track/3JEE0hhTI6u9CEZCZWalKe;D:\dev\SB19\saved_pages\stell_di_ko_masabi_20260204_062734.html
2026-02-04 06:27:44;Classic;Stell;6581225;https://open.spotify.com/track/15bdfvbGida1Z8OVZ0YvSQ;D:\dev\SB19\saved_pages\stell_classic_20260204_062744.html
2026-02-04 06:27:53;Room (Stripped);Stell;4797230;https://open.spotify.com/track/6fwpkEZRQZ8Kr5Ws4q0Kyn;D:\dev\SB19\saved_pages\stell_room_stripped_20260204_062753.html
2026-02-04 06:28:03;Surreal;justin;14999148;https://open.spotify.com/track/5TT4xi1HEPTkVTO59jY3tz;D:\dev\SB19\saved_pages\justin_surreal_20260204_062803.html
2026-02-04 06:28:12;Sunday Morning;justin;5451448;https://open.spotify.com/track/3sp427zYHOXL3LPCYgwuRv;D:\dev\SB19\saved_pages\justin_sunday_morning_20260204_062812.html
2026-02-04 06:28:22;Kaibigan;justin;8823410;https://open.spotify.com/track/3rwioq6hSNjwynK8rVPCma;D:\dev\SB19\saved_pages\justin_kaibigan_20260204_062822.html
2026-02-04 06:28:32;Sampung Mga Daliri;justin;7587173;https://open.spotify.com/track/2MHg2BVPaTgiCUDWp2jZqf;D:\dev\SB19\saved_pages\justin_sampung_mga_daliri_20260204_062832.html
2026-02-04 06:28:41;Sampung Mga Daliri (Reimagined Version);justin;719955;https://open.spotify.com/track/4nnhn2O5oQmPC2HedN5W4b;D:\dev\SB19\saved_pages\justin_sampung_mga_daliri_reimagined_version_20260204_062841.html
2026-02-04 06:28:51;Sampung Mga Daliri (Acoustic Version);justin;1584030;https://open.spotify.com/track/0WoGaGmUip0OPQ662Drdlj;D:\dev\SB19\saved_pages\justin_sampung_mga_daliri_acoustic_version_20260204_062851.html
2026-02-04 06:29:01;GENTO - From THE FIRST TAKE;SB19;7061475;https://open.spotify.com/track/2h7syqD1QScej4PqMxJfp2;D:\dev\SB19\saved_pages\sb19_gento_from_the_first_take_20260204_062900.html
2026-02-04 06:29:10;MAPA - From THE FIRST TAKE;SB19;5209192;https://open.spotify.com/track/4MZbVDIPOYmPkjcVqpPe9v;D:\dev\SB19\saved_pages\sb19_mapa_from_the_first_take_20260204_062910.html
2026-02-04 06:29:20;DAM - From THE FIRST TAKE;SB19;2115607;https://open.spotify.com/track/14WOLW4oTwD7Mh9eb0hLDs;D:\dev\SB19\saved_pages\sb19_dam_from_the_first_take_20260204_062920.html
2026-02-04 06:29:29;Time - From THE FIRST TAKE;SB19;2265128;https://open.spotify.com/track/1ctnGFHyklJbmHLyaDYtyg;D:\dev\SB19\saved_pages\sb19_time_from_the_first_take_20260204_062929.html
2026-02-04 06:29:39;Moonlight (Ian Asher Club Mix);SB19;2956420;https://open.spotify.com/track/5YYzdzlunDyLDwlM40W0Gc;D:\dev\SB19\saved_pages\sb19_moonlight_ian_asher_club_mix_20260204_062939.html
2026-02-04 06:29:48;Umaaligid (Extended Ver.);SB19;2742474;https://open.spotify.com/track/1XFHLGwXrlL0FpJgRcFYTI;D:\dev\SB19\saved_pages\sb19_umaaligid_extended_ver_20260204_062948.html
2026-02-04 06:29:58;Love Yours (DIOR & RealBros Remix);SB19;869028;https://open.spotify.com/track/3qw9D8YC0sezDriUMx5lRG;D:\dev\SB19\saved_pages\sb19_love_yours_dior_realbros_remix_20260204_062958.html
2026-02-04 06:30:08;What? - Extended Version;SB19;6311173;https://open.spotify.com/track/7jn2llkeDI9IRROCYNa7sL;D:\dev\SB19\saved_pages\sb19_what_extended_version_20260204_063007.html
2026-02-05 06:00:27;Tilaluha;SB19;23686330;https://open.spotify.com/track/0fPJsVtCOXqjHxKS9kc13s;D:\dev\SB19\saved_pages\sb19_tilaluha_20260205_060027.html
2026-02-05 06:00:50;Go Up;SB19;N/A;https://open.spotify.com/track/5VoY18OYEE2E6RJCBd2jki;D:\dev\SB19\saved_pages\sb19_go_up_20260205_060047.html
2026-02-05 06:01:04;Alab (Burning);SB19;22640427;https://open.spotify.com/track/053ZzdU3Rya4NMxiWMPqnq;D:\dev\SB19\saved_pages\sb19_alab_burning_20260205_060104.html
2026-02-05 06:01:14;Hanggang Sa Huli;SB19;32332228;https://open.spotify.com/track/2WUhR1SraSy0SVIQKohJb6;D:\dev\SB19\saved_pages\sb19_hanggang_sa_huli_20260205_060113.html
2026-02-05 06:01:24;Love Goes;SB19;11167721;https://open.spotify.com/track/5p70OUKixtLRpnK5uSdqro;D:\dev\SB19\saved_pages\sb19_love_goes_20260205_060124.html
2026-02-05 06:01:34;Love Goes (EDM Version);SB19;7155882;https://open.spotify.com/track/0LAh3hfeuUekvLm3Nq6MmA;D:\dev\SB19\saved_pages\sb19_love_goes_edm_version_20260205_060134.html
2026-02-05 06:01:44;'Wag Mong Ikunot Ang Iyong Noo;SB19;9491808;https://open.spotify.com/track/5sJxhdzehdLq9iPzNnTR71;D:\dev\SB19\saved_pages\sb19_wag_mong_ikunot_ang_iyong_noo_20260205_060144.html
2026-02-05 06:01:54;Tilaluha (Instrumental);SB19;2215990;https://open.spotify.com/track/5lMxdErNKHh797tOT3mBvk;D:\dev\SB19\saved_pages\sb19_tilaluha_instrumental_20260205_060154.html
2026-02-05 06:02:04;Hanggang Sa Huli (Instrumental);SB19;2324988;https://open.spotify.com/track/6JZkWjVjOQAUPzNfGr4Dp0;D:\dev\SB19\saved_pages\sb19_hanggang_sa_huli_instrumental_20260205_060203.html
2026-02-05 06:02:13;What?;SB19;25759822;https://open.spotify.com/track/1evZendZnEe8a8eXjd1Bcn;D:\dev\SB19\saved_pages\sb19_what_20260205_060213.html
2026-02-05 06:02:23;MAPA;SB19;86201850;https://open.spotify.com/track/6Fz2TpxUD0YvAPsuG8nDMJ;D:\dev\SB19\saved_pages\sb19_mapa_20260205_060223.html
2026-02-05 06:02:32;Bazinga;SB19;31835921;https://open.spotify.com/track/5QZw4F3N3PvuKNKHm9L20b;D:\dev\SB19\saved_pages\sb19_bazinga_20260205_060232.html
2026-02-05 06:02:42;SLMT;SB19;17525235;https://open.spotify.com/track/0AbJoAxuqYgMrmXvtFOc0K;D:\dev\SB19\saved_pages\sb19_slmt_20260205_060242.html
2026-02-05 06:02:52;Mana;SB19;20833236;https://open.spotify.com/track/0EtkP3TUHvTeDIgrpgMS8m;D:\dev\SB19\saved_pages\sb19_mana_20260205_060252.html
2026-02-05 06:03:02;Ikako;SB19;14793177;https://open.spotify.com/track/5qHUmt5jIvDaOzMXiX533o;D:\dev\SB19\saved_pages\sb19_ikako_20260205_060301.html
2026-02-05 06:03:16;Gento;SB19;76019999;https://open.spotify.com/track/1o6uF8VmXna99ysHTcQRI2;D:\dev\SB19\saved_pages\sb19_gento_20260205_060311.html
2026-02-05 06:03:29;I Want You;SB19;31633293;https://open.spotify.com/track/16GGH8OF6LiSUTTbm8421f;D:\dev\SB19\saved_pages\sb19_i_want_you_20260205_060328.html
2026-02-05 06:03:41;Ilaw;SB19;19798783;https://open.spotify.com/track/4zoqT3f80GyytJvnhVHgEl;D:\dev\SB19\saved_pages\sb19_ilaw_20260205_060341.html
2026-02-05 06:03:54;Crimzone;SB19;25436183;https://open.spotify.com/track/5GcS9zT4iIL7l0JrqZeG6O;D:\dev\SB19\saved_pages\sb19_crimzone_20260205_060354.html
2026-02-05 06:04:04;LIHAM;SB19;20200059;https://open.spotify.com/track/5MQ1nQ0MZMRO4yPQWdCeEb;D:\dev\SB19\saved_pages\sb19_liham_20260205_060403.html
2026-02-05 06:04:13;Freedom;SB19;16476340;https://open.spotify.com/track/2CuYpdcx2f9XbMZhc3ST8E;D:\dev\SB19\saved_pages\sb19_freedom_20260205_060413.html
2026-02-05 06:04:23;DAM;SB19;60920888;https://open.spotify.com/track/1NNsL6tYk06TqTea3mKB9P;D:\dev\SB19\saved_pages\sb19_dam_20260205_060423.html
2026-02-05 06:04:33;Time;SB19;22149695;https://open.spotify.com/track/1OvE4CwaIZJ89Eq0qXGCEF;D:\dev\SB19\saved_pages\sb19_time_20260205_060433.html
2026-02-05 06:04:42;8TonBall;SB19;16048739;https://open.spotify.com/track/7AqrfyOdFWPnjQrgzWzcUz;D:\dev\SB19\saved_pages\sb19_8tonball_20260205_060442.html
2026-02-05 06:04:52;Quit;SB19;17111426;https://open.spotify.com/track/7oIQWmbKShhEt2yTSBxNpu;D:\dev\SB19\saved_pages\sb19_quit_20260205_060452.html
2026-02-05 06:05:02;Shooting for the Stars;SB19;15027043;https://open.spotify.com/track/6q3qzeZgWgoFrV6DmaZr1R;D:\dev\SB19\saved_pages\sb19_shooting_for_the_stars_20260205_060501.html
2026-02-05 06:05:11;Dungka!;SB19;27936770;https://open.spotify.com/track/7mqsPvhSR1CtY6PkTf1YVy;D:\dev\SB19\saved_pages\sb19_dungka_20260205_060511.html
2026-02-05 06:05:21;DAM (Extended Ver.);SB19;18894098;https://open.spotify.com/track/0pjhHUx21NsPuSCH0H3lW6;D:\dev\SB19\saved_pages\sb19_dam_extended_ver_20260205_060521.html
2026-02-05 06:05:32;What? (Simula at Wakas Tour Kickoff);SB19;221825;https://open.spotify.com/track/4FEhO3lDTOseNLhBNBAvpW;D:\dev\SB19\saved_pages\sb19_what_simula_at_wakas_tour_kickoff_20260205_060532.html
2026-02-05 06:05:42;GENTO (Simula at Wakas Tour Kickoff);SB19;212904;https://open.spotify.com/track/1BYHhhwMf7QRr2a7p64tRU;D:\dev\SB19\saved_pages\sb19_gento_simula_at_wakas_tour_kickoff_20260205_060542.html
2026-02-05 06:05:51;Mana (Simula at Wakas Tour Kickoff);SB19;208550;https://open.spotify.com/track/4LPgthOM2aB1mbPIxgZy8P;D:\dev\SB19\saved_pages\sb19_mana_simula_at_wakas_tour_kickoff_20260205_060551.html
2026-02-05 06:06:01;Moonlight (Simula at Wakas Tour Kickoff);SB19;311837;https://open.spotify.com/track/5N3AnPqWcSDNLGbSr1etzb;D:\dev\SB19\saved_pages\sb19_moonlight_simula_at_wakas_tour_kickoff_20260205_060601.html
2026-02-05 06:06:10;I WANT YOU (Simula at Wakas Tour Kickoff);SB19;341343;https://open.spotify.com/track/5V0qUkMEIac9nis4SDb2XD;D:\dev\SB19\saved_pages\sb19_i_want_you_simula_at_wakas_tour_kickoff_20260205_060610.html
2026-02-05 06:06:20;WYAT (Where You At) (Simula at Wakas Tour Kickoff);SB19;205158;https://open.spotify.com/track/0VUpreONXiBKhTmg7LNWS6;D:\dev\SB19\saved_pages\sb19_wyat_where_you_at_simula_at_wakas_tour_kickoff_20260205_060620.html
2026-02-05 06:06:30;DUNGKA! (Simula at Wakas Tour Kickoff);SB19;191767;https://open.spotify.com/track/4ZUl5u7opmH0U5vULsSbPe;D:\dev\SB19\saved_pages\sb19_dungka_simula_at_wakas_tour_kickoff_20260205_060630.html
2026-02-05 06:06:39;Bazinga (Simula at Wakas Tour Kickoff);SB19;190871;https://open.spotify.com/track/6CfcGGotSNm6kpG0zxPXrc;D:\dev\SB19\saved_pages\sb19_bazinga_simula_at_wakas_tour_kickoff_20260205_060639.html
2026-02-05 06:06:49;8TonBall (Simula at Wakas Tour Kickoff);SB19;193778;https://open.spotify.com/track/54UfPbjMn8dwtYazgHrydY;D:\dev\SB19\saved_pages\sb19_8tonball_simula_at_wakas_tour_kickoff_20260205_060649.html
2026-02-05 06:07:00;CRIMZONE (Simula at Wakas Tour Kickoff);SB19;191066;https://open.spotify.com/track/1Sg2y4WDHzGRf4N03fUkep;D:\dev\SB19\saved_pages\sb19_crimzone_simula_at_wakas_tour_kickoff_20260205_060700.html
2026-02-05 06:07:10;Nyebe (Simula at Wakas Tour Kickoff);SB19;191141;https://open.spotify.com/track/3o09uzJFcSGLneWp3rCmsT;D:\dev\SB19\saved_pages\sb19_nyebe_simula_at_wakas_tour_kickoff_20260205_060710.html
2026-02-05 06:07:19;Time (Simula at Wakas Tour Kickoff);SB19;183183;https://open.spotify.com/track/1Qdo5W5rPNWhcHQOq1Pdl8;D:\dev\SB19\saved_pages\sb19_time_simula_at_wakas_tour_kickoff_20260205_060719.html
2026-02-05 06:07:30;ILAW (Simula at Wakas Tour Kickoff);SB19;194419;https://open.spotify.com/track/64BRHIKmpuMU7k435yRDAI;D:\dev\SB19\saved_pages\sb19_ilaw_simula_at_wakas_tour_kickoff_20260205_060730.html
2026-02-05 06:07:39;Quit (Simula at Wakas Tour Kickoff);SB19;188308;https://open.spotify.com/track/7ynFrYbCvOaqiwDmeQrWjt;D:\dev\SB19\saved_pages\sb19_quit_simula_at_wakas_tour_kickoff_20260205_060739.html
2026-02-05 06:07:49;MAPA (Simula at Wakas Tour Kickoff);SB19;173685;https://open.spotify.com/track/7v40dop6L3zF1ErVi1X4pj;D:\dev\SB19\saved_pages\sb19_mapa_simula_at_wakas_tour_kickoff_20260205_060749.html
2026-02-05 06:07:59;Shooting for the Stars (Simula at Wakas Tour Kickoff);SB19;172335;https://open.spotify.com/track/5ECgqO3ufZvZ4o3m2Ji3PA;D:\dev\SB19\saved_pages\sb19_shooting_for_the_stars_simula_at_wakas_tour_kickoff_20260205_060759.html
2026-02-05 06:08:11;FREEDOM (Simula at Wakas Tour Kickoff);SB19;159052;https://open.spotify.com/track/72b7uRYHaeLspB9rJqqd6e;D:\dev\SB19\saved_pages\sb19_freedom_simula_at_wakas_tour_kickoff_20260205_060811.html
2026-02-05 06:08:21;SLMT (Simula at Wakas Tour Kickoff);SB19;166827;https://open.spotify.com/track/0ABh4wrkVAalF1tY8H8lNc;D:\dev\SB19\saved_pages\sb19_slmt_simula_at_wakas_tour_kickoff_20260205_060821.html
2026-02-05 06:08:31;DAM (Simula at Wakas Tour Kickoff);SB19;164699;https://open.spotify.com/track/6r7bRefIOKOsImYLZLus3S;D:\dev\SB19\saved_pages\sb19_dam_simula_at_wakas_tour_kickoff_20260205_060831.html
2026-02-05 06:08:40;WYAT (Where You At);SB19;25104425;https://open.spotify.com/track/1z50Hub2XCsAPWo8zgoePu;D:\dev\SB19\saved_pages\sb19_wyat_where_you_at_20260205_060840.html
2026-02-05 06:08:50;Nyebe;SB19;18149220;https://open.spotify.com/track/6aLjE6peuaJQRWRgfjxrRw;D:\dev\SB19\saved_pages\sb19_nyebe_20260205_060850.html
2026-02-05 06:09:00;No Stopping You;SB19;8785680;https://open.spotify.com/track/3KDOf2p1DrKhiqX78R82sh;D:\dev\SB19\saved_pages\sb19_no_stopping_you_20260205_060900.html
2026-02-05 06:09:09;Ligaya;SB19;9726365;https://open.spotify.com/track/2lwaPRPgP9EaaMsbzVaZ3O;D:\dev\SB19\saved_pages\sb19_ligaya_20260205_060909.html
2026-02-05 06:09:19;MAPA (Band Version);SB19;27952078;https://open.spotify.com/track/0QQoU68nnBRWJqr9ak3mnS;D:\dev\SB19\saved_pages\sb19_mapa_band_version_20260205_060919.html
2026-02-05 06:09:29;Kabataang Pinoy;SB19;9111844;https://open.spotify.com/track/6aXWWGw7sQJLx82jZndSQZ;D:\dev\SB19\saved_pages\sb19_kabataang_pinoy_20260205_060929.html
2026-02-05 06:09:38;Win Your Heart;SB19;11102411;https://open.spotify.com/track/0DnNMu0v71ICscsyuQgmu3;D:\dev\SB19\saved_pages\sb19_win_your_heart_20260205_060938.html
2026-02-05 06:09:48;Christmas Party (SB19 Version);SB19;4469815;https://open.spotify.com/track/387ZTKanhRfPXazSyzTWUj;D:\dev\SB19\saved_pages\sb19_christmas_party_sb19_version_20260205_060948.html
2026-02-05 06:09:58;golden hour (SB19 Remix);SB19;21022479;https://open.spotify.com/track/4cGKycusCcECMX79k4NQwS;D:\dev\SB19\saved_pages\sb19_golden_hour_sb19_remix_20260205_060958.html
2026-02-05 06:10:08;Moonlight;SB19;22649664;https://open.spotify.com/track/1xAYG31LamC5qlykRhbWxd;D:\dev\SB19\saved_pages\sb19_moonlight_20260205_061008.html
2026-02-05 06:10:17;Ready;SB19;9745337;https://open.spotify.com/track/4JZocgyzKHdRF0iSOcodJn;D:\dev\SB19\saved_pages\sb19_ready_20260205_061017.html
2026-02-05 06:10:27;KALAKAL;SB19;21769032;https://open.spotify.com/track/1cFGU7MQu0mHS5uVyD1STP;D:\dev\SB19\saved_pages\sb19_kalakal_20260205_061027.html
2026-02-05 06:10:37;MAPA (Indonesian Version);SB19;7433209;https://open.spotify.com/track/23FJNFAeNLzAuFORNvyBFf;D:\dev\SB19\saved_pages\sb19_mapa_indonesian_version_20260205_061037.html
2026-02-05 06:10:47;Umaaligid;SB19;13168178;https://open.spotify.com/track/5XYYmsZJG5qIBAniny4bHe;D:\dev\SB19\saved_pages\sb19_umaaligid_20260205_061046.html
2026-02-05 06:10:56;Burn The Flame;SB19;3082763;https://open.spotify.com/track/3mvN8n8mg7X41CbGvc7xYU;D:\dev\SB19\saved_pages\sb19_burn_the_flame_20260205_061056.html
2026-02-05 06:11:06;Burn The Flame (Taglish Version);SB19;836174;https://open.spotify.com/track/0aKGIF1iGjV6D6vXYDJgyy;D:\dev\SB19\saved_pages\sb19_burn_the_flame_taglish_version_20260205_061106.html
2026-02-05 06:11:17;Burn The Flame (Karaoke Version);SB19;201386;https://open.spotify.com/track/38UTDIDP582bP8ZAU20bsT;D:\dev\SB19\saved_pages\sb19_burn_the_flame_karaoke_version_20260205_061117.html
2026-02-05 06:11:27;Burn The Flame (Instrumental);SB19;140285;https://open.spotify.com/track/1MLMEY4ahXUjTcmi01s4jA;D:\dev\SB19\saved_pages\sb19_burn_the_flame_instrumental_20260205_061127.html
2026-02-05 06:11:37;Love Yours;SB19;5530030;https://open.spotify.com/track/62iq4hiMI4CxLek4nYI14R;D:\dev\SB19\saved_pages\sb19_love_yours_20260205_061137.html
2026-02-05 06:11:46;Kapangyarihan;SB19;23231108;https://open.spotify.com/track/6FFtbC1K2aNeCS376paoHN;D:\dev\SB19\saved_pages\sb19_kapangyarihan_20260205_061146.html
2026-02-05 06:11:56;The One;SB19;8927720;https://open.spotify.com/track/5SZPGItm64sVZ8KVYmoV4N;D:\dev\SB19\saved_pages\sb19_the_one_20260205_061156.html
2026-02-05 06:12:06;Merry Munchkins (SB19 Version);SB19;2738947;https://open.spotify.com/track/3r3U5OpESU60BAVT11KuYS;D:\dev\SB19\saved_pages\sb19_merry_munchkins_sb19_version_20260205_061206.html
2026-02-05 06:12:15;Live It Up;SB19;3939539;https://open.spotify.com/track/42D9L3kTskZ5anDWGBhtEk;D:\dev\SB19\saved_pages\sb19_live_it_up_20260205_061215.html
2026-02-05 06:12:25;Make Your Green Mark;SB19;2462711;https://open.spotify.com/track/0thBJj3R0mM8mLwe2WMJI1;D:\dev\SB19\saved_pages\sb19_make_your_green_mark_20260205_061225.html
2026-02-05 06:12:35;Ace Your World;SB19;3099406;https://open.spotify.com/track/3lgJ5YAfc6wxVB9xpUDyH9;D:\dev\SB19\saved_pages\sb19_ace_your_world_20260205_061235.html
2026-02-05 06:12:44;Reset;SB19;3180723;https://open.spotify.com/track/6a7itY9YQTkmb8oMwwmhRp;D:\dev\SB19\saved_pages\sb19_reset_20260205_061244.html
2026-02-05 06:12:54;Tahanan;SB19;1691788;https://open.spotify.com/track/6XOT8LCjly8StKCooz6pp1;D:\dev\SB19\saved_pages\sb19_tahanan_20260205_061254.html
2026-02-05 06:13:04;G Pa Rin Ang Pasko;SB19;796732;https://open.spotify.com/track/0JYEUl8iJovowKP7Xi6mSM;D:\dev\SB19\saved_pages\sb19_g_pa_rin_ang_pasko_20260205_061304.html
2026-02-05 06:13:13;Ready, Set, G!;SB19;1134886;https://open.spotify.com/track/3RFGJAl8B1MiW4Ti6qvGeq;D:\dev\SB19\saved_pages\sb19_ready_set_g_20260205_061313.html
2026-02-05 06:13:23;We Wish You A Merry GCash;SB19;1327377;https://open.spotify.com/track/7H2N6amk6lmn9oahy3qxQl;D:\dev\SB19\saved_pages\sb19_we_wish_you_a_merry_gcash_20260205_061323.html
2026-02-05 06:13:33;Make It Merry, I-GCash Mo;SB19;1016109;https://open.spotify.com/track/1cTLpJs2LHvA0q5Z6YWzbD;D:\dev\SB19\saved_pages\sb19_make_it_merry_i_gcash_mo_20260205_061333.html
2026-02-05 06:13:42;Tara, Summer Na!;SB19;1908372;https://open.spotify.com/track/5RbO3gk0BiIfoFop0un9Dn;D:\dev\SB19\saved_pages\sb19_tara_summer_na_20260205_061342.html
2026-02-05 06:13:52;TM Doble Dekada (Samahang Pina-Easy);SB19;2857102;https://open.spotify.com/track/5pSDEveqgXTvPU102hAIY1;D:\dev\SB19\saved_pages\sb19_tm_doble_dekada_samahang_pina_easy_20260205_061352.html
2026-02-05 06:14:02;Dobleng GV sa FunPasko (Noon, Ngayon, Palagi);SB19;674872;https://open.spotify.com/track/5hVNG3wLy8rSSCqShicG4I;D:\dev\SB19\saved_pages\sb19_dobleng_gv_sa_funpasko_noon_ngayon_palagi_20260205_061402.html
2026-02-05 06:14:12;TM FunPasko (Samahang Pina-Easy);SB19;905033;https://open.spotify.com/track/1ZLVZ75W0ZNqiuzQPbz3ZG;D:\dev\SB19\saved_pages\sb19_tm_funpasko_samahang_pina_easy_20260205_061411.html
2026-02-05 06:14:21;Push Ang Pusuan;SB19;3495934;https://open.spotify.com/track/2hUZkOBSRlp6uB9hXvYgPi;D:\dev\SB19\saved_pages\sb19_push_ang_pusuan_20260205_061421.html
2026-02-05 06:14:31;Team Tayo;SB19;1059325;https://open.spotify.com/track/3aKVPphQZ3kjwY7Tn1TUhP;D:\dev\SB19\saved_pages\sb19_team_tayo_20260205_061431.html
2026-02-05 06:14:40;Ating Pasko;SB19;2428881;https://open.spotify.com/track/7y5C9pM3gt7WNoiSzFHcGN;D:\dev\SB19\saved_pages\sb19_ating_pasko_20260205_061440.html
2026-02-05 06:14:50;La Luna;PABLO;17465406;https://open.spotify.com/track/01NEcBpMXPQNxONQnObJJ3;D:\dev\SB19\saved_pages\pablo_la_luna_20260205_061450.html
2026-02-05 06:15:00;Presyon;PABLO;2664283;https://open.spotify.com/track/7cErqp4Jg64PcqAE0uYeZP;D:\dev\SB19\saved_pages\pablo_presyon_20260205_061500.html
2026-02-05 06:15:10;Wala;PABLO;2898063;https://open.spotify.com/track/5gLNDt687YE0Zgad2yaaAD;D:\dev\SB19\saved_pages\pablo_wala_20260205_061509.html
2026-02-05 06:15:19;The Boy Who Cried Wolf;PABLO;4937085;https://open.spotify.com/track/3dNKnbTBjliNTwCeLqlMG3;D:\dev\SB19\saved_pages\pablo_the_boy_who_cried_wolf_20260205_061519.html
2026-02-05 06:15:29;Kumunoy;PABLO;4014807;https://open.spotify.com/track/6WkQrra0cZQAo42aMxdT2X;D:\dev\SB19\saved_pages\pablo_kumunoy_20260205_061529.html
2026-02-05 06:15:39;Kelan;PABLO;2460161;https://open.spotify.com/track/39aItIaR9sIBz3EP8RXuhs;D:\dev\SB19\saved_pages\pablo_kelan_20260205_061538.html
2026-02-05 06:15:48;Drowning in the Water;PABLO;5673272;https://open.spotify.com/track/6065mStxNxs8sCy3yCrg8H;D:\dev\SB19\saved_pages\pablo_drowning_in_the_water_20260205_061548.html
2026-02-05 06:15:58;Breathe (Outro);PABLO;1905403;https://open.spotify.com/track/2lKyuf60Q5qSwTF0dl7qM6;D:\dev\SB19\saved_pages\pablo_breathe_outro_20260205_061558.html
2026-02-05 06:16:08;Neumun;PABLO;3686131;https://open.spotify.com/track/4DF1e91DMTM4oTpW8jgsP2;D:\dev\SB19\saved_pages\pablo_neumun_20260205_061608.html
2026-02-05 06:16:17;Don't Care;PABLO;2805577;https://open.spotify.com/track/06YsrZvTJmdPNXY5La1jFK;D:\dev\SB19\saved_pages\pablo_don_t_care_20260205_061617.html
2026-02-05 06:16:27;Butata;PABLO;6686708;https://open.spotify.com/track/68hXl4L5vCusj8U2QlC73D;D:\dev\SB19\saved_pages\pablo_butata_20260205_061627.html
2026-02-05 06:16:36;Puyat;PABLO;3215977;https://open.spotify.com/track/5EiD5Pk0Wv6dkHS1ZpNvzE;D:\dev\SB19\saved_pages\pablo_puyat_20260205_061636.html
2026-02-05 06:16:46;Blessed;PABLO;4094288;https://open.spotify.com/track/4hdPboEAxOZjaaHML4q62u;D:\dev\SB19\saved_pages\pablo_blessed_20260205_061646.html
2026-02-05 06:17:15;Tambol (Ibang Planeta);PABLO;2516234;https://open.spotify.com/track/753jWXJVBxK6cuYDUVbeux;D:\dev\SB19\saved_pages\pablo_tambol_ibang_planeta_20260205_061715.html
2026-02-05 06:17:25;Micha!;PABLO;3497645;https://open.spotify.com/track/7F3NzrsN3zNGcIP2FbUYUo;D:\dev\SB19\saved_pages\pablo_micha_20260205_061724.html
2026-02-05 06:17:34;DETERMINADO;PABLO;6341282;https://open.spotify.com/track/0hQJzMEbXg8ssQwgMbJUbw;D:\dev\SB19\saved_pages\pablo_determinado_20260205_061734.html
2026-02-05 06:17:44;AKALA;PABLO;5399983;https://open.spotify.com/track/5w4CLRxwroocAzFiJ568oY;D:\dev\SB19\saved_pages\pablo_akala_20260205_061744.html
2026-02-05 06:17:53;edsa;PABLO;7869442;https://open.spotify.com/track/64p2tRd4zsBsJUucEnfWrX;D:\dev\SB19\saved_pages\pablo_edsa_20260205_061753.html
2026-02-05 06:18:03;Liwanag sa Dilim (from Incognito);PABLO;6381272;https://open.spotify.com/track/3Ynpt5qseTmDdl9bN21FNJ;D:\dev\SB19\saved_pages\pablo_liwanag_sa_dilim_from_incognito_20260205_061803.html
2026-02-05 06:18:13;Palayo;FELIP;12349840;https://open.spotify.com/track/3FvYLNM5ShB5vDCzGw8syX;D:\dev\SB19\saved_pages\felip_palayo_20260205_061813.html
2026-02-05 06:18:24;Bulan;FELIP;6700594;https://open.spotify.com/track/2qYmu6Obx3NW1VeNOiCFMK;D:\dev\SB19\saved_pages\felip_bulan_20260205_061824.html
2026-02-05 06:18:34;ROCKSTA;FELIP;6415687;https://open.spotify.com/track/5UhtleGyBZJCvG8cstjLkr;D:\dev\SB19\saved_pages\felip_rocksta_20260205_061833.html
2026-02-05 06:18:43;SUPERIORITY;FELIP;3698241;https://open.spotify.com/track/3Tzmy7ExNOlP0tdDr9sjUT;D:\dev\SB19\saved_pages\felip_superiority_20260205_061843.html
2026-02-05 06:18:53;MICTEST;FELIP;4231368;https://open.spotify.com/track/5MC8Oxr5FTIQYJ6f7Cg6gR;D:\dev\SB19\saved_pages\felip_mictest_20260205_061853.html
2026-02-05 06:19:03;DRINKSMOKE;FELIP;5273657;https://open.spotify.com/track/29UIvWBrkjWtVuSEyexLt1;D:\dev\SB19\saved_pages\felip_drinksmoke_20260205_061903.html
2026-02-05 06:19:12;CRIMINAL;FELIP;6585973;https://open.spotify.com/track/4YPz66cDppOl9KVUOCpBV5;D:\dev\SB19\saved_pages\felip_criminal_20260205_061912.html
2026-02-05 06:19:22;STRAYDOGS;FELIP;5595766;https://open.spotify.com/track/03aFaNBeCXmFl194HuyWKe;D:\dev\SB19\saved_pages\felip_straydogs_20260205_061922.html
2026-02-05 06:19:32;Kanako;FELIP;9817050;https://open.spotify.com/track/76hOMoRACZOQq5CfqSNU9i;D:\dev\SB19\saved_pages\felip_kanako_20260205_061932.html
2026-02-05 06:19:41;Moving Closer;FELIP;10357865;https://open.spotify.com/track/59PCn7ObERln3cPl84CGx6;D:\dev\SB19\saved_pages\felip_moving_closer_20260205_061941.html
2026-02-05 06:19:51;FLYYY;FELIP;3521662;https://open.spotify.com/track/0PWBx43woMnsyUC72NC1Gl;D:\dev\SB19\saved_pages\felip_flyyy_20260205_061951.html
2026-02-05 06:20:01;Pagdali;FELIP;3423620;https://open.spotify.com/track/7fMR5ryCo3m38yyj1PCym4;D:\dev\SB19\saved_pages\felip_pagdali_20260205_062001.html
2026-02-05 06:20:11;Fake Faces;FELIP;8823543;https://open.spotify.com/track/4ntKnZnztFdovszJpIoeVO;D:\dev\SB19\saved_pages\felip_fake_faces_20260205_062011.html
2026-02-05 06:20:20;foes;FELIP;2400805;https://open.spotify.com/track/5IyWs6bAMeT9vPUiUVgSdd;D:\dev\SB19\saved_pages\felip_foes_20260205_062020.html
2026-02-05 06:20:30;envy;FELIP;3429406;https://open.spotify.com/track/6uJggzzrSE5tK9CRTZejgm;D:\dev\SB19\saved_pages\felip_envy_20260205_062030.html
2026-02-05 06:20:40;wrath;FELIP;2036040;https://open.spotify.com/track/12VANuhDUHnXRtRG6YP72a;D:\dev\SB19\saved_pages\felip_wrath_20260205_062039.html
2026-02-05 06:20:50;greed;FELIP;3339765;https://open.spotify.com/track/3foNAstTb7fdbbfFnKwn28;D:\dev\SB19\saved_pages\felip_greed_20260205_062049.html
2026-02-05 06:20:59;pride;FELIP;1931928;https://open.spotify.com/track/1jZET8rPE5RWZZrkCM2toY;D:\dev\SB19\saved_pages\felip_pride_20260205_062059.html
2026-02-05 06:21:09;gluttony;FELIP;1727495;https://open.spotify.com/track/216LlnUj3GfZ0yE2hXZxm0;D:\dev\SB19\saved_pages\felip_gluttony_20260205_062109.html
2026-02-05 06:21:19;lust;FELIP;3519144;https://open.spotify.com/track/70kZ4pCeZ0WIanftduEDov;D:\dev\SB19\saved_pages\felip_lust_20260205_062119.html
2026-02-05 06:21:28;sloth;FELIP;2564077;https://open.spotify.com/track/6PJLoGD9KpyMSx8j7vVWHq;D:\dev\SB19\saved_pages\felip_sloth_20260205_062128.html
2026-02-05 06:21:38;ache;FELIP;4543801;https://open.spotify.com/track/3G3ZYOLBcjbIv0GDlIoZeh;D:\dev\SB19\saved_pages\felip_ache_20260205_062138.html
2026-02-05 06:21:48;ID;FELIP;2414659;https://open.spotify.com/track/2cXkFKFgEW5Myc0yNy6CqL;D:\dev\SB19\saved_pages\felip_id_20260205_062148.html
2026-02-05 06:21:57;KAWASAKI;FELIP;1682958;https://open.spotify.com/track/37ifPBg9M2NzlRNHe9WUIy;D:\dev\SB19\saved_pages\felip_kawasaki_20260205_062157.html
2026-02-05 06:22:07;Palayo - Live Band Ver;FELIP;2233987;https://open.spotify.com/track/6gdcXFz1q9WKAlB2ybVM3F;D:\dev\SB19\saved_pages\felip_palayo_live_band_ver_20260205_062207.html
2026-02-05 06:22:17;Bulan - Live Band Ver;FELIP;1950381;https://open.spotify.com/track/048YgXKAXF8eTwMCfYylhD;D:\dev\SB19\saved_pages\felip_bulan_live_band_ver_20260205_062217.html
2026-02-05 06:22:26;Palayo Inst.;FELIP;1262114;https://open.spotify.com/track/2RfXO3QnM6gG75Pxu04OqS;D:\dev\SB19\saved_pages\felip_palayo_inst_20260205_062226.html
2026-02-05 06:22:36;Bulan Inst.;FELIP;1187177;https://open.spotify.com/track/4iGoucvzYCbJtG4n4wnJjB;D:\dev\SB19\saved_pages\felip_bulan_inst_20260205_062236.html
2026-02-05 06:22:46;Moving Closer - From The Cafe;FELIP;2217502;https://open.spotify.com/track/1kAyLWCiJfTDhm56kaOXnO;D:\dev\SB19\saved_pages\felip_moving_closer_from_the_cafe_20260205_062245.html
2026-02-05 06:22:55;Moving Closer - From The Lounge;FELIP;1540591;https://open.spotify.com/track/0cd2BCuzH8Vub1cS2eKU7M;D:\dev\SB19\saved_pages\felip_moving_closer_from_the_lounge_20260205_062255.html
2026-02-05 06:23:05;ID (new version);FELIP;205620;https://open.spotify.com/track/7Fu45FLLaE1s0eg8DF5UqT;D:\dev\SB19\saved_pages\felip_id_new_version_20260205_062305.html
2026-02-05 06:23:14;ROCKSTA (Superior Session Live);FELIP;1504760;https://open.spotify.com/track/5EP2vLFwMHpWFWeZVvt3jU;D:\dev\SB19\saved_pages\felip_rocksta_superior_session_live_20260205_062314.html
2026-02-05 06:23:26;SUPERIORITY (Superior Session Live);FELIP;1405008;https://open.spotify.com/track/5VmjG0uTHcrn43Ynetfomd;D:\dev\SB19\saved_pages\felip_superiority_superior_session_live_20260205_062326.html
2026-02-05 06:23:35;MICTEST (Superior Session Live);FELIP;1335685;https://open.spotify.com/track/0FW1fvsv00RCGNPjVHJg3x;D:\dev\SB19\saved_pages\felip_mictest_superior_session_live_20260205_062335.html
2026-02-05 06:23:45;DRINKSMOKE (Superior Session Live);FELIP;1516181;https://open.spotify.com/track/5Iw7boOrwCpWlaJtNTTHG6;D:\dev\SB19\saved_pages\felip_drinksmoke_superior_session_live_20260205_062345.html
2026-02-05 06:23:55;CRIMINAL (Superior Session Live);FELIP;1708660;https://open.spotify.com/track/2FxQjJcpsdHQHTqjVhlqP4;D:\dev\SB19\saved_pages\felip_criminal_superior_session_live_20260205_062355.html
2026-02-05 06:24:04;STRAYDOGS (Superior Session Live);FELIP;1339443;https://open.spotify.com/track/4W28quZaVhLdbpojBeooaZ;D:\dev\SB19\saved_pages\felip_straydogs_superior_session_live_20260205_062404.html
2026-02-05 06:24:14;to sin is human, to forgive is divine - live;FELIP;160560;https://open.spotify.com/track/5lbuH5ieouWZ43qHAcCK08;D:\dev\SB19\saved_pages\felip_to_sin_is_human_to_forgive_is_divine_live_20260205_062414.html
2026-02-05 06:24:24;foes - live;FELIP;153749;https://open.spotify.com/track/44TFeq1FSLniRzbThYVWom;D:\dev\SB19\saved_pages\felip_foes_live_20260205_062423.html
2026-02-05 06:24:33;envy - live;FELIP;136364;https://open.spotify.com/track/41gwpmt6wVdwDgjE430dm6;D:\dev\SB19\saved_pages\felip_envy_live_20260205_062433.html
2026-02-05 06:24:43;greed - live;FELIP;148003;https://open.spotify.com/track/5fWWoFfmqwBhBq93Rc6YqB;D:\dev\SB19\saved_pages\felip_greed_live_20260205_062443.html
2026-02-05 06:24:52;lust - live;FELIP;144908;https://open.spotify.com/track/2hlY0jd3uRy5i7SuN1oz7Z;D:\dev\SB19\saved_pages\felip_lust_live_20260205_062452.html
2026-02-05 06:25:02;pride - live;FELIP;128877;https://open.spotify.com/track/45ZCoFCk3DL7d84d7bwWdz;D:\dev\SB19\saved_pages\felip_pride_live_20260205_062502.html
2026-02-05 06:25:12;gluttony (feat. PLAYERTWO) - live;FELIP;130396;https://open.spotify.com/track/0HaZMHBzZOYqdEcCtzAHEU;D:\dev\SB19\saved_pages\felip_gluttony_feat_playertwo_live_20260205_062512.html
2026-02-05 06:25:21;wrath - live;FELIP;142621;https://open.spotify.com/track/5ykca7sZJ8OAUepkUGIdRE;D:\dev\SB19\saved_pages\felip_wrath_live_20260205_062521.html
2026-02-05 06:25:33;tokyo - live;FELIP;620416;https://open.spotify.com/track/5KKi1lmsdHfm4IYZ1YSy94;D:\dev\SB19\saved_pages\felip_tokyo_live_20260205_062532.html
2026-02-05 06:25:42;sloth - live;FELIP;138252;https://open.spotify.com/track/6dmzbxC4WjfB3ucXZUUaO5;D:\dev\SB19\saved_pages\felip_sloth_live_20260205_062542.html
2026-02-05 06:25:52;grace - live;FELIP;145596;https://open.spotify.com/track/6HsmDcIbYCn7YzWBUKEucW;D:\dev\SB19\saved_pages\felip_grace_live_20260205_062552.html
2026-02-05 06:26:01;ache - live;FELIP;171183;https://open.spotify.com/track/4lQY03QyHAKDj6XdDgVDcL;D:\dev\SB19\saved_pages\felip_ache_live_20260205_062601.html
2026-02-05 06:26:11;WILD TONIGHT;JOSH CULLEN;9755633;https://open.spotify.com/track/4yBwaJUom5dOYp54wU6hA2;D:\dev\SB19\saved_pages\josh_cullen_wild_tonight_20260205_062611.html
2026-02-05 06:26:21;Pakiusap Lang;JOSH CULLEN;5267312;https://open.spotify.com/track/6trU06kJgdYaPqRUvz5K9e;D:\dev\SB19\saved_pages\josh_cullen_pakiusap_lang_20260205_062621.html
2026-02-05 06:26:30;GET RIGHT;JOSH CULLEN;4626161;https://open.spotify.com/track/56FnjRDkdoCV5lVSyuQ9MU;D:\dev\SB19\saved_pages\josh_cullen_get_right_20260205_062630.html
2026-02-05 06:26:40;Yoko Na;JOSH CULLEN;10387771;https://open.spotify.com/track/6SIaYQUPOJpO8XFWeTl5dC;D:\dev\SB19\saved_pages\josh_cullen_yoko_na_20260205_062640.html
2026-02-05 06:26:50;1999;JOSH CULLEN;6258056;https://open.spotify.com/track/0PMfgKba5PLGETb02cDcMg;D:\dev\SB19\saved_pages\josh_cullen_1999_20260205_062650.html
2026-02-05 06:27:00;See Me;JOSH CULLEN;2930670;https://open.spotify.com/track/5jH6p468HtmNHdJiubGQ6t;D:\dev\SB19\saved_pages\josh_cullen_see_me_20260205_062700.html
2026-02-05 06:27:09;Silent Cries;JOSH CULLEN;3839891;https://open.spotify.com/track/1x0Y2jS5oJW4Q3aU9jZBER;D:\dev\SB19\saved_pages\josh_cullen_silent_cries_20260205_062709.html
2026-02-05 06:27:19;Honest;JOSH CULLEN;2652508;https://open.spotify.com/track/1Rl5KDAu4wrUsQZZtD2hiy;D:\dev\SB19\saved_pages\josh_cullen_honest_20260205_062719.html
2026-02-05 06:27:29;No Control;JOSH CULLEN;2201265;https://open.spotify.com/track/0Rg0DIhiShdvZvF7snNZIt;D:\dev\SB19\saved_pages\josh_cullen_no_control_20260205_062728.html
2026-02-05 06:27:38;Lights Out;JOSH CULLEN;1966524;https://open.spotify.com/track/2TQQX4gYeQmobxNEXwtrZ3;D:\dev\SB19\saved_pages\josh_cullen_lights_out_20260205_062738.html
2026-02-05 06:27:48;Sumaya;JOSH CULLEN;5326129;https://open.spotify.com/track/2qKu8tPpilCBJqxzGWcOaC;D:\dev\SB19\saved_pages\josh_cullen_sumaya_20260205_062748.html
2026-02-05 06:27:57;Silent Cries (Instrumental);JOSH CULLEN;534465;https://open.spotify.com/track/5FQodaxJAZTUPjdpbDT9pa;D:\dev\SB19\saved_pages\josh_cullen_silent_cries_instrumental_20260205_062757.html
2026-02-05 06:28:07;No Control (Instrumental);JOSH CULLEN;521447;https://open.spotify.com/track/65LG9NubWQtyImpyNXotHo;D:\dev\SB19\saved_pages\josh_cullen_no_control_instrumental_20260205_062807.html
2026-02-05 06:28:17;Takbuhan;JOSH CULLEN;925600;https://open.spotify.com/track/3RCVzaTWA7h1SR0nWQtIk1;D:\dev\SB19\saved_pages\josh_cullen_takbuhan_20260205_062817.html
2026-02-05 06:28:26;Re: Thinkin' About You;JOSH CULLEN;4265105;https://open.spotify.com/track/2R1CjdVdXz7frvQRwCdQa6;D:\dev\SB19\saved_pages\josh_cullen_re_thinkin_about_you_20260205_062826.html
2026-02-05 06:28:36;Room;Stell;12054988;https://open.spotify.com/track/1PLKN0HC7m5drBHg0jarZE;D:\dev\SB19\saved_pages\stell_room_20260205_062836.html
2026-02-05 06:28:46;Anino;Stell;6123256;https://open.spotify.com/track/5tMJZOyBv8t49i9elHuQZF;D:\dev\SB19\saved_pages\stell_anino_20260205_062845.html
2026-02-05 06:28:55;'Di Ko Masabi;Stell;7679359;https://open.spotify.com/track/3JEE0hhTI6u9CEZCZWalKe;D:\dev\SB19\saved_pages\stell_di_ko_masabi_20260205_062855.html
2026-02-05 06:29:05;Classic;Stell;6592096;https://open.spotify.com/track/15bdfvbGida1Z8OVZ0YvSQ;D:\dev\SB19\saved_pages\stell_classic_20260205_062905.html
2026-02-05 06:29:14;Room (Stripped);Stell;4807470;https://open.spotify.com/track/6fwpkEZRQZ8Kr5Ws4q0Kyn;D:\dev\SB19\saved_pages\stell_room_stripped_20260205_062914.html
2026-02-05 06:29:24;Surreal;justin;15007822;https://open.spotify.com/track/5TT4xi1HEPTkVTO59jY3tz;D:\dev\SB19\saved_pages\justin_surreal_20260205_062924.html
2026-02-05 06:29:34;Sunday Morning;justin;5456928;https://open.spotify.com/track/3sp427zYHOXL3LPCYgwuRv;D:\dev\SB19\saved_pages\justin_sunday_morning_20260205_062934.html
2026-02-05 06:29:44;Kaibigan;justin;8831642;https://open.spotify.com/track/3rwioq6hSNjwynK8rVPCma;D:\dev\SB19\saved_pages\justin_kaibigan_20260205_062944.html
2026-02-05 06:29:53;Sampung Mga Daliri;justin;7593785;https://open.spotify.com/track/2MHg2BVPaTgiCUDWp2jZqf;D:\dev\SB19\saved_pages\justin_sampung_mga_daliri_20260205_062953.html
2026-02-05 06:30:03;Sampung Mga Daliri (Reimagined Version);justin;720716;https://open.spotify.com/track/4nnhn2O5oQmPC2HedN5W4b;D:\dev\SB19\saved_pages\justin_sampung_mga_daliri_reimagined_version_20260205_063003.html
2026-02-05 06:30:13;Sampung Mga Daliri (Acoustic Version);justin;1586488;https://open.spotify.com/track/0WoGaGmUip0OPQ662Drdlj;D:\dev\SB19\saved_pages\justin_sampung_mga_daliri_acoustic_version_20260205_063013.html
2026-02-05 06:30:23;GENTO - From THE FIRST TAKE;SB19;7064882;https://open.spotify.com/track/2h7syqD1QScej4PqMxJfp2;D:\dev\SB19\saved_pages\sb19_gento_from_the_first_take_20260205_063022.html
2026-02-05 06:30:32;MAPA - From THE FIRST TAKE;SB19;5213086;https://open.spotify.com/track/4MZbVDIPOYmPkjcVqpPe9v;D:\dev\SB19\saved_pages\sb19_mapa_from_the_first_take_20260205_063032.html
2026-02-05 06:30:42;DAM - From THE FIRST TAKE;SB19;2119365;https://open.spotify.com/track/14WOLW4oTwD7Mh9eb0hLDs;D:\dev\SB19\saved_pages\sb19_dam_from_the_first_take_20260205_063042.html
2026-02-05 06:30:52;Time - From THE FIRST TAKE;SB19;2272918;https://open.spotify.com/track/1ctnGFHyklJbmHLyaDYtyg;D:\dev\SB19\saved_pages\sb19_time_from_the_first_take_20260205_063052.html
2026-02-05 06:31:01;Moonlight (Ian Asher Club Mix);SB19;2958599;https://open.spotify.com/track/5YYzdzlunDyLDwlM40W0Gc;D:\dev\SB19\saved_pages\sb19_moonlight_ian_asher_club_mix_20260205_063101.html
2026-02-05 06:31:11;Umaaligid (Extended Ver.);SB19;2744456;https://open.spotify.com/track/1XFHLGwXrlL0FpJgRcFYTI;D:\dev\SB19\saved_pages\sb19_umaaligid_extended_ver_20260205_063111.html
2026-02-05 06:31:21;Love Yours (DIOR & RealBros Remix);SB19;869327;https://open.spotify.com/track/3qw9D8YC0sezDriUMx5lRG;D:\dev\SB19\saved_pages\sb19_love_yours_dior_realbros_remix_20260205_063121.html
2026-02-05 06:31:30;What? - Extended Version;SB19;6313330;https://open.spotify.com/track/7jn2llkeDI9IRROCYNa7sL;D:\dev\SB19\saved_pages\sb19_what_extended_version_20260205_063130.html
2026-02-06 06:00:14;Tilaluha;SB19;23694747;https://open.spotify.com/track/0fPJsVtCOXqjHxKS9kc13s;D:\dev\SB19\saved_pages\sb19_tilaluha_20260206_060014.html
2026-02-06 06:00:28;Go Up;SB19;26837636;https://open.spotify.com/track/5VoY18OYEE2E6RJCBd2jki;D:\dev\SB19\saved_pages\sb19_go_up_20260206_060028.html
2026-02-06 06:00:41;Alab (Burning);SB19;22648041;https://open.spotify.com/track/053ZzdU3Rya4NMxiWMPqnq;D:\dev\SB19\saved_pages\sb19_alab_burning_20260206_060041.html
2026-02-06 06:00:54;Hanggang Sa Huli;SB19;32344538;https://open.spotify.com/track/2WUhR1SraSy0SVIQKohJb6;D:\dev\SB19\saved_pages\sb19_hanggang_sa_huli_20260206_060054.html
2026-02-06 06:01:07;Love Goes;SB19;11172425;https://open.spotify.com/track/5p70OUKixtLRpnK5uSdqro;D:\dev\SB19\saved_pages\sb19_love_goes_20260206_060107.html
2026-02-06 06:01:17;Love Goes (EDM Version);SB19;7158456;https://open.spotify.com/track/0LAh3hfeuUekvLm3Nq6MmA;D:\dev\SB19\saved_pages\sb19_love_goes_edm_version_20260206_060117.html
2026-02-06 06:01:26;'Wag Mong Ikunot Ang Iyong Noo;SB19;9496193;https://open.spotify.com/track/5sJxhdzehdLq9iPzNnTR71;D:\dev\SB19\saved_pages\sb19_wag_mong_ikunot_ang_iyong_noo_20260206_060126.html
2026-02-06 06:01:36;Tilaluha (Instrumental);SB19;2216320;https://open.spotify.com/track/5lMxdErNKHh797tOT3mBvk;D:\dev\SB19\saved_pages\sb19_tilaluha_instrumental_20260206_060136.html
2026-02-06 06:01:46;Hanggang Sa Huli (Instrumental);SB19;2325506;https://open.spotify.com/track/6JZkWjVjOQAUPzNfGr4Dp0;D:\dev\SB19\saved_pages\sb19_hanggang_sa_huli_instrumental_20260206_060146.html
2026-02-06 06:01:56;What?;SB19;25768061;https://open.spotify.com/track/1evZendZnEe8a8eXjd1Bcn;D:\dev\SB19\saved_pages\sb19_what_20260206_060155.html
2026-02-06 06:02:05;MAPA;SB19;86234164;https://open.spotify.com/track/6Fz2TpxUD0YvAPsuG8nDMJ;D:\dev\SB19\saved_pages\sb19_mapa_20260206_060205.html
2026-02-06 06:02:15;Bazinga;SB19;31845949;https://open.spotify.com/track/5QZw4F3N3PvuKNKHm9L20b;D:\dev\SB19\saved_pages\sb19_bazinga_20260206_060215.html
2026-02-06 06:02:25;SLMT;SB19;17532589;https://open.spotify.com/track/0AbJoAxuqYgMrmXvtFOc0K;D:\dev\SB19\saved_pages\sb19_slmt_20260206_060224.html
2026-02-06 06:02:34;Mana;SB19;20840799;https://open.spotify.com/track/0EtkP3TUHvTeDIgrpgMS8m;D:\dev\SB19\saved_pages\sb19_mana_20260206_060234.html
2026-02-06 06:02:44;Ikako;SB19;14800677;https://open.spotify.com/track/5qHUmt5jIvDaOzMXiX533o;D:\dev\SB19\saved_pages\sb19_ikako_20260206_060244.html
2026-02-06 06:02:54;Gento;SB19;76046886;https://open.spotify.com/track/1o6uF8VmXna99ysHTcQRI2;D:\dev\SB19\saved_pages\sb19_gento_20260206_060254.html
2026-02-06 06:03:03;I Want You;SB19;31646304;https://open.spotify.com/track/16GGH8OF6LiSUTTbm8421f;D:\dev\SB19\saved_pages\sb19_i_want_you_20260206_060303.html
2026-02-06 06:03:13;Ilaw;SB19;19809064;https://open.spotify.com/track/4zoqT3f80GyytJvnhVHgEl;D:\dev\SB19\saved_pages\sb19_ilaw_20260206_060313.html
2026-02-06 06:03:23;Crimzone;SB19;25447723;https://open.spotify.com/track/5GcS9zT4iIL7l0JrqZeG6O;D:\dev\SB19\saved_pages\sb19_crimzone_20260206_060323.html
2026-02-06 06:03:32;LIHAM;SB19;20211411;https://open.spotify.com/track/5MQ1nQ0MZMRO4yPQWdCeEb;D:\dev\SB19\saved_pages\sb19_liham_20260206_060332.html
2026-02-06 06:03:42;Freedom;SB19;16483995;https://open.spotify.com/track/2CuYpdcx2f9XbMZhc3ST8E;D:\dev\SB19\saved_pages\sb19_freedom_20260206_060342.html
2026-02-06 06:03:52;DAM;SB19;60958179;https://open.spotify.com/track/1NNsL6tYk06TqTea3mKB9P;D:\dev\SB19\saved_pages\sb19_dam_20260206_060352.html
2026-02-06 06:04:02;Time;SB19;22174002;https://open.spotify.com/track/1OvE4CwaIZJ89Eq0qXGCEF;D:\dev\SB19\saved_pages\sb19_time_20260206_060401.html
2026-02-06 06:04:13;8TonBall;SB19;16065101;https://open.spotify.com/track/7AqrfyOdFWPnjQrgzWzcUz;D:\dev\SB19\saved_pages\sb19_8tonball_20260206_060413.html
2026-02-06 06:04:22;Quit;SB19;17126177;https://open.spotify.com/track/7oIQWmbKShhEt2yTSBxNpu;D:\dev\SB19\saved_pages\sb19_quit_20260206_060422.html
2026-02-06 06:04:32;Shooting for the Stars;SB19;15042393;https://open.spotify.com/track/6q3qzeZgWgoFrV6DmaZr1R;D:\dev\SB19\saved_pages\sb19_shooting_for_the_stars_20260206_060432.html
2026-02-06 06:04:42;Dungka!;SB19;27967448;https://open.spotify.com/track/7mqsPvhSR1CtY6PkTf1YVy;D:\dev\SB19\saved_pages\sb19_dungka_20260206_060442.html
2026-02-06 06:04:52;DAM (Extended Ver.);SB19;18900858;https://open.spotify.com/track/0pjhHUx21NsPuSCH0H3lW6;D:\dev\SB19\saved_pages\sb19_dam_extended_ver_20260206_060452.html
2026-02-06 06:05:02;What? (Simula at Wakas Tour Kickoff);SB19;250531;https://open.spotify.com/track/4FEhO3lDTOseNLhBNBAvpW;D:\dev\SB19\saved_pages\sb19_what_simula_at_wakas_tour_kickoff_20260206_060501.html
2026-02-06 06:05:11;GENTO (Simula at Wakas Tour Kickoff);SB19;241215;https://open.spotify.com/track/1BYHhhwMf7QRr2a7p64tRU;D:\dev\SB19\saved_pages\sb19_gento_simula_at_wakas_tour_kickoff_20260206_060511.html
2026-02-06 06:05:21;Mana (Simula at Wakas Tour Kickoff);SB19;236265;https://open.spotify.com/track/4LPgthOM2aB1mbPIxgZy8P;D:\dev\SB19\saved_pages\sb19_mana_simula_at_wakas_tour_kickoff_20260206_060521.html
2026-02-06 06:05:31;Moonlight (Simula at Wakas Tour Kickoff);SB19;360678;https://open.spotify.com/track/5N3AnPqWcSDNLGbSr1etzb;D:\dev\SB19\saved_pages\sb19_moonlight_simula_at_wakas_tour_kickoff_20260206_060531.html
2026-02-06 06:05:40;I WANT YOU (Simula at Wakas Tour Kickoff);SB19;412765;https://open.spotify.com/track/5V0qUkMEIac9nis4SDb2XD;D:\dev\SB19\saved_pages\sb19_i_want_you_simula_at_wakas_tour_kickoff_20260206_060540.html
2026-02-06 06:05:50;WYAT (Where You At) (Simula at Wakas Tour Kickoff);SB19;232047;https://open.spotify.com/track/0VUpreONXiBKhTmg7LNWS6;D:\dev\SB19\saved_pages\sb19_wyat_where_you_at_simula_at_wakas_tour_kickoff_20260206_060550.html
2026-02-06 06:06:00;DUNGKA! (Simula at Wakas Tour Kickoff);SB19;218550;https://open.spotify.com/track/4ZUl5u7opmH0U5vULsSbPe;D:\dev\SB19\saved_pages\sb19_dungka_simula_at_wakas_tour_kickoff_20260206_060600.html
2026-02-06 06:06:09;Bazinga (Simula at Wakas Tour Kickoff);SB19;217818;https://open.spotify.com/track/6CfcGGotSNm6kpG0zxPXrc;D:\dev\SB19\saved_pages\sb19_bazinga_simula_at_wakas_tour_kickoff_20260206_060609.html
2026-02-06 06:06:19;8TonBall (Simula at Wakas Tour Kickoff);SB19;221252;https://open.spotify.com/track/54UfPbjMn8dwtYazgHrydY;D:\dev\SB19\saved_pages\sb19_8tonball_simula_at_wakas_tour_kickoff_20260206_060619.html
2026-02-06 06:06:29;CRIMZONE (Simula at Wakas Tour Kickoff);SB19;217355;https://open.spotify.com/track/1Sg2y4WDHzGRf4N03fUkep;D:\dev\SB19\saved_pages\sb19_crimzone_simula_at_wakas_tour_kickoff_20260206_060629.html
2026-02-06 06:06:39;Nyebe (Simula at Wakas Tour Kickoff);SB19;216526;https://open.spotify.com/track/3o09uzJFcSGLneWp3rCmsT;D:\dev\SB19\saved_pages\sb19_nyebe_simula_at_wakas_tour_kickoff_20260206_060639.html
2026-02-06 06:06:49;Time (Simula at Wakas Tour Kickoff);SB19;207558;https://open.spotify.com/track/1Qdo5W5rPNWhcHQOq1Pdl8;D:\dev\SB19\saved_pages\sb19_time_simula_at_wakas_tour_kickoff_20260206_060648.html
2026-02-06 06:06:58;ILAW (Simula at Wakas Tour Kickoff);SB19;221392;https://open.spotify.com/track/64BRHIKmpuMU7k435yRDAI;D:\dev\SB19\saved_pages\sb19_ilaw_simula_at_wakas_tour_kickoff_20260206_060658.html
2026-02-06 06:07:08;Quit (Simula at Wakas Tour Kickoff);SB19;213205;https://open.spotify.com/track/7ynFrYbCvOaqiwDmeQrWjt;D:\dev\SB19\saved_pages\sb19_quit_simula_at_wakas_tour_kickoff_20260206_060708.html
2026-02-06 06:07:18;MAPA (Simula at Wakas Tour Kickoff);SB19;197611;https://open.spotify.com/track/7v40dop6L3zF1ErVi1X4pj;D:\dev\SB19\saved_pages\sb19_mapa_simula_at_wakas_tour_kickoff_20260206_060718.html
2026-02-06 06:07:28;Shooting for the Stars (Simula at Wakas Tour Kickoff);SB19;195052;https://open.spotify.com/track/5ECgqO3ufZvZ4o3m2Ji3PA;D:\dev\SB19\saved_pages\sb19_shooting_for_the_stars_simula_at_wakas_tour_kickoff_20260206_060728.html
2026-02-06 06:07:37;FREEDOM (Simula at Wakas Tour Kickoff);SB19;180818;https://open.spotify.com/track/72b7uRYHaeLspB9rJqqd6e;D:\dev\SB19\saved_pages\sb19_freedom_simula_at_wakas_tour_kickoff_20260206_060737.html
2026-02-06 06:07:47;SLMT (Simula at Wakas Tour Kickoff);SB19;189337;https://open.spotify.com/track/0ABh4wrkVAalF1tY8H8lNc;D:\dev\SB19\saved_pages\sb19_slmt_simula_at_wakas_tour_kickoff_20260206_060747.html
2026-02-06 06:07:57;DAM (Simula at Wakas Tour Kickoff);SB19;186965;https://open.spotify.com/track/6r7bRefIOKOsImYLZLus3S;D:\dev\SB19\saved_pages\sb19_dam_simula_at_wakas_tour_kickoff_20260206_060757.html
2026-02-06 06:08:07;WYAT (Where You At);SB19;25112091;https://open.spotify.com/track/1z50Hub2XCsAPWo8zgoePu;D:\dev\SB19\saved_pages\sb19_wyat_where_you_at_20260206_060807.html
2026-02-06 06:08:16;Nyebe;SB19;18157445;https://open.spotify.com/track/6aLjE6peuaJQRWRgfjxrRw;D:\dev\SB19\saved_pages\sb19_nyebe_20260206_060816.html
2026-02-06 06:08:26;No Stopping You;SB19;8790173;https://open.spotify.com/track/3KDOf2p1DrKhiqX78R82sh;D:\dev\SB19\saved_pages\sb19_no_stopping_you_20260206_060826.html
2026-02-06 06:08:36;Ligaya;SB19;9730378;https://open.spotify.com/track/2lwaPRPgP9EaaMsbzVaZ3O;D:\dev\SB19\saved_pages\sb19_ligaya_20260206_060835.html
2026-02-06 06:08:45;MAPA (Band Version);SB19;27957727;https://open.spotify.com/track/0QQoU68nnBRWJqr9ak3mnS;D:\dev\SB19\saved_pages\sb19_mapa_band_version_20260206_060845.html
2026-02-06 06:08:55;Kabataang Pinoy;SB19;9113884;https://open.spotify.com/track/6aXWWGw7sQJLx82jZndSQZ;D:\dev\SB19\saved_pages\sb19_kabataang_pinoy_20260206_060855.html
2026-02-06 06:09:05;Win Your Heart;SB19;11107968;https://open.spotify.com/track/0DnNMu0v71ICscsyuQgmu3;D:\dev\SB19\saved_pages\sb19_win_your_heart_20260206_060905.html
2026-02-06 06:09:14;Christmas Party (SB19 Version);SB19;4470823;https://open.spotify.com/track/387ZTKanhRfPXazSyzTWUj;D:\dev\SB19\saved_pages\sb19_christmas_party_sb19_version_20260206_060914.html
2026-02-06 06:09:24;golden hour (SB19 Remix);SB19;21033064;https://open.spotify.com/track/4cGKycusCcECMX79k4NQwS;D:\dev\SB19\saved_pages\sb19_golden_hour_sb19_remix_20260206_060924.html
2026-02-06 06:09:34;Moonlight;SB19;22657706;https://open.spotify.com/track/1xAYG31LamC5qlykRhbWxd;D:\dev\SB19\saved_pages\sb19_moonlight_20260206_060934.html
2026-02-06 06:09:44;Ready;SB19;9751388;https://open.spotify.com/track/4JZocgyzKHdRF0iSOcodJn;D:\dev\SB19\saved_pages\sb19_ready_20260206_060943.html
2026-02-06 06:09:53;KALAKAL;SB19;21780265;https://open.spotify.com/track/1cFGU7MQu0mHS5uVyD1STP;D:\dev\SB19\saved_pages\sb19_kalakal_20260206_060953.html
2026-02-06 06:10:03;MAPA (Indonesian Version);SB19;7437794;https://open.spotify.com/track/23FJNFAeNLzAuFORNvyBFf;D:\dev\SB19\saved_pages\sb19_mapa_indonesian_version_20260206_061003.html
2026-02-06 06:10:13;Umaaligid;SB19;13183111;https://open.spotify.com/track/5XYYmsZJG5qIBAniny4bHe;D:\dev\SB19\saved_pages\sb19_umaaligid_20260206_061013.html
2026-02-06 06:10:23;Burn The Flame;SB19;3093537;https://open.spotify.com/track/3mvN8n8mg7X41CbGvc7xYU;D:\dev\SB19\saved_pages\sb19_burn_the_flame_20260206_061022.html
2026-02-06 06:10:32;Burn The Flame (Taglish Version);SB19;838091;https://open.spotify.com/track/0aKGIF1iGjV6D6vXYDJgyy;D:\dev\SB19\saved_pages\sb19_burn_the_flame_taglish_version_20260206_061032.html
2026-02-06 06:10:42;Burn The Flame (Karaoke Version);SB19;201688;https://open.spotify.com/track/38UTDIDP582bP8ZAU20bsT;D:\dev\SB19\saved_pages\sb19_burn_the_flame_karaoke_version_20260206_061042.html
2026-02-06 06:10:52;Burn The Flame (Instrumental);SB19;140458;https://open.spotify.com/track/1MLMEY4ahXUjTcmi01s4jA;D:\dev\SB19\saved_pages\sb19_burn_the_flame_instrumental_20260206_061052.html
2026-02-06 06:11:01;Love Yours;SB19;5533475;https://open.spotify.com/track/62iq4hiMI4CxLek4nYI14R;D:\dev\SB19\saved_pages\sb19_love_yours_20260206_061101.html
2026-02-06 06:11:11;Kapangyarihan;SB19;23250839;https://open.spotify.com/track/6FFtbC1K2aNeCS376paoHN;D:\dev\SB19\saved_pages\sb19_kapangyarihan_20260206_061111.html
2026-02-06 06:11:22;The One;SB19;8933589;https://open.spotify.com/track/5SZPGItm64sVZ8KVYmoV4N;D:\dev\SB19\saved_pages\sb19_the_one_20260206_061122.html
2026-02-06 06:11:32;Merry Munchkins (SB19 Version);SB19;2739231;https://open.spotify.com/track/3r3U5OpESU60BAVT11KuYS;D:\dev\SB19\saved_pages\sb19_merry_munchkins_sb19_version_20260206_061132.html
2026-02-06 06:11:42;Live It Up;SB19;3941091;https://open.spotify.com/track/42D9L3kTskZ5anDWGBhtEk;D:\dev\SB19\saved_pages\sb19_live_it_up_20260206_061142.html
2026-02-06 06:11:51;Make Your Green Mark;SB19;2463576;https://open.spotify.com/track/0thBJj3R0mM8mLwe2WMJI1;D:\dev\SB19\saved_pages\sb19_make_your_green_mark_20260206_061151.html
2026-02-06 06:12:01;Ace Your World;SB19;3100490;https://open.spotify.com/track/3lgJ5YAfc6wxVB9xpUDyH9;D:\dev\SB19\saved_pages\sb19_ace_your_world_20260206_061201.html
2026-02-06 06:12:11;Reset;SB19;3181748;https://open.spotify.com/track/6a7itY9YQTkmb8oMwwmhRp;D:\dev\SB19\saved_pages\sb19_reset_20260206_061211.html
2026-02-06 06:12:21;Tahanan;SB19;1699588;https://open.spotify.com/track/6XOT8LCjly8StKCooz6pp1;D:\dev\SB19\saved_pages\sb19_tahanan_20260206_061221.html
2026-02-06 06:12:31;G Pa Rin Ang Pasko;SB19;796732;https://open.spotify.com/track/0JYEUl8iJovowKP7Xi6mSM;D:\dev\SB19\saved_pages\sb19_g_pa_rin_ang_pasko_20260206_061230.html
2026-02-06 06:12:40;Ready, Set, G!;SB19;1134886;https://open.spotify.com/track/3RFGJAl8B1MiW4Ti6qvGeq;D:\dev\SB19\saved_pages\sb19_ready_set_g_20260206_061240.html
2026-02-06 06:12:50;We Wish You A Merry GCash;SB19;1327827;https://open.spotify.com/track/7H2N6amk6lmn9oahy3qxQl;D:\dev\SB19\saved_pages\sb19_we_wish_you_a_merry_gcash_20260206_061250.html
2026-02-06 06:13:00;Make It Merry, I-GCash Mo;SB19;1016911;https://open.spotify.com/track/1cTLpJs2LHvA0q5Z6YWzbD;D:\dev\SB19\saved_pages\sb19_make_it_merry_i_gcash_mo_20260206_061259.html
2026-02-06 06:13:09;Tara, Summer Na!;SB19;1909053;https://open.spotify.com/track/5RbO3gk0BiIfoFop0un9Dn;D:\dev\SB19\saved_pages\sb19_tara_summer_na_20260206_061309.html
2026-02-06 06:13:19;TM Doble Dekada (Samahang Pina-Easy);SB19;2858986;https://open.spotify.com/track/5pSDEveqgXTvPU102hAIY1;D:\dev\SB19\saved_pages\sb19_tm_doble_dekada_samahang_pina_easy_20260206_061319.html
2026-02-06 06:13:29;Dobleng GV sa FunPasko (Noon, Ngayon, Palagi);SB19;675047;https://open.spotify.com/track/5hVNG3wLy8rSSCqShicG4I;D:\dev\SB19\saved_pages\sb19_dobleng_gv_sa_funpasko_noon_ngayon_palagi_20260206_061328.html
2026-02-06 06:13:38;TM FunPasko (Samahang Pina-Easy);SB19;905238;https://open.spotify.com/track/1ZLVZ75W0ZNqiuzQPbz3ZG;D:\dev\SB19\saved_pages\sb19_tm_funpasko_samahang_pina_easy_20260206_061338.html
2026-02-06 06:13:48;Push Ang Pusuan;SB19;3498572;https://open.spotify.com/track/2hUZkOBSRlp6uB9hXvYgPi;D:\dev\SB19\saved_pages\sb19_push_ang_pusuan_20260206_061348.html
2026-02-06 06:13:58;Team Tayo;SB19;1059757;https://open.spotify.com/track/3aKVPphQZ3kjwY7Tn1TUhP;D:\dev\SB19\saved_pages\sb19_team_tayo_20260206_061358.html
2026-02-06 06:14:07;Ating Pasko;SB19;2429055;https://open.spotify.com/track/7y5C9pM3gt7WNoiSzFHcGN;D:\dev\SB19\saved_pages\sb19_ating_pasko_20260206_061407.html
2026-02-06 06:14:17;La Luna;PABLO;17469577;https://open.spotify.com/track/01NEcBpMXPQNxONQnObJJ3;D:\dev\SB19\saved_pages\pablo_la_luna_20260206_061417.html
2026-02-06 06:14:27;Presyon;PABLO;2666962;https://open.spotify.com/track/7cErqp4Jg64PcqAE0uYeZP;D:\dev\SB19\saved_pages\pablo_presyon_20260206_061427.html
2026-02-06 06:14:37;Wala;PABLO;2900297;https://open.spotify.com/track/5gLNDt687YE0Zgad2yaaAD;D:\dev\SB19\saved_pages\pablo_wala_20260206_061437.html
2026-02-06 06:14:47;The Boy Who Cried Wolf;PABLO;4947638;https://open.spotify.com/track/3dNKnbTBjliNTwCeLqlMG3;D:\dev\SB19\saved_pages\pablo_the_boy_who_cried_wolf_20260206_061447.html
2026-02-06 06:14:56;Kumunoy;PABLO;4019139;https://open.spotify.com/track/6WkQrra0cZQAo42aMxdT2X;D:\dev\SB19\saved_pages\pablo_kumunoy_20260206_061456.html
2026-02-06 06:15:06;Kelan;PABLO;2462256;https://open.spotify.com/track/39aItIaR9sIBz3EP8RXuhs;D:\dev\SB19\saved_pages\pablo_kelan_20260206_061506.html
2026-02-06 06:15:16;Drowning in the Water;PABLO;5678712;https://open.spotify.com/track/6065mStxNxs8sCy3yCrg8H;D:\dev\SB19\saved_pages\pablo_drowning_in_the_water_20260206_061516.html
2026-02-06 06:15:25;Breathe (Outro);PABLO;1907749;https://open.spotify.com/track/2lKyuf60Q5qSwTF0dl7qM6;D:\dev\SB19\saved_pages\pablo_breathe_outro_20260206_061525.html
2026-02-06 06:15:35;Neumun;PABLO;3688996;https://open.spotify.com/track/4DF1e91DMTM4oTpW8jgsP2;D:\dev\SB19\saved_pages\pablo_neumun_20260206_061535.html
2026-02-06 06:15:45;Don't Care;PABLO;2807855;https://open.spotify.com/track/06YsrZvTJmdPNXY5La1jFK;D:\dev\SB19\saved_pages\pablo_don_t_care_20260206_061545.html
2026-02-06 06:15:55;Butata;PABLO;6691586;https://open.spotify.com/track/68hXl4L5vCusj8U2QlC73D;D:\dev\SB19\saved_pages\pablo_butata_20260206_061555.html
2026-02-06 06:16:04;Puyat;PABLO;3220054;https://open.spotify.com/track/5EiD5Pk0Wv6dkHS1ZpNvzE;D:\dev\SB19\saved_pages\pablo_puyat_20260206_061604.html
2026-02-06 06:16:14;Blessed;PABLO;4099530;https://open.spotify.com/track/4hdPboEAxOZjaaHML4q62u;D:\dev\SB19\saved_pages\pablo_blessed_20260206_061614.html
2026-02-06 06:16:24;Tambol (Ibang Planeta);PABLO;2518162;https://open.spotify.com/track/753jWXJVBxK6cuYDUVbeux;D:\dev\SB19\saved_pages\pablo_tambol_ibang_planeta_20260206_061624.html
2026-02-06 06:16:33;Micha!;PABLO;3502591;https://open.spotify.com/track/7F3NzrsN3zNGcIP2FbUYUo;D:\dev\SB19\saved_pages\pablo_micha_20260206_061633.html
2026-02-06 06:16:43;DETERMINADO;PABLO;6344091;https://open.spotify.com/track/0hQJzMEbXg8ssQwgMbJUbw;D:\dev\SB19\saved_pages\pablo_determinado_20260206_061643.html
2026-02-06 06:16:53;AKALA;PABLO;5402667;https://open.spotify.com/track/5w4CLRxwroocAzFiJ568oY;D:\dev\SB19\saved_pages\pablo_akala_20260206_061653.html
2026-02-06 06:17:02;edsa;PABLO;7873316;https://open.spotify.com/track/64p2tRd4zsBsJUucEnfWrX;D:\dev\SB19\saved_pages\pablo_edsa_20260206_061702.html
2026-02-06 06:17:12;Liwanag sa Dilim (from Incognito);PABLO;6387250;https://open.spotify.com/track/3Ynpt5qseTmDdl9bN21FNJ;D:\dev\SB19\saved_pages\pablo_liwanag_sa_dilim_from_incognito_20260206_061712.html
2026-02-06 06:17:22;Palayo;FELIP;12353376;https://open.spotify.com/track/3FvYLNM5ShB5vDCzGw8syX;D:\dev\SB19\saved_pages\felip_palayo_20260206_061722.html
2026-02-06 06:17:31;Bulan;FELIP;6703016;https://open.spotify.com/track/2qYmu6Obx3NW1VeNOiCFMK;D:\dev\SB19\saved_pages\felip_bulan_20260206_061731.html
2026-02-06 06:17:41;ROCKSTA;FELIP;6417633;https://open.spotify.com/track/5UhtleGyBZJCvG8cstjLkr;D:\dev\SB19\saved_pages\felip_rocksta_20260206_061741.html
2026-02-06 06:17:51;SUPERIORITY;FELIP;3699752;https://open.spotify.com/track/3Tzmy7ExNOlP0tdDr9sjUT;D:\dev\SB19\saved_pages\felip_superiority_20260206_061751.html
2026-02-06 06:18:01;MICTEST;FELIP;4232786;https://open.spotify.com/track/5MC8Oxr5FTIQYJ6f7Cg6gR;D:\dev\SB19\saved_pages\felip_mictest_20260206_061800.html
2026-02-06 06:18:10;DRINKSMOKE;FELIP;5275699;https://open.spotify.com/track/29UIvWBrkjWtVuSEyexLt1;D:\dev\SB19\saved_pages\felip_drinksmoke_20260206_061810.html
2026-02-06 06:18:20;CRIMINAL;FELIP;6589342;https://open.spotify.com/track/4YPz66cDppOl9KVUOCpBV5;D:\dev\SB19\saved_pages\felip_criminal_20260206_061820.html
2026-02-06 06:18:30;STRAYDOGS;FELIP;5597763;https://open.spotify.com/track/03aFaNBeCXmFl194HuyWKe;D:\dev\SB19\saved_pages\felip_straydogs_20260206_061829.html
2026-02-06 06:18:39;Kanako;FELIP;9823526;https://open.spotify.com/track/76hOMoRACZOQq5CfqSNU9i;D:\dev\SB19\saved_pages\felip_kanako_20260206_061839.html
2026-02-06 06:18:49;Moving Closer;FELIP;10362795;https://open.spotify.com/track/59PCn7ObERln3cPl84CGx6;D:\dev\SB19\saved_pages\felip_moving_closer_20260206_061849.html
2026-02-06 06:18:59;FLYYY;FELIP;3522884;https://open.spotify.com/track/0PWBx43woMnsyUC72NC1Gl;D:\dev\SB19\saved_pages\felip_flyyy_20260206_061859.html
2026-02-06 06:19:09;Pagdali;FELIP;3426094;https://open.spotify.com/track/7fMR5ryCo3m38yyj1PCym4;D:\dev\SB19\saved_pages\felip_pagdali_20260206_061908.html
2026-02-06 06:19:18;Fake Faces;FELIP;8827350;https://open.spotify.com/track/4ntKnZnztFdovszJpIoeVO;D:\dev\SB19\saved_pages\felip_fake_faces_20260206_061918.html
2026-02-06 06:19:28;foes;FELIP;2402297;https://open.spotify.com/track/5IyWs6bAMeT9vPUiUVgSdd;D:\dev\SB19\saved_pages\felip_foes_20260206_061928.html
2026-02-06 06:19:38;envy;FELIP;3431387;https://open.spotify.com/track/6uJggzzrSE5tK9CRTZejgm;D:\dev\SB19\saved_pages\felip_envy_20260206_061938.html
2026-02-06 06:19:47;wrath;FELIP;2037298;https://open.spotify.com/track/12VANuhDUHnXRtRG6YP72a;D:\dev\SB19\saved_pages\felip_wrath_20260206_061947.html
2026-02-06 06:19:57;greed;FELIP;3343040;https://open.spotify.com/track/3foNAstTb7fdbbfFnKwn28;D:\dev\SB19\saved_pages\felip_greed_20260206_061957.html
2026-02-06 06:20:07;pride;FELIP;1933442;https://open.spotify.com/track/1jZET8rPE5RWZZrkCM2toY;D:\dev\SB19\saved_pages\felip_pride_20260206_062007.html
2026-02-06 06:20:16;gluttony;FELIP;1728629;https://open.spotify.com/track/216LlnUj3GfZ0yE2hXZxm0;D:\dev\SB19\saved_pages\felip_gluttony_20260206_062016.html
2026-02-06 06:20:26;lust;FELIP;3521967;https://open.spotify.com/track/70kZ4pCeZ0WIanftduEDov;D:\dev\SB19\saved_pages\felip_lust_20260206_062026.html
2026-02-06 06:20:36;sloth;FELIP;2566352;https://open.spotify.com/track/6PJLoGD9KpyMSx8j7vVWHq;D:\dev\SB19\saved_pages\felip_sloth_20260206_062036.html
2026-02-06 06:20:46;ache;FELIP;4547930;https://open.spotify.com/track/3G3ZYOLBcjbIv0GDlIoZeh;D:\dev\SB19\saved_pages\felip_ache_20260206_062046.html
2026-02-06 06:20:56;ID;FELIP;2416295;https://open.spotify.com/track/2cXkFKFgEW5Myc0yNy6CqL;D:\dev\SB19\saved_pages\felip_id_20260206_062055.html
2026-02-06 06:21:05;KAWASAKI;FELIP;1687502;https://open.spotify.com/track/37ifPBg9M2NzlRNHe9WUIy;D:\dev\SB19\saved_pages\felip_kawasaki_20260206_062105.html
2026-02-06 06:21:15;Palayo - Live Band Ver;FELIP;2234468;https://open.spotify.com/track/6gdcXFz1q9WKAlB2ybVM3F;D:\dev\SB19\saved_pages\felip_palayo_live_band_ver_20260206_062115.html
2026-02-06 06:21:25;Bulan - Live Band Ver;FELIP;1950778;https://open.spotify.com/track/048YgXKAXF8eTwMCfYylhD;D:\dev\SB19\saved_pages\felip_bulan_live_band_ver_20260206_062125.html
2026-02-06 06:21:35;Palayo Inst.;FELIP;1262340;https://open.spotify.com/track/2RfXO3QnM6gG75Pxu04OqS;D:\dev\SB19\saved_pages\felip_palayo_inst_20260206_062134.html
2026-02-06 06:21:44;Bulan Inst.;FELIP;1187473;https://open.spotify.com/track/4iGoucvzYCbJtG4n4wnJjB;D:\dev\SB19\saved_pages\felip_bulan_inst_20260206_062144.html
2026-02-06 06:21:54;Moving Closer - From The Cafe;FELIP;2218785;https://open.spotify.com/track/1kAyLWCiJfTDhm56kaOXnO;D:\dev\SB19\saved_pages\felip_moving_closer_from_the_cafe_20260206_062154.html
2026-02-06 06:22:04;Moving Closer - From The Lounge;FELIP;1542074;https://open.spotify.com/track/0cd2BCuzH8Vub1cS2eKU7M;D:\dev\SB19\saved_pages\felip_moving_closer_from_the_lounge_20260206_062204.html
2026-02-06 06:22:13;ID (new version);FELIP;208441;https://open.spotify.com/track/7Fu45FLLaE1s0eg8DF5UqT;D:\dev\SB19\saved_pages\felip_id_new_version_20260206_062213.html
2026-02-06 06:22:23;ROCKSTA (Superior Session Live);FELIP;1505234;https://open.spotify.com/track/5EP2vLFwMHpWFWeZVvt3jU;D:\dev\SB19\saved_pages\felip_rocksta_superior_session_live_20260206_062223.html
2026-02-06 06:22:33;SUPERIORITY (Superior Session Live);FELIP;1405482;https://open.spotify.com/track/5VmjG0uTHcrn43Ynetfomd;D:\dev\SB19\saved_pages\felip_superiority_superior_session_live_20260206_062233.html
2026-02-06 06:22:43;MICTEST (Superior Session Live);FELIP;1336159;https://open.spotify.com/track/0FW1fvsv00RCGNPjVHJg3x;D:\dev\SB19\saved_pages\felip_mictest_superior_session_live_20260206_062243.html
2026-02-06 06:22:52;DRINKSMOKE (Superior Session Live);FELIP;1516758;https://open.spotify.com/track/5Iw7boOrwCpWlaJtNTTHG6;D:\dev\SB19\saved_pages\felip_drinksmoke_superior_session_live_20260206_062252.html
2026-02-06 06:23:02;CRIMINAL (Superior Session Live);FELIP;1709176;https://open.spotify.com/track/2FxQjJcpsdHQHTqjVhlqP4;D:\dev\SB19\saved_pages\felip_criminal_superior_session_live_20260206_062302.html
2026-02-06 06:23:12;STRAYDOGS (Superior Session Live);FELIP;1340139;https://open.spotify.com/track/4W28quZaVhLdbpojBeooaZ;D:\dev\SB19\saved_pages\felip_straydogs_superior_session_live_20260206_062312.html
2026-02-06 06:23:21;to sin is human, to forgive is divine - live;FELIP;161452;https://open.spotify.com/track/5lbuH5ieouWZ43qHAcCK08;D:\dev\SB19\saved_pages\felip_to_sin_is_human_to_forgive_is_divine_live_20260206_062321.html
2026-02-06 06:23:31;foes - live;FELIP;154967;https://open.spotify.com/track/44TFeq1FSLniRzbThYVWom;D:\dev\SB19\saved_pages\felip_foes_live_20260206_062331.html
2026-02-06 06:23:41;envy - live;FELIP;137290;https://open.spotify.com/track/41gwpmt6wVdwDgjE430dm6;D:\dev\SB19\saved_pages\felip_envy_live_20260206_062341.html
2026-02-06 06:23:50;greed - live;FELIP;149007;https://open.spotify.com/track/5fWWoFfmqwBhBq93Rc6YqB;D:\dev\SB19\saved_pages\felip_greed_live_20260206_062350.html
2026-02-06 06:24:00;lust - live;FELIP;146814;https://open.spotify.com/track/2hlY0jd3uRy5i7SuN1oz7Z;D:\dev\SB19\saved_pages\felip_lust_live_20260206_062400.html
2026-02-06 06:24:10;pride - live;FELIP;129712;https://open.spotify.com/track/45ZCoFCk3DL7d84d7bwWdz;D:\dev\SB19\saved_pages\felip_pride_live_20260206_062410.html
2026-02-06 06:24:20;gluttony (feat. PLAYERTWO) - live;FELIP;131075;https://open.spotify.com/track/0HaZMHBzZOYqdEcCtzAHEU;D:\dev\SB19\saved_pages\felip_gluttony_feat_playertwo_live_20260206_062419.html
2026-02-06 06:24:29;wrath - live;FELIP;143456;https://open.spotify.com/track/5ykca7sZJ8OAUepkUGIdRE;D:\dev\SB19\saved_pages\felip_wrath_live_20260206_062429.html
2026-02-06 06:24:39;tokyo - live;FELIP;624171;https://open.spotify.com/track/5KKi1lmsdHfm4IYZ1YSy94;D:\dev\SB19\saved_pages\felip_tokyo_live_20260206_062439.html
2026-02-06 06:24:49;sloth - live;FELIP;139389;https://open.spotify.com/track/6dmzbxC4WjfB3ucXZUUaO5;D:\dev\SB19\saved_pages\felip_sloth_live_20260206_062449.html
2026-02-06 06:24:59;grace - live;FELIP;146504;https://open.spotify.com/track/6HsmDcIbYCn7YzWBUKEucW;D:\dev\SB19\saved_pages\felip_grace_live_20260206_062458.html
2026-02-06 06:25:08;ache - live;FELIP;172727;https://open.spotify.com/track/4lQY03QyHAKDj6XdDgVDcL;D:\dev\SB19\saved_pages\felip_ache_live_20260206_062508.html
2026-02-06 06:25:18;WILD TONIGHT;JOSH CULLEN;9760667;https://open.spotify.com/track/4yBwaJUom5dOYp54wU6hA2;D:\dev\SB19\saved_pages\josh_cullen_wild_tonight_20260206_062518.html
2026-02-06 06:25:28;Pakiusap Lang;JOSH CULLEN;5268446;https://open.spotify.com/track/6trU06kJgdYaPqRUvz5K9e;D:\dev\SB19\saved_pages\josh_cullen_pakiusap_lang_20260206_062528.html
2026-02-06 06:25:37;GET RIGHT;JOSH CULLEN;4628879;https://open.spotify.com/track/56FnjRDkdoCV5lVSyuQ9MU;D:\dev\SB19\saved_pages\josh_cullen_get_right_20260206_062537.html
2026-02-06 06:25:47;Yoko Na;JOSH CULLEN;10392270;https://open.spotify.com/track/6SIaYQUPOJpO8XFWeTl5dC;D:\dev\SB19\saved_pages\josh_cullen_yoko_na_20260206_062547.html
2026-02-06 06:25:57;1999;JOSH CULLEN;6264107;https://open.spotify.com/track/0PMfgKba5PLGETb02cDcMg;D:\dev\SB19\saved_pages\josh_cullen_1999_20260206_062557.html
2026-02-06 06:26:07;See Me;JOSH CULLEN;2933272;https://open.spotify.com/track/5jH6p468HtmNHdJiubGQ6t;D:\dev\SB19\saved_pages\josh_cullen_see_me_20260206_062606.html
2026-02-06 06:26:16;Silent Cries;JOSH CULLEN;3842621;https://open.spotify.com/track/1x0Y2jS5oJW4Q3aU9jZBER;D:\dev\SB19\saved_pages\josh_cullen_silent_cries_20260206_062616.html
2026-02-06 06:26:26;Honest;JOSH CULLEN;2654754;https://open.spotify.com/track/1Rl5KDAu4wrUsQZZtD2hiy;D:\dev\SB19\saved_pages\josh_cullen_honest_20260206_062626.html
2026-02-06 06:26:36;No Control;JOSH CULLEN;2203138;https://open.spotify.com/track/0Rg0DIhiShdvZvF7snNZIt;D:\dev\SB19\saved_pages\josh_cullen_no_control_20260206_062636.html
2026-02-06 06:26:45;Lights Out;JOSH CULLEN;1969566;https://open.spotify.com/track/2TQQX4gYeQmobxNEXwtrZ3;D:\dev\SB19\saved_pages\josh_cullen_lights_out_20260206_062645.html
2026-02-06 06:26:55;Sumaya;JOSH CULLEN;5329181;https://open.spotify.com/track/2qKu8tPpilCBJqxzGWcOaC;D:\dev\SB19\saved_pages\josh_cullen_sumaya_20260206_062655.html
2026-02-06 06:27:05;Silent Cries (Instrumental);JOSH CULLEN;534945;https://open.spotify.com/track/5FQodaxJAZTUPjdpbDT9pa;D:\dev\SB19\saved_pages\josh_cullen_silent_cries_instrumental_20260206_062705.html
2026-02-06 06:27:15;No Control (Instrumental);JOSH CULLEN;521977;https://open.spotify.com/track/65LG9NubWQtyImpyNXotHo;D:\dev\SB19\saved_pages\josh_cullen_no_control_instrumental_20260206_062715.html
2026-02-06 06:27:25;Takbuhan;JOSH CULLEN;927156;https://open.spotify.com/track/3RCVzaTWA7h1SR0nWQtIk1;D:\dev\SB19\saved_pages\josh_cullen_takbuhan_20260206_062724.html
2026-02-06 06:27:34;Re: Thinkin' About You;JOSH CULLEN;4268436;https://open.spotify.com/track/2R1CjdVdXz7frvQRwCdQa6;D:\dev\SB19\saved_pages\josh_cullen_re_thinkin_about_you_20260206_062734.html
2026-02-06 06:27:44;Room;Stell;12067124;https://open.spotify.com/track/1PLKN0HC7m5drBHg0jarZE;D:\dev\SB19\saved_pages\stell_room_20260206_062744.html
2026-02-06 06:27:54;Anino;Stell;6132319;https://open.spotify.com/track/5tMJZOyBv8t49i9elHuQZF;D:\dev\SB19\saved_pages\stell_anino_20260206_062754.html
2026-02-06 06:28:03;'Di Ko Masabi;Stell;7689009;https://open.spotify.com/track/3JEE0hhTI6u9CEZCZWalKe;D:\dev\SB19\saved_pages\stell_di_ko_masabi_20260206_062803.html
2026-02-06 06:28:13;Classic;Stell;6602375;https://open.spotify.com/track/15bdfvbGida1Z8OVZ0YvSQ;D:\dev\SB19\saved_pages\stell_classic_20260206_062813.html
2026-02-06 06:28:23;Room (Stripped);Stell;4816713;https://open.spotify.com/track/6fwpkEZRQZ8Kr5Ws4q0Kyn;D:\dev\SB19\saved_pages\stell_room_stripped_20260206_062823.html
2026-02-06 06:28:32;Surreal;justin;15016598;https://open.spotify.com/track/5TT4xi1HEPTkVTO59jY3tz;D:\dev\SB19\saved_pages\justin_surreal_20260206_062832.html
2026-02-06 06:28:42;Sunday Morning;justin;5462096;https://open.spotify.com/track/3sp427zYHOXL3LPCYgwuRv;D:\dev\SB19\saved_pages\justin_sunday_morning_20260206_062842.html
2026-02-06 06:28:52;Kaibigan;justin;8838979;https://open.spotify.com/track/3rwioq6hSNjwynK8rVPCma;D:\dev\SB19\saved_pages\justin_kaibigan_20260206_062852.html
2026-02-06 06:29:01;Sampung Mga Daliri;justin;7599925;https://open.spotify.com/track/2MHg2BVPaTgiCUDWp2jZqf;D:\dev\SB19\saved_pages\justin_sampung_mga_daliri_20260206_062901.html
2026-02-06 06:29:11;Sampung Mga Daliri (Reimagined Version);justin;721854;https://open.spotify.com/track/4nnhn2O5oQmPC2HedN5W4b;D:\dev\SB19\saved_pages\justin_sampung_mga_daliri_reimagined_version_20260206_062911.html
2026-02-06 06:29:21;Sampung Mga Daliri (Acoustic Version);justin;1589116;https://open.spotify.com/track/0WoGaGmUip0OPQ662Drdlj;D:\dev\SB19\saved_pages\justin_sampung_mga_daliri_acoustic_version_20260206_062921.html
2026-02-06 06:29:31;GENTO - From THE FIRST TAKE;SB19;7068544;https://open.spotify.com/track/2h7syqD1QScej4PqMxJfp2;D:\dev\SB19\saved_pages\sb19_gento_from_the_first_take_20260206_062931.html
2026-02-06 06:29:40;MAPA - From THE FIRST TAKE;SB19;5216360;https://open.spotify.com/track/4MZbVDIPOYmPkjcVqpPe9v;D:\dev\SB19\saved_pages\sb19_mapa_from_the_first_take_20260206_062940.html
2026-02-06 06:29:50;DAM - From THE FIRST TAKE;SB19;2125339;https://open.spotify.com/track/14WOLW4oTwD7Mh9eb0hLDs;D:\dev\SB19\saved_pages\sb19_dam_from_the_first_take_20260206_062950.html
2026-02-06 06:30:00;Time - From THE FIRST TAKE;SB19;2281023;https://open.spotify.com/track/1ctnGFHyklJbmHLyaDYtyg;D:\dev\SB19\saved_pages\sb19_time_from_the_first_take_20260206_063000.html
2026-02-06 06:30:09;Moonlight (Ian Asher Club Mix);SB19;2960402;https://open.spotify.com/track/5YYzdzlunDyLDwlM40W0Gc;D:\dev\SB19\saved_pages\sb19_moonlight_ian_asher_club_mix_20260206_063009.html
2026-02-06 06:30:19;Umaaligid (Extended Ver.);SB19;2747434;https://open.spotify.com/track/1XFHLGwXrlL0FpJgRcFYTI;D:\dev\SB19\saved_pages\sb19_umaaligid_extended_ver_20260206_063019.html
2026-02-06 06:30:29;Love Yours (DIOR & RealBros Remix);SB19;869927;https://open.spotify.com/track/3qw9D8YC0sezDriUMx5lRG;D:\dev\SB19\saved_pages\sb19_love_yours_dior_realbros_remix_20260206_063029.html
2026-02-06 06:30:39;What? - Extended Version;SB19;6315292;https://open.spotify.com/track/7jn2llkeDI9IRROCYNa7sL;D:\dev\SB19\saved_pages\sb19_what_extended_version_20260206_063039.html
2026-02-07 06:00:13;Tilaluha;SB19;23703264;https://open.spotify.com/track/0fPJsVtCOXqjHxKS9kc13s;D:\dev\SB19\saved_pages\sb19_tilaluha_20260207_060012.html
2026-02-07 06:00:22;Go Up;SB19;26846887;https://open.spotify.com/track/5VoY18OYEE2E6RJCBd2jki;D:\dev\SB19\saved_pages\sb19_go_up_20260207_060022.html
2026-02-07 06:00:32;Alab (Burning);SB19;22656122;https://open.spotify.com/track/053ZzdU3Rya4NMxiWMPqnq;D:\dev\SB19\saved_pages\sb19_alab_burning_20260207_060032.html
2026-02-07 06:00:41;Hanggang Sa Huli;SB19;32355408;https://open.spotify.com/track/2WUhR1SraSy0SVIQKohJb6;D:\dev\SB19\saved_pages\sb19_hanggang_sa_huli_20260207_060041.html
2026-02-07 06:00:51;Love Goes;SB19;11176800;https://open.spotify.com/track/5p70OUKixtLRpnK5uSdqro;D:\dev\SB19\saved_pages\sb19_love_goes_20260207_060051.html
2026-02-07 06:01:00;Love Goes (EDM Version);SB19;7160473;https://open.spotify.com/track/0LAh3hfeuUekvLm3Nq6MmA;D:\dev\SB19\saved_pages\sb19_love_goes_edm_version_20260207_060100.html
2026-02-07 06:01:10;'Wag Mong Ikunot Ang Iyong Noo;SB19;9501287;https://open.spotify.com/track/5sJxhdzehdLq9iPzNnTR71;D:\dev\SB19\saved_pages\sb19_wag_mong_ikunot_ang_iyong_noo_20260207_060110.html
2026-02-07 06:01:20;Tilaluha (Instrumental);SB19;2216720;https://open.spotify.com/track/5lMxdErNKHh797tOT3mBvk;D:\dev\SB19\saved_pages\sb19_tilaluha_instrumental_20260207_060120.html
2026-02-07 06:01:29;Hanggang Sa Huli (Instrumental);SB19;2326051;https://open.spotify.com/track/6JZkWjVjOQAUPzNfGr4Dp0;D:\dev\SB19\saved_pages\sb19_hanggang_sa_huli_instrumental_20260207_060129.html
2026-02-07 06:01:41;What?;SB19;25775247;https://open.spotify.com/track/1evZendZnEe8a8eXjd1Bcn;D:\dev\SB19\saved_pages\sb19_what_20260207_060141.html
2026-02-07 06:01:51;MAPA;SB19;86266805;https://open.spotify.com/track/6Fz2TpxUD0YvAPsuG8nDMJ;D:\dev\SB19\saved_pages\sb19_mapa_20260207_060150.html
2026-02-07 06:02:00;Bazinga;SB19;31857596;https://open.spotify.com/track/5QZw4F3N3PvuKNKHm9L20b;D:\dev\SB19\saved_pages\sb19_bazinga_20260207_060200.html
2026-02-07 06:02:10;SLMT;SB19;17540352;https://open.spotify.com/track/0AbJoAxuqYgMrmXvtFOc0K;D:\dev\SB19\saved_pages\sb19_slmt_20260207_060210.html
2026-02-07 06:02:20;Mana;SB19;20848684;https://open.spotify.com/track/0EtkP3TUHvTeDIgrpgMS8m;D:\dev\SB19\saved_pages\sb19_mana_20260207_060219.html
2026-02-07 06:02:29;Ikako;SB19;14809262;https://open.spotify.com/track/5qHUmt5jIvDaOzMXiX533o;D:\dev\SB19\saved_pages\sb19_ikako_20260207_060229.html
2026-02-07 06:02:39;Gento;SB19;76076718;https://open.spotify.com/track/1o6uF8VmXna99ysHTcQRI2;D:\dev\SB19\saved_pages\sb19_gento_20260207_060239.html
2026-02-07 06:02:48;I Want You;SB19;31658998;https://open.spotify.com/track/16GGH8OF6LiSUTTbm8421f;D:\dev\SB19\saved_pages\sb19_i_want_you_20260207_060248.html
2026-02-07 06:02:58;Ilaw;SB19;19819384;https://open.spotify.com/track/4zoqT3f80GyytJvnhVHgEl;D:\dev\SB19\saved_pages\sb19_ilaw_20260207_060258.html
2026-02-07 06:03:08;Crimzone;SB19;25460420;https://open.spotify.com/track/5GcS9zT4iIL7l0JrqZeG6O;D:\dev\SB19\saved_pages\sb19_crimzone_20260207_060307.html
2026-02-07 06:03:17;LIHAM;SB19;20222592;https://open.spotify.com/track/5MQ1nQ0MZMRO4yPQWdCeEb;D:\dev\SB19\saved_pages\sb19_liham_20260207_060317.html
2026-02-07 06:03:27;Freedom;SB19;16492329;https://open.spotify.com/track/2CuYpdcx2f9XbMZhc3ST8E;D:\dev\SB19\saved_pages\sb19_freedom_20260207_060327.html
2026-02-07 06:03:36;DAM;SB19;60997436;https://open.spotify.com/track/1NNsL6tYk06TqTea3mKB9P;D:\dev\SB19\saved_pages\sb19_dam_20260207_060336.html
2026-02-07 06:03:46;Time;SB19;22199442;https://open.spotify.com/track/1OvE4CwaIZJ89Eq0qXGCEF;D:\dev\SB19\saved_pages\sb19_time_20260207_060346.html
2026-02-07 06:03:55;8TonBall;SB19;16083211;https://open.spotify.com/track/7AqrfyOdFWPnjQrgzWzcUz;D:\dev\SB19\saved_pages\sb19_8tonball_20260207_060355.html
2026-02-07 06:04:05;Quit;SB19;17143219;https://open.spotify.com/track/7oIQWmbKShhEt2yTSBxNpu;D:\dev\SB19\saved_pages\sb19_quit_20260207_060405.html
2026-02-07 06:04:15;Shooting for the Stars;SB19;15059538;https://open.spotify.com/track/6q3qzeZgWgoFrV6DmaZr1R;D:\dev\SB19\saved_pages\sb19_shooting_for_the_stars_20260207_060415.html
2026-02-07 06:04:24;Dungka!;SB19;27998612;https://open.spotify.com/track/7mqsPvhSR1CtY6PkTf1YVy;D:\dev\SB19\saved_pages\sb19_dungka_20260207_060424.html
2026-02-07 06:04:35;DAM (Extended Ver.);SB19;18908949;https://open.spotify.com/track/0pjhHUx21NsPuSCH0H3lW6;D:\dev\SB19\saved_pages\sb19_dam_extended_ver_20260207_060435.html
2026-02-07 06:04:46;Prologue (Simula at Wakas Tour Kickoff);SB19;22761;https://open.spotify.com/track/55RzoCDxzbzN1VEZ8yYKU4?si=1d1d2027a66e4efb;D:\dev\SB19\saved_pages\sb19_prologue_simula_at_wakas_tour_kickoff_20260207_060446.html
2026-02-07 06:04:55;What? (Simula at Wakas Tour Kickoff);SB19;284584;https://open.spotify.com/track/4FEhO3lDTOseNLhBNBAvpW;D:\dev\SB19\saved_pages\sb19_what_simula_at_wakas_tour_kickoff_20260207_060455.html
2026-02-07 06:05:05;GENTO (Simula at Wakas Tour Kickoff);SB19;269982;https://open.spotify.com/track/1BYHhhwMf7QRr2a7p64tRU;D:\dev\SB19\saved_pages\sb19_gento_simula_at_wakas_tour_kickoff_20260207_060505.html
2026-02-07 06:05:16;Mana (Simula at Wakas Tour Kickoff);SB19;265887;https://open.spotify.com/track/4LPgthOM2aB1mbPIxgZy8P;D:\dev\SB19\saved_pages\sb19_mana_simula_at_wakas_tour_kickoff_20260207_060516.html
2026-02-07 06:05:25;Moonlight (Simula at Wakas Tour Kickoff);SB19;409586;https://open.spotify.com/track/5N3AnPqWcSDNLGbSr1etzb;D:\dev\SB19\saved_pages\sb19_moonlight_simula_at_wakas_tour_kickoff_20260207_060525.html
2026-02-07 06:05:35;I WANT YOU (Simula at Wakas Tour Kickoff);SB19;490069;https://open.spotify.com/track/5V0qUkMEIac9nis4SDb2XD;D:\dev\SB19\saved_pages\sb19_i_want_you_simula_at_wakas_tour_kickoff_20260207_060535.html
2026-02-07 06:05:44;WYAT (Where You At) (Simula at Wakas Tour Kickoff);SB19;258113;https://open.spotify.com/track/0VUpreONXiBKhTmg7LNWS6;D:\dev\SB19\saved_pages\sb19_wyat_where_you_at_simula_at_wakas_tour_kickoff_20260207_060544.html
2026-02-07 06:05:54;DUNGKA! (Simula at Wakas Tour Kickoff);SB19;243692;https://open.spotify.com/track/4ZUl5u7opmH0U5vULsSbPe;D:\dev\SB19\saved_pages\sb19_dungka_simula_at_wakas_tour_kickoff_20260207_060554.html
2026-02-07 06:06:04;Bazinga (Simula at Wakas Tour Kickoff);SB19;242467;https://open.spotify.com/track/6CfcGGotSNm6kpG0zxPXrc;D:\dev\SB19\saved_pages\sb19_bazinga_simula_at_wakas_tour_kickoff_20260207_060603.html
2026-02-07 06:06:13;8TonBall (Simula at Wakas Tour Kickoff);SB19;246659;https://open.spotify.com/track/54UfPbjMn8dwtYazgHrydY;D:\dev\SB19\saved_pages\sb19_8tonball_simula_at_wakas_tour_kickoff_20260207_060613.html
2026-02-07 06:06:23;CRIMZONE (Simula at Wakas Tour Kickoff);SB19;241839;https://open.spotify.com/track/1Sg2y4WDHzGRf4N03fUkep;D:\dev\SB19\saved_pages\sb19_crimzone_simula_at_wakas_tour_kickoff_20260207_060623.html
2026-02-07 06:06:32;Nyebe (Simula at Wakas Tour Kickoff);SB19;242185;https://open.spotify.com/track/3o09uzJFcSGLneWp3rCmsT;D:\dev\SB19\saved_pages\sb19_nyebe_simula_at_wakas_tour_kickoff_20260207_060632.html
2026-02-07 06:06:42;Time (Simula at Wakas Tour Kickoff);SB19;231180;https://open.spotify.com/track/1Qdo5W5rPNWhcHQOq1Pdl8;D:\dev\SB19\saved_pages\sb19_time_simula_at_wakas_tour_kickoff_20260207_060642.html
2026-02-07 06:06:51;ILAW (Simula at Wakas Tour Kickoff);SB19;245933;https://open.spotify.com/track/64BRHIKmpuMU7k435yRDAI;D:\dev\SB19\saved_pages\sb19_ilaw_simula_at_wakas_tour_kickoff_20260207_060651.html
2026-02-07 06:07:01;Quit (Simula at Wakas Tour Kickoff);SB19;238680;https://open.spotify.com/track/7ynFrYbCvOaqiwDmeQrWjt;D:\dev\SB19\saved_pages\sb19_quit_simula_at_wakas_tour_kickoff_20260207_060701.html
2026-02-07 06:07:10;MAPA (Simula at Wakas Tour Kickoff);SB19;220351;https://open.spotify.com/track/7v40dop6L3zF1ErVi1X4pj;D:\dev\SB19\saved_pages\sb19_mapa_simula_at_wakas_tour_kickoff_20260207_060710.html
2026-02-07 06:07:20;Shooting for the Stars (Simula at Wakas Tour Kickoff);SB19;218070;https://open.spotify.com/track/5ECgqO3ufZvZ4o3m2Ji3PA;D:\dev\SB19\saved_pages\sb19_shooting_for_the_stars_simula_at_wakas_tour_kickoff_20260207_060720.html
2026-02-07 06:07:29;FREEDOM (Simula at Wakas Tour Kickoff);SB19;203431;https://open.spotify.com/track/72b7uRYHaeLspB9rJqqd6e;D:\dev\SB19\saved_pages\sb19_freedom_simula_at_wakas_tour_kickoff_20260207_060729.html
2026-02-07 06:07:39;SLMT (Simula at Wakas Tour Kickoff);SB19;213290;https://open.spotify.com/track/0ABh4wrkVAalF1tY8H8lNc;D:\dev\SB19\saved_pages\sb19_slmt_simula_at_wakas_tour_kickoff_20260207_060739.html
2026-02-07 06:07:48;DAM (Simula at Wakas Tour Kickoff);SB19;210360;https://open.spotify.com/track/6r7bRefIOKOsImYLZLus3S;D:\dev\SB19\saved_pages\sb19_dam_simula_at_wakas_tour_kickoff_20260207_060748.html
2026-02-07 06:07:58;WYAT (Where You At);SB19;25119885;https://open.spotify.com/track/1z50Hub2XCsAPWo8zgoePu;D:\dev\SB19\saved_pages\sb19_wyat_where_you_at_20260207_060758.html
2026-02-07 06:08:08;Nyebe;SB19;18165937;https://open.spotify.com/track/6aLjE6peuaJQRWRgfjxrRw;D:\dev\SB19\saved_pages\sb19_nyebe_20260207_060807.html
2026-02-07 06:08:17;No Stopping You;SB19;8795392;https://open.spotify.com/track/3KDOf2p1DrKhiqX78R82sh;D:\dev\SB19\saved_pages\sb19_no_stopping_you_20260207_060817.html
2026-02-07 06:08:27;Ligaya;SB19;9734032;https://open.spotify.com/track/2lwaPRPgP9EaaMsbzVaZ3O;D:\dev\SB19\saved_pages\sb19_ligaya_20260207_060827.html
2026-02-07 06:08:36;MAPA (Band Version);SB19;27963537;https://open.spotify.com/track/0QQoU68nnBRWJqr9ak3mnS;D:\dev\SB19\saved_pages\sb19_mapa_band_version_20260207_060836.html
2026-02-07 06:08:46;Kabataang Pinoy;SB19;9115970;https://open.spotify.com/track/6aXWWGw7sQJLx82jZndSQZ;D:\dev\SB19\saved_pages\sb19_kabataang_pinoy_20260207_060846.html
2026-02-07 06:08:55;Win Your Heart;SB19;11112892;https://open.spotify.com/track/0DnNMu0v71ICscsyuQgmu3;D:\dev\SB19\saved_pages\sb19_win_your_heart_20260207_060855.html
2026-02-07 06:09:05;Christmas Party (SB19 Version);SB19;4471870;https://open.spotify.com/track/387ZTKanhRfPXazSyzTWUj;D:\dev\SB19\saved_pages\sb19_christmas_party_sb19_version_20260207_060905.html
2026-02-07 06:09:14;golden hour (SB19 Remix);SB19;21043442;https://open.spotify.com/track/4cGKycusCcECMX79k4NQwS;D:\dev\SB19\saved_pages\sb19_golden_hour_sb19_remix_20260207_060914.html
2026-02-07 06:09:24;Moonlight;SB19;22665413;https://open.spotify.com/track/1xAYG31LamC5qlykRhbWxd;D:\dev\SB19\saved_pages\sb19_moonlight_20260207_060924.html
2026-02-07 06:09:34;Ready;SB19;9757475;https://open.spotify.com/track/4JZocgyzKHdRF0iSOcodJn;D:\dev\SB19\saved_pages\sb19_ready_20260207_060933.html
2026-02-07 06:09:43;KALAKAL;SB19;21790647;https://open.spotify.com/track/1cFGU7MQu0mHS5uVyD1STP;D:\dev\SB19\saved_pages\sb19_kalakal_20260207_060943.html
2026-02-07 06:09:53;MAPA (Indonesian Version);SB19;7441993;https://open.spotify.com/track/23FJNFAeNLzAuFORNvyBFf;D:\dev\SB19\saved_pages\sb19_mapa_indonesian_version_20260207_060953.html
2026-02-07 06:10:02;Umaaligid;SB19;13198865;https://open.spotify.com/track/5XYYmsZJG5qIBAniny4bHe;D:\dev\SB19\saved_pages\sb19_umaaligid_20260207_061002.html
2026-02-07 06:10:12;Burn The Flame;SB19;3103260;https://open.spotify.com/track/3mvN8n8mg7X41CbGvc7xYU;D:\dev\SB19\saved_pages\sb19_burn_the_flame_20260207_061012.html
2026-02-07 06:10:21;Burn The Flame (Taglish Version);SB19;840016;https://open.spotify.com/track/0aKGIF1iGjV6D6vXYDJgyy;D:\dev\SB19\saved_pages\sb19_burn_the_flame_taglish_version_20260207_061021.html
2026-02-07 06:10:31;Burn The Flame (Karaoke Version);SB19;201939;https://open.spotify.com/track/38UTDIDP582bP8ZAU20bsT;D:\dev\SB19\saved_pages\sb19_burn_the_flame_karaoke_version_20260207_061031.html
2026-02-07 06:10:41;Burn The Flame (Instrumental);SB19;140603;https://open.spotify.com/track/1MLMEY4ahXUjTcmi01s4jA;D:\dev\SB19\saved_pages\sb19_burn_the_flame_instrumental_20260207_061040.html
2026-02-07 06:10:50;Love Yours;SB19;5536762;https://open.spotify.com/track/62iq4hiMI4CxLek4nYI14R;D:\dev\SB19\saved_pages\sb19_love_yours_20260207_061050.html
2026-02-07 06:11:00;Kapangyarihan;SB19;23269675;https://open.spotify.com/track/6FFtbC1K2aNeCS376paoHN;D:\dev\SB19\saved_pages\sb19_kapangyarihan_20260207_061100.html
2026-02-07 06:11:09;The One;SB19;8938732;https://open.spotify.com/track/5SZPGItm64sVZ8KVYmoV4N;D:\dev\SB19\saved_pages\sb19_the_one_20260207_061109.html
2026-02-07 06:11:19;Merry Munchkins (SB19 Version);SB19;2739767;https://open.spotify.com/track/3r3U5OpESU60BAVT11KuYS;D:\dev\SB19\saved_pages\sb19_merry_munchkins_sb19_version_20260207_061119.html
2026-02-07 06:11:28;Live It Up;SB19;3943366;https://open.spotify.com/track/42D9L3kTskZ5anDWGBhtEk;D:\dev\SB19\saved_pages\sb19_live_it_up_20260207_061128.html
2026-02-07 06:11:38;Make Your Green Mark;SB19;2464698;https://open.spotify.com/track/0thBJj3R0mM8mLwe2WMJI1;D:\dev\SB19\saved_pages\sb19_make_your_green_mark_20260207_061138.html
2026-02-07 06:11:47;Ace Your World;SB19;3101861;https://open.spotify.com/track/3lgJ5YAfc6wxVB9xpUDyH9;D:\dev\SB19\saved_pages\sb19_ace_your_world_20260207_061147.html
2026-02-07 06:11:57;Reset;SB19;3183233;https://open.spotify.com/track/6a7itY9YQTkmb8oMwwmhRp;D:\dev\SB19\saved_pages\sb19_reset_20260207_061157.html
2026-02-07 06:12:06;Tahanan;SB19;1703280;https://open.spotify.com/track/6XOT8LCjly8StKCooz6pp1;D:\dev\SB19\saved_pages\sb19_tahanan_20260207_061206.html
2026-02-07 06:12:16;G Pa Rin Ang Pasko;SB19;796732;https://open.spotify.com/track/0JYEUl8iJovowKP7Xi6mSM;D:\dev\SB19\saved_pages\sb19_g_pa_rin_ang_pasko_20260207_061216.html
2026-02-07 06:12:26;Ready, Set, G!;SB19;1134886;https://open.spotify.com/track/3RFGJAl8B1MiW4Ti6qvGeq;D:\dev\SB19\saved_pages\sb19_ready_set_g_20260207_061225.html
2026-02-07 06:12:35;We Wish You A Merry GCash;SB19;1328414;https://open.spotify.com/track/7H2N6amk6lmn9oahy3qxQl;D:\dev\SB19\saved_pages\sb19_we_wish_you_a_merry_gcash_20260207_061235.html
2026-02-07 06:12:45;Make It Merry, I-GCash Mo;SB19;1018016;https://open.spotify.com/track/1cTLpJs2LHvA0q5Z6YWzbD;D:\dev\SB19\saved_pages\sb19_make_it_merry_i_gcash_mo_20260207_061245.html
2026-02-07 06:12:54;Tara, Summer Na!;SB19;1910247;https://open.spotify.com/track/5RbO3gk0BiIfoFop0un9Dn;D:\dev\SB19\saved_pages\sb19_tara_summer_na_20260207_061254.html
2026-02-07 06:13:04;TM Doble Dekada (Samahang Pina-Easy);SB19;2861093;https://open.spotify.com/track/5pSDEveqgXTvPU102hAIY1;D:\dev\SB19\saved_pages\sb19_tm_doble_dekada_samahang_pina_easy_20260207_061304.html
2026-02-07 06:13:13;Dobleng GV sa FunPasko (Noon, Ngayon, Palagi);SB19;675231;https://open.spotify.com/track/5hVNG3wLy8rSSCqShicG4I;D:\dev\SB19\saved_pages\sb19_dobleng_gv_sa_funpasko_noon_ngayon_palagi_20260207_061313.html
2026-02-07 06:13:23;TM FunPasko (Samahang Pina-Easy);SB19;905458;https://open.spotify.com/track/1ZLVZ75W0ZNqiuzQPbz3ZG;D:\dev\SB19\saved_pages\sb19_tm_funpasko_samahang_pina_easy_20260207_061323.html
2026-02-07 06:13:32;Push Ang Pusuan;SB19;3501422;https://open.spotify.com/track/2hUZkOBSRlp6uB9hXvYgPi;D:\dev\SB19\saved_pages\sb19_push_ang_pusuan_20260207_061332.html
2026-02-07 06:13:42;Team Tayo;SB19;1059981;https://open.spotify.com/track/3aKVPphQZ3kjwY7Tn1TUhP;D:\dev\SB19\saved_pages\sb19_team_tayo_20260207_061342.html
2026-02-07 06:13:51;Ating Pasko;SB19;2429252;https://open.spotify.com/track/7y5C9pM3gt7WNoiSzFHcGN;D:\dev\SB19\saved_pages\sb19_ating_pasko_20260207_061351.html
2026-02-07 06:14:01;La Luna;PABLO;17473682;https://open.spotify.com/track/01NEcBpMXPQNxONQnObJJ3;D:\dev\SB19\saved_pages\pablo_la_luna_20260207_061401.html
2026-02-07 06:14:11;Presyon;PABLO;2669132;https://open.spotify.com/track/7cErqp4Jg64PcqAE0uYeZP;D:\dev\SB19\saved_pages\pablo_presyon_20260207_061410.html
2026-02-07 06:14:20;Wala;PABLO;2903034;https://open.spotify.com/track/5gLNDt687YE0Zgad2yaaAD;D:\dev\SB19\saved_pages\pablo_wala_20260207_061420.html
2026-02-07 06:14:30;The Boy Who Cried Wolf;PABLO;4957585;https://open.spotify.com/track/3dNKnbTBjliNTwCeLqlMG3;D:\dev\SB19\saved_pages\pablo_the_boy_who_cried_wolf_20260207_061430.html
2026-02-07 06:14:39;Kumunoy;PABLO;4023481;https://open.spotify.com/track/6WkQrra0cZQAo42aMxdT2X;D:\dev\SB19\saved_pages\pablo_kumunoy_20260207_061439.html
2026-02-07 06:14:49;Kelan;PABLO;2464702;https://open.spotify.com/track/39aItIaR9sIBz3EP8RXuhs;D:\dev\SB19\saved_pages\pablo_kelan_20260207_061449.html
2026-02-07 06:14:58;Drowning in the Water;PABLO;5683998;https://open.spotify.com/track/6065mStxNxs8sCy3yCrg8H;D:\dev\SB19\saved_pages\pablo_drowning_in_the_water_20260207_061458.html
2026-02-07 06:15:08;Breathe (Outro);PABLO;1909039;https://open.spotify.com/track/2lKyuf60Q5qSwTF0dl7qM6;D:\dev\SB19\saved_pages\pablo_breathe_outro_20260207_061508.html
2026-02-07 06:15:17;Neumun;PABLO;3691679;https://open.spotify.com/track/4DF1e91DMTM4oTpW8jgsP2;D:\dev\SB19\saved_pages\pablo_neumun_20260207_061517.html
2026-02-07 06:15:28;Don't Care;PABLO;2810194;https://open.spotify.com/track/06YsrZvTJmdPNXY5La1jFK;D:\dev\SB19\saved_pages\pablo_don_t_care_20260207_061528.html
2026-02-07 06:15:38;Butata;PABLO;6696267;https://open.spotify.com/track/68hXl4L5vCusj8U2QlC73D;D:\dev\SB19\saved_pages\pablo_butata_20260207_061538.html
2026-02-07 06:15:47;Puyat;PABLO;3223353;https://open.spotify.com/track/5EiD5Pk0Wv6dkHS1ZpNvzE;D:\dev\SB19\saved_pages\pablo_puyat_20260207_061547.html
2026-02-07 06:15:57;Blessed;PABLO;4103806;https://open.spotify.com/track/4hdPboEAxOZjaaHML4q62u;D:\dev\SB19\saved_pages\pablo_blessed_20260207_061557.html
2026-02-07 06:16:06;Tambol (Ibang Planeta);PABLO;2520080;https://open.spotify.com/track/753jWXJVBxK6cuYDUVbeux;D:\dev\SB19\saved_pages\pablo_tambol_ibang_planeta_20260207_061606.html
2026-02-07 06:16:16;Micha!;PABLO;3507098;https://open.spotify.com/track/7F3NzrsN3zNGcIP2FbUYUo;D:\dev\SB19\saved_pages\pablo_micha_20260207_061616.html
2026-02-07 06:16:25;DETERMINADO;PABLO;6347577;https://open.spotify.com/track/0hQJzMEbXg8ssQwgMbJUbw;D:\dev\SB19\saved_pages\pablo_determinado_20260207_061625.html
2026-02-07 06:16:35;AKALA;PABLO;5405501;https://open.spotify.com/track/5w4CLRxwroocAzFiJ568oY;D:\dev\SB19\saved_pages\pablo_akala_20260207_061635.html
2026-02-07 06:16:44;edsa;PABLO;7877978;https://open.spotify.com/track/64p2tRd4zsBsJUucEnfWrX;D:\dev\SB19\saved_pages\pablo_edsa_20260207_061644.html
2026-02-07 06:16:54;Liwanag sa Dilim (from Incognito);PABLO;6394322;https://open.spotify.com/track/3Ynpt5qseTmDdl9bN21FNJ;D:\dev\SB19\saved_pages\pablo_liwanag_sa_dilim_from_incognito_20260207_061654.html
2026-02-07 06:17:04;Palayo;FELIP;12356680;https://open.spotify.com/track/3FvYLNM5ShB5vDCzGw8syX;D:\dev\SB19\saved_pages\felip_palayo_20260207_061704.html
2026-02-07 06:17:13;Bulan;FELIP;6705759;https://open.spotify.com/track/2qYmu6Obx3NW1VeNOiCFMK;D:\dev\SB19\saved_pages\felip_bulan_20260207_061713.html
2026-02-07 06:17:23;ROCKSTA;FELIP;6419249;https://open.spotify.com/track/5UhtleGyBZJCvG8cstjLkr;D:\dev\SB19\saved_pages\felip_rocksta_20260207_061723.html
2026-02-07 06:17:32;SUPERIORITY;FELIP;3701198;https://open.spotify.com/track/3Tzmy7ExNOlP0tdDr9sjUT;D:\dev\SB19\saved_pages\felip_superiority_20260207_061732.html
2026-02-07 06:17:42;MICTEST;FELIP;4234426;https://open.spotify.com/track/5MC8Oxr5FTIQYJ6f7Cg6gR;D:\dev\SB19\saved_pages\felip_mictest_20260207_061742.html
2026-02-07 06:17:51;DRINKSMOKE;FELIP;5277638;https://open.spotify.com/track/29UIvWBrkjWtVuSEyexLt1;D:\dev\SB19\saved_pages\felip_drinksmoke_20260207_061751.html
2026-02-07 06:18:01;CRIMINAL;FELIP;6592591;https://open.spotify.com/track/4YPz66cDppOl9KVUOCpBV5;D:\dev\SB19\saved_pages\felip_criminal_20260207_061801.html
2026-02-07 06:18:10;STRAYDOGS;FELIP;5601286;https://open.spotify.com/track/03aFaNBeCXmFl194HuyWKe;D:\dev\SB19\saved_pages\felip_straydogs_20260207_061810.html
2026-02-07 06:18:20;Kanako;FELIP;9830827;https://open.spotify.com/track/76hOMoRACZOQq5CfqSNU9i;D:\dev\SB19\saved_pages\felip_kanako_20260207_061820.html
2026-02-07 06:18:30;Moving Closer;FELIP;10367678;https://open.spotify.com/track/59PCn7ObERln3cPl84CGx6;D:\dev\SB19\saved_pages\felip_moving_closer_20260207_061829.html
2026-02-07 06:18:39;FLYYY;FELIP;3524113;https://open.spotify.com/track/0PWBx43woMnsyUC72NC1Gl;D:\dev\SB19\saved_pages\felip_flyyy_20260207_061839.html
2026-02-07 06:18:49;Pagdali;FELIP;3428682;https://open.spotify.com/track/7fMR5ryCo3m38yyj1PCym4;D:\dev\SB19\saved_pages\felip_pagdali_20260207_061849.html
2026-02-07 06:18:58;Fake Faces;FELIP;8831538;https://open.spotify.com/track/4ntKnZnztFdovszJpIoeVO;D:\dev\SB19\saved_pages\felip_fake_faces_20260207_061858.html
2026-02-07 06:19:08;foes;FELIP;2404043;https://open.spotify.com/track/5IyWs6bAMeT9vPUiUVgSdd;D:\dev\SB19\saved_pages\felip_foes_20260207_061908.html
2026-02-07 06:19:18;envy;FELIP;3433440;https://open.spotify.com/track/6uJggzzrSE5tK9CRTZejgm;D:\dev\SB19\saved_pages\felip_envy_20260207_061918.html
2026-02-07 06:19:27;wrath;FELIP;2038575;https://open.spotify.com/track/12VANuhDUHnXRtRG6YP72a;D:\dev\SB19\saved_pages\felip_wrath_20260207_061927.html
2026-02-07 06:19:37;greed;FELIP;3345810;https://open.spotify.com/track/3foNAstTb7fdbbfFnKwn28;D:\dev\SB19\saved_pages\felip_greed_20260207_061937.html
2026-02-07 06:19:46;pride;FELIP;1934719;https://open.spotify.com/track/1jZET8rPE5RWZZrkCM2toY;D:\dev\SB19\saved_pages\felip_pride_20260207_061946.html
2026-02-07 06:19:56;gluttony;FELIP;1729896;https://open.spotify.com/track/216LlnUj3GfZ0yE2hXZxm0;D:\dev\SB19\saved_pages\felip_gluttony_20260207_061956.html
2026-02-07 06:20:06;lust;FELIP;3524371;https://open.spotify.com/track/70kZ4pCeZ0WIanftduEDov;D:\dev\SB19\saved_pages\felip_lust_20260207_062005.html
2026-02-07 06:20:15;sloth;FELIP;2568747;https://open.spotify.com/track/6PJLoGD9KpyMSx8j7vVWHq;D:\dev\SB19\saved_pages\felip_sloth_20260207_062015.html
2026-02-07 06:20:25;ache;FELIP;4552611;https://open.spotify.com/track/3G3ZYOLBcjbIv0GDlIoZeh;D:\dev\SB19\saved_pages\felip_ache_20260207_062025.html
2026-02-07 06:20:34;ID;FELIP;2417734;https://open.spotify.com/track/2cXkFKFgEW5Myc0yNy6CqL;D:\dev\SB19\saved_pages\felip_id_20260207_062034.html
2026-02-07 06:20:44;KAWASAKI;FELIP;1691479;https://open.spotify.com/track/37ifPBg9M2NzlRNHe9WUIy;D:\dev\SB19\saved_pages\felip_kawasaki_20260207_062044.html
2026-02-07 06:20:53;Palayo - Live Band Ver;FELIP;2235391;https://open.spotify.com/track/6gdcXFz1q9WKAlB2ybVM3F;D:\dev\SB19\saved_pages\felip_palayo_live_band_ver_20260207_062053.html
2026-02-07 06:21:04;Bulan - Live Band Ver;FELIP;1951280;https://open.spotify.com/track/048YgXKAXF8eTwMCfYylhD;D:\dev\SB19\saved_pages\felip_bulan_live_band_ver_20260207_062104.html
2026-02-07 06:21:14;Palayo Inst.;FELIP;1262573;https://open.spotify.com/track/2RfXO3QnM6gG75Pxu04OqS;D:\dev\SB19\saved_pages\felip_palayo_inst_20260207_062114.html
2026-02-07 06:21:23;Bulan Inst.;FELIP;1187753;https://open.spotify.com/track/4iGoucvzYCbJtG4n4wnJjB;D:\dev\SB19\saved_pages\felip_bulan_inst_20260207_062123.html
2026-02-07 06:21:33;Moving Closer - From The Cafe;FELIP;2220620;https://open.spotify.com/track/1kAyLWCiJfTDhm56kaOXnO;D:\dev\SB19\saved_pages\felip_moving_closer_from_the_cafe_20260207_062133.html
2026-02-07 06:21:43;Moving Closer - From The Lounge;FELIP;1543469;https://open.spotify.com/track/0cd2BCuzH8Vub1cS2eKU7M;D:\dev\SB19\saved_pages\felip_moving_closer_from_the_lounge_20260207_062143.html
2026-02-07 06:21:52;ID (new version);FELIP;210735;https://open.spotify.com/track/7Fu45FLLaE1s0eg8DF5UqT;D:\dev\SB19\saved_pages\felip_id_new_version_20260207_062152.html
2026-02-07 06:22:02;ROCKSTA (Superior Session Live);FELIP;1505764;https://open.spotify.com/track/5EP2vLFwMHpWFWeZVvt3jU;D:\dev\SB19\saved_pages\felip_rocksta_superior_session_live_20260207_062202.html
2026-02-07 06:22:11;SUPERIORITY (Superior Session Live);FELIP;1405880;https://open.spotify.com/track/5VmjG0uTHcrn43Ynetfomd;D:\dev\SB19\saved_pages\felip_superiority_superior_session_live_20260207_062211.html
2026-02-07 06:22:21;MICTEST (Superior Session Live);FELIP;1336548;https://open.spotify.com/track/0FW1fvsv00RCGNPjVHJg3x;D:\dev\SB19\saved_pages\felip_mictest_superior_session_live_20260207_062221.html
2026-02-07 06:22:30;DRINKSMOKE (Superior Session Live);FELIP;1517254;https://open.spotify.com/track/5Iw7boOrwCpWlaJtNTTHG6;D:\dev\SB19\saved_pages\felip_drinksmoke_superior_session_live_20260207_062230.html
2026-02-07 06:22:40;CRIMINAL (Superior Session Live);FELIP;1709817;https://open.spotify.com/track/2FxQjJcpsdHQHTqjVhlqP4;D:\dev\SB19\saved_pages\felip_criminal_superior_session_live_20260207_062240.html
2026-02-07 06:22:50;STRAYDOGS (Superior Session Live);FELIP;1340664;https://open.spotify.com/track/4W28quZaVhLdbpojBeooaZ;D:\dev\SB19\saved_pages\felip_straydogs_superior_session_live_20260207_062250.html
2026-02-07 06:22:59;to sin is human, to forgive is divine - live;FELIP;162214;https://open.spotify.com/track/5lbuH5ieouWZ43qHAcCK08;D:\dev\SB19\saved_pages\felip_to_sin_is_human_to_forgive_is_divine_live_20260207_062259.html
2026-02-07 06:23:09;foes - live;FELIP;156130;https://open.spotify.com/track/44TFeq1FSLniRzbThYVWom;D:\dev\SB19\saved_pages\felip_foes_live_20260207_062309.html
2026-02-07 06:23:18;envy - live;FELIP;138082;https://open.spotify.com/track/41gwpmt6wVdwDgjE430dm6;D:\dev\SB19\saved_pages\felip_envy_live_20260207_062318.html
2026-02-07 06:23:28;greed - live;FELIP;149866;https://open.spotify.com/track/5fWWoFfmqwBhBq93Rc6YqB;D:\dev\SB19\saved_pages\felip_greed_live_20260207_062328.html
2026-02-07 06:23:37;lust - live;FELIP;148224;https://open.spotify.com/track/2hlY0jd3uRy5i7SuN1oz7Z;D:\dev\SB19\saved_pages\felip_lust_live_20260207_062337.html
2026-02-07 06:23:47;pride - live;FELIP;130356;https://open.spotify.com/track/45ZCoFCk3DL7d84d7bwWdz;D:\dev\SB19\saved_pages\felip_pride_live_20260207_062347.html
2026-02-07 06:23:57;gluttony (feat. PLAYERTWO) - live;FELIP;131853;https://open.spotify.com/track/0HaZMHBzZOYqdEcCtzAHEU;D:\dev\SB19\saved_pages\felip_gluttony_feat_playertwo_live_20260207_062356.html
2026-02-07 06:24:06;wrath - live;FELIP;144085;https://open.spotify.com/track/5ykca7sZJ8OAUepkUGIdRE;D:\dev\SB19\saved_pages\felip_wrath_live_20260207_062406.html
2026-02-07 06:24:16;tokyo - live;FELIP;626727;https://open.spotify.com/track/5KKi1lmsdHfm4IYZ1YSy94;D:\dev\SB19\saved_pages\felip_tokyo_live_20260207_062416.html
2026-02-07 06:24:25;sloth - live;FELIP;140269;https://open.spotify.com/track/6dmzbxC4WjfB3ucXZUUaO5;D:\dev\SB19\saved_pages\felip_sloth_live_20260207_062425.html
2026-02-07 06:24:35;grace - live;FELIP;147398;https://open.spotify.com/track/6HsmDcIbYCn7YzWBUKEucW;D:\dev\SB19\saved_pages\felip_grace_live_20260207_062435.html
2026-02-07 06:24:44;ache - live;FELIP;173967;https://open.spotify.com/track/4lQY03QyHAKDj6XdDgVDcL;D:\dev\SB19\saved_pages\felip_ache_live_20260207_062444.html
2026-02-07 06:24:54;WILD TONIGHT;JOSH CULLEN;9765830;https://open.spotify.com/track/4yBwaJUom5dOYp54wU6hA2;D:\dev\SB19\saved_pages\josh_cullen_wild_tonight_20260207_062454.html
2026-02-07 06:25:03;Pakiusap Lang;JOSH CULLEN;5269662;https://open.spotify.com/track/6trU06kJgdYaPqRUvz5K9e;D:\dev\SB19\saved_pages\josh_cullen_pakiusap_lang_20260207_062503.html
2026-02-07 06:25:14;GET RIGHT;JOSH CULLEN;4631863;https://open.spotify.com/track/56FnjRDkdoCV5lVSyuQ9MU;D:\dev\SB19\saved_pages\josh_cullen_get_right_20260207_062514.html
2026-02-07 06:25:24;Yoko Na;JOSH CULLEN;10396559;https://open.spotify.com/track/6SIaYQUPOJpO8XFWeTl5dC;D:\dev\SB19\saved_pages\josh_cullen_yoko_na_20260207_062524.html
2026-02-07 06:25:33;1999;JOSH CULLEN;6270398;https://open.spotify.com/track/0PMfgKba5PLGETb02cDcMg;D:\dev\SB19\saved_pages\josh_cullen_1999_20260207_062533.html
2026-02-07 06:25:43;See Me;JOSH CULLEN;2935369;https://open.spotify.com/track/5jH6p468HtmNHdJiubGQ6t;D:\dev\SB19\saved_pages\josh_cullen_see_me_20260207_062543.html
2026-02-07 06:25:53;Silent Cries;JOSH CULLEN;3844859;https://open.spotify.com/track/1x0Y2jS5oJW4Q3aU9jZBER;D:\dev\SB19\saved_pages\josh_cullen_silent_cries_20260207_062552.html
2026-02-07 06:26:02;Honest;JOSH CULLEN;2657038;https://open.spotify.com/track/1Rl5KDAu4wrUsQZZtD2hiy;D:\dev\SB19\saved_pages\josh_cullen_honest_20260207_062602.html
2026-02-07 06:26:12;No Control;JOSH CULLEN;2204930;https://open.spotify.com/track/0Rg0DIhiShdvZvF7snNZIt;D:\dev\SB19\saved_pages\josh_cullen_no_control_20260207_062612.html
2026-02-07 06:26:22;Lights Out;JOSH CULLEN;1972885;https://open.spotify.com/track/2TQQX4gYeQmobxNEXwtrZ3;D:\dev\SB19\saved_pages\josh_cullen_lights_out_20260207_062622.html
2026-02-07 06:26:32;Sumaya;JOSH CULLEN;5332179;https://open.spotify.com/track/2qKu8tPpilCBJqxzGWcOaC;D:\dev\SB19\saved_pages\josh_cullen_sumaya_20260207_062632.html
2026-02-07 06:26:41;Silent Cries (Instrumental);JOSH CULLEN;535531;https://open.spotify.com/track/5FQodaxJAZTUPjdpbDT9pa;D:\dev\SB19\saved_pages\josh_cullen_silent_cries_instrumental_20260207_062641.html
2026-02-07 06:26:51;No Control (Instrumental);JOSH CULLEN;522548;https://open.spotify.com/track/65LG9NubWQtyImpyNXotHo;D:\dev\SB19\saved_pages\josh_cullen_no_control_instrumental_20260207_062651.html
2026-02-07 06:27:01;Takbuhan;JOSH CULLEN;928378;https://open.spotify.com/track/3RCVzaTWA7h1SR0nWQtIk1;D:\dev\SB19\saved_pages\josh_cullen_takbuhan_20260207_062701.html
2026-02-07 06:27:10;Re: Thinkin' About You;JOSH CULLEN;4271459;https://open.spotify.com/track/2R1CjdVdXz7frvQRwCdQa6;D:\dev\SB19\saved_pages\josh_cullen_re_thinkin_about_you_20260207_062710.html
2026-02-07 06:27:20;Room;Stell;12079605;https://open.spotify.com/track/1PLKN0HC7m5drBHg0jarZE;D:\dev\SB19\saved_pages\stell_room_20260207_062720.html
2026-02-07 06:27:29;Anino;Stell;6141730;https://open.spotify.com/track/5tMJZOyBv8t49i9elHuQZF;D:\dev\SB19\saved_pages\stell_anino_20260207_062729.html
2026-02-07 06:27:39;'Di Ko Masabi;Stell;7699154;https://open.spotify.com/track/3JEE0hhTI6u9CEZCZWalKe;D:\dev\SB19\saved_pages\stell_di_ko_masabi_20260207_062739.html
2026-02-07 06:27:48;Classic;Stell;6613577;https://open.spotify.com/track/15bdfvbGida1Z8OVZ0YvSQ;D:\dev\SB19\saved_pages\stell_classic_20260207_062748.html
2026-02-07 06:27:58;Room (Stripped);Stell;4824790;https://open.spotify.com/track/6fwpkEZRQZ8Kr5Ws4q0Kyn;D:\dev\SB19\saved_pages\stell_room_stripped_20260207_062758.html
2026-02-07 06:28:08;Surreal;justin;15027091;https://open.spotify.com/track/5TT4xi1HEPTkVTO59jY3tz;D:\dev\SB19\saved_pages\justin_surreal_20260207_062807.html
2026-02-07 06:28:17;Sunday Morning;justin;5467406;https://open.spotify.com/track/3sp427zYHOXL3LPCYgwuRv;D:\dev\SB19\saved_pages\justin_sunday_morning_20260207_062817.html
2026-02-07 06:28:27;Kaibigan;justin;8845947;https://open.spotify.com/track/3rwioq6hSNjwynK8rVPCma;D:\dev\SB19\saved_pages\justin_kaibigan_20260207_062827.html
2026-02-07 06:28:36;Sampung Mga Daliri;justin;7605917;https://open.spotify.com/track/2MHg2BVPaTgiCUDWp2jZqf;D:\dev\SB19\saved_pages\justin_sampung_mga_daliri_20260207_062836.html
2026-02-07 06:28:46;Sampung Mga Daliri (Reimagined Version);justin;723036;https://open.spotify.com/track/4nnhn2O5oQmPC2HedN5W4b;D:\dev\SB19\saved_pages\justin_sampung_mga_daliri_reimagined_version_20260207_062846.html
2026-02-07 06:28:55;Sampung Mga Daliri (Acoustic Version);justin;1591481;https://open.spotify.com/track/0WoGaGmUip0OPQ662Drdlj;D:\dev\SB19\saved_pages\justin_sampung_mga_daliri_acoustic_version_20260207_062855.html
2026-02-07 06:29:05;GENTO - From THE FIRST TAKE;SB19;7072404;https://open.spotify.com/track/2h7syqD1QScej4PqMxJfp2;D:\dev\SB19\saved_pages\sb19_gento_from_the_first_take_20260207_062905.html
2026-02-07 06:29:15;MAPA - From THE FIRST TAKE;SB19;5219343;https://open.spotify.com/track/4MZbVDIPOYmPkjcVqpPe9v;D:\dev\SB19\saved_pages\sb19_mapa_from_the_first_take_20260207_062915.html
2026-02-07 06:29:24;DAM - From THE FIRST TAKE;SB19;2129775;https://open.spotify.com/track/14WOLW4oTwD7Mh9eb0hLDs;D:\dev\SB19\saved_pages\sb19_dam_from_the_first_take_20260207_062924.html
2026-02-07 06:29:34;Time - From THE FIRST TAKE;SB19;2288546;https://open.spotify.com/track/1ctnGFHyklJbmHLyaDYtyg;D:\dev\SB19\saved_pages\sb19_time_from_the_first_take_20260207_062934.html
2026-02-07 06:29:43;Moonlight (Ian Asher Club Mix);SB19;2962299;https://open.spotify.com/track/5YYzdzlunDyLDwlM40W0Gc;D:\dev\SB19\saved_pages\sb19_moonlight_ian_asher_club_mix_20260207_062943.html
2026-02-07 06:29:53;Umaaligid (Extended Ver.);SB19;2749783;https://open.spotify.com/track/1XFHLGwXrlL0FpJgRcFYTI;D:\dev\SB19\saved_pages\sb19_umaaligid_extended_ver_20260207_062953.html
2026-02-07 06:30:03;Love Yours (DIOR & RealBros Remix);SB19;870776;https://open.spotify.com/track/3qw9D8YC0sezDriUMx5lRG;D:\dev\SB19\saved_pages\sb19_love_yours_dior_realbros_remix_20260207_063003.html
2026-02-07 06:30:12;What? - Extended Version;SB19;6317709;https://open.spotify.com/track/7jn2llkeDI9IRROCYNa7sL;D:\dev\SB19\saved_pages\sb19_what_extended_version_20260207_063012.html
