timestamp;song_title;artist;streams;url;saved_file
2026-01-24 03:13:22;ache;FELIP;4493715;https://open.spotify.com/track/3G3ZYOLBcjbIv0GDlIoZeh;D:\dev\SB19\saved_pages\felip_ache_20260124_031322.html
2026-01-24 03:10:08;Bulan;FELIP;6668591;https://open.spotify.com/track/2qYmu6Obx3NW1VeNOiCFMK;D:\dev\SB19\saved_pages\felip_bulan_20260124_031008.html
2026-01-24 03:10:56;CRIMINAL;FELIP;6546864;https://open.spotify.com/track/4YPz66cDppOl9KVUOCpBV5;D:\dev\SB19\saved_pages\felip_criminal_20260124_031056.html
2026-01-24 03:10:47;DRINKSMOKE;FELIP;5248030;https://open.spotify.com/track/29UIvWBrkjWtVuSEyexLt1;D:\dev\SB19\saved_pages\felip_drinksmoke_20260124_031047.html
2026-01-24 03:12:14;envy;FELIP;3405428;https://open.spotify.com/track/6uJggzzrSE5tK9CRTZejgm;D:\dev\SB19\saved_pages\felip_envy_20260124_031214.html
2026-01-24 03:11:55;Fake Faces;FELIP;8759483;https://open.spotify.com/track/4ntKnZnztFdovszJpIoeVO;D:\dev\SB19\saved_pages\felip_fake_faces_20260124_031155.html
2026-01-24 03:11:35;FLYYY;FELIP;3503315;https://open.spotify.com/track/0PWBx43woMnsyUC72NC1Gl;D:\dev\SB19\saved_pages\felip_flyyy_20260124_031135.html
2026-01-24 03:12:04;foes;FELIP;2381585;https://open.spotify.com/track/5IyWs6bAMeT9vPUiUVgSdd;D:\dev\SB19\saved_pages\felip_foes_20260124_031204.html
2026-01-24 03:12:53;gluttony;FELIP;1713362;https://open.spotify.com/track/216LlnUj3GfZ0yE2hXZxm0;D:\dev\SB19\saved_pages\felip_gluttony_20260124_031253.html
2026-01-24 03:12:33;greed;FELIP;3304643;https://open.spotify.com/track/3foNAstTb7fdbbfFnKwn28;D:\dev\SB19\saved_pages\felip_greed_20260124_031233.html
2026-01-24 03:13:32;ID;FELIP;2392256;https://open.spotify.com/track/2cXkFKFgEW5Myc0yNy6CqL;D:\dev\SB19\saved_pages\felip_id_20260124_031332.html
2026-01-24 03:11:16;Kanako;FELIP;9725000;https://open.spotify.com/track/76hOMoRACZOQq5CfqSNU9i;D:\dev\SB19\saved_pages\felip_kanako_20260124_031116.html
2026-01-24 03:13:41;KAWASAKI;FELIP;1642060;https://open.spotify.com/track/37ifPBg9M2NzlRNHe9WUIy;D:\dev\SB19\saved_pages\felip_kawasaki_20260124_031341.html
2026-01-24 03:13:02;lust;FELIP;3484716;https://open.spotify.com/track/70kZ4pCeZ0WIanftduEDov;D:\dev\SB19\saved_pages\felip_lust_20260124_031302.html
2026-01-24 03:10:37;MICTEST;FELIP;4210438;https://open.spotify.com/track/5MC8Oxr5FTIQYJ6f7Cg6gR;D:\dev\SB19\saved_pages\felip_mictest_20260124_031037.html
2026-01-24 03:11:25;Moving Closer;FELIP;10294225;https://open.spotify.com/track/59PCn7ObERln3cPl84CGx6;D:\dev\SB19\saved_pages\felip_moving_closer_20260124_031125.html
2026-01-24 03:11:45;Pagdali;FELIP;3394706;https://open.spotify.com/track/7fMR5ryCo3m38yyj1PCym4;D:\dev\SB19\saved_pages\felip_pagdali_20260124_031145.html
2026-01-24 03:09:58;Palayo;FELIP;12302889;https://open.spotify.com/track/3FvYLNM5ShB5vDCzGw8syX;D:\dev\SB19\saved_pages\felip_palayo_20260124_030958.html
2026-01-24 03:12:43;pride;FELIP;1915087;https://open.spotify.com/track/1jZET8rPE5RWZZrkCM2toY;D:\dev\SB19\saved_pages\felip_pride_20260124_031243.html
2026-01-24 03:10:18;ROCKSTA;FELIP;6386825;https://open.spotify.com/track/5UhtleGyBZJCvG8cstjLkr;D:\dev\SB19\saved_pages\felip_rocksta_20260124_031018.html
2026-01-24 03:13:12;sloth;FELIP;2539569;https://open.spotify.com/track/6PJLoGD9KpyMSx8j7vVWHq;D:\dev\SB19\saved_pages\felip_sloth_20260124_031312.html
2026-01-24 03:11:06;STRAYDOGS;FELIP;5569786;https://open.spotify.com/track/03aFaNBeCXmFl194HuyWKe;D:\dev\SB19\saved_pages\felip_straydogs_20260124_031106.html
2026-01-24 03:10:27;SUPERIORITY;FELIP;3678269;https://open.spotify.com/track/3Tzmy7ExNOlP0tdDr9sjUT;D:\dev\SB19\saved_pages\felip_superiority_20260124_031027.html
2026-01-24 03:12:24;wrath;FELIP;2018589;https://open.spotify.com/track/12VANuhDUHnXRtRG6YP72a;D:\dev\SB19\saved_pages\felip_wrath_20260124_031224.html
2026-01-24 03:14:31;1999;JOSH CULLEN;6185245;https://open.spotify.com/track/0PMfgKba5PLGETb02cDcMg;D:\dev\SB19\saved_pages\josh_cullen_1999_20260124_031431.html
2026-01-24 03:14:12;GET RIGHT;JOSH CULLEN;4597468;https://open.spotify.com/track/56FnjRDkdoCV5lVSyuQ9MU;D:\dev\SB19\saved_pages\josh_cullen_get_right_20260124_031412.html
2026-01-24 03:15:03;Honest;JOSH CULLEN;2627957;https://open.spotify.com/track/1Rl5KDAu4wrUsQZZtD2hiy;D:\dev\SB19\saved_pages\josh_cullen_honest_20260124_031503.html
2026-01-24 03:15:23;Lights Out;JOSH CULLEN;1939393;https://open.spotify.com/track/2TQQX4gYeQmobxNEXwtrZ3;D:\dev\SB19\saved_pages\josh_cullen_lights_out_20260124_031523.html
2026-01-24 03:15:13;No Control;JOSH CULLEN;2179365;https://open.spotify.com/track/0Rg0DIhiShdvZvF7snNZIt;D:\dev\SB19\saved_pages\josh_cullen_no_control_20260124_031513.html
2026-01-24 03:15:52;No Control (Instrumental);JOSH CULLEN;514408;https://open.spotify.com/track/65LG9NubWQtyImpyNXotHo;D:\dev\SB19\saved_pages\josh_cullen_no_control_instrumental_20260124_031552.html
2026-01-24 03:14:01;Pakiusap Lang;JOSH CULLEN;5247430;https://open.spotify.com/track/6trU06kJgdYaPqRUvz5K9e;D:\dev\SB19\saved_pages\josh_cullen_pakiusap_lang_20260124_031401.html
2026-01-24 03:16:11;Re: Thinkin' About You;JOSH CULLEN;4226951;https://open.spotify.com/track/2R1CjdVdXz7frvQRwCdQa6;D:\dev\SB19\saved_pages\josh_cullen_re_thinkin_about_you_20260124_031611.html
2026-01-24 03:14:41;See Me;JOSH CULLEN;2896471;https://open.spotify.com/track/5jH6p468HtmNHdJiubGQ6t;D:\dev\SB19\saved_pages\josh_cullen_see_me_20260124_031441.html
2026-01-24 03:14:53;Silent Cries;JOSH CULLEN;3809365;https://open.spotify.com/track/1x0Y2jS5oJW4Q3aU9jZBER;D:\dev\SB19\saved_pages\josh_cullen_silent_cries_20260124_031453.html
2026-01-24 03:15:42;Silent Cries (Instrumental);JOSH CULLEN;527236;https://open.spotify.com/track/5FQodaxJAZTUPjdpbDT9pa;D:\dev\SB19\saved_pages\josh_cullen_silent_cries_instrumental_20260124_031542.html
2026-01-24 03:15:32;Sumaya;JOSH CULLEN;5286101;https://open.spotify.com/track/2qKu8tPpilCBJqxzGWcOaC;D:\dev\SB19\saved_pages\josh_cullen_sumaya_20260124_031532.html
2026-01-24 03:16:01;Takbuhan;JOSH CULLEN;907737;https://open.spotify.com/track/3RCVzaTWA7h1SR0nWQtIk1;D:\dev\SB19\saved_pages\josh_cullen_takbuhan_20260124_031601.html
2026-01-24 03:13:51;WILD TONIGHT;JOSH CULLEN;9693971;https://open.spotify.com/track/4yBwaJUom5dOYp54wU6hA2;D:\dev\SB19\saved_pages\josh_cullen_wild_tonight_20260124_031351.html
2026-01-24 03:14:21;Yoko Na;JOSH CULLEN;10331283;https://open.spotify.com/track/6SIaYQUPOJpO8XFWeTl5dC;D:\dev\SB19\saved_pages\josh_cullen_yoko_na_20260124_031421.html
2026-01-24 03:17:30;Kaibigan;justin;8747000;https://open.spotify.com/track/3rwioq6hSNjwynK8rVPCma;D:\dev\SB19\saved_pages\justin_kaibigan_20260124_031730.html
2026-01-24 03:17:59;Sampung Mga Daliri;justin;7503233;https://open.spotify.com/track/2MHg2BVPaTgiCUDWp2jZqf;D:\dev\SB19\saved_pages\justin_sampung_mga_daliri_20260124_031759.html
2026-01-24 03:17:20;Sunday Morning;justin;5399027;https://open.spotify.com/track/3sp427zYHOXL3LPCYgwuRv;D:\dev\SB19\saved_pages\justin_sunday_morning_20260124_031720.html
2026-01-24 03:17:11;Surreal;justin;14893244;https://open.spotify.com/track/5TT4xi1HEPTkVTO59jY3tz;D:\dev\SB19\saved_pages\justin_surreal_20260124_031711.html
2026-01-24 03:09:29;AKALA;PABLO;5364688;https://open.spotify.com/track/5w4CLRxwroocAzFiJ568oY;D:\dev\SB19\saved_pages\pablo_akala_20260124_030929.html
2026-01-24 03:08:51;Blessed;PABLO;4035753;https://open.spotify.com/track/4hdPboEAxOZjaaHML4q62u;D:\dev\SB19\saved_pages\pablo_blessed_20260124_030851.html
2026-01-24 03:08:03;Breathe (Outro);PABLO;1889949;https://open.spotify.com/track/2lKyuf60Q5qSwTF0dl7qM6;D:\dev\SB19\saved_pages\pablo_breathe_outro_20260124_030803.html
2026-01-24 03:08:32;Butata;PABLO;6621583;https://open.spotify.com/track/68hXl4L5vCusj8U2QlC73D;D:\dev\SB19\saved_pages\pablo_butata_20260124_030832.html
2026-01-24 03:09:20;DETERMINADO;PABLO;6304971;https://open.spotify.com/track/0hQJzMEbXg8ssQwgMbJUbw;D:\dev\SB19\saved_pages\pablo_determinado_20260124_030920.html
2026-01-24 03:08:22;Don't Care;PABLO;2774668;https://open.spotify.com/track/06YsrZvTJmdPNXY5La1jFK;D:\dev\SB19\saved_pages\pablo_don_t_care_20260124_030822.html
2026-01-24 03:07:53;Drowning in the Water;PABLO;5600545;https://open.spotify.com/track/6065mStxNxs8sCy3yCrg8H;D:\dev\SB19\saved_pages\pablo_drowning_in_the_water_20260124_030753.html
2026-01-24 03:09:39;edsa;PABLO;7817955;https://open.spotify.com/track/64p2tRd4zsBsJUucEnfWrX;D:\dev\SB19\saved_pages\pablo_edsa_20260124_030939.html
2026-01-24 03:07:44;Kelan;PABLO;2429751;https://open.spotify.com/track/39aItIaR9sIBz3EP8RXuhs;D:\dev\SB19\saved_pages\pablo_kelan_20260124_030744.html
2026-01-24 03:07:34;Kumunoy;PABLO;3936887;https://open.spotify.com/track/6WkQrra0cZQAo42aMxdT2X;D:\dev\SB19\saved_pages\pablo_kumunoy_20260124_030734.html
2026-01-24 03:06:45;La Luna;PABLO;17411592;https://open.spotify.com/track/2UH7vzHodDdXtNyPEeHkb7;D:\dev\SB19\saved_pages\pablo_la_luna_20260124_030645.html
2026-01-24 03:09:49;Liwanag sa Dilim (from Incognito);PABLO;6300089;https://open.spotify.com/track/3Ynpt5qseTmDdl9bN21FNJ;D:\dev\SB19\saved_pages\pablo_liwanag_sa_dilim_from_incognito_20260124_030949.html
2026-01-24 03:09:10;Micha!;PABLO;3437580;https://open.spotify.com/track/7F3NzrsN3zNGcIP2FbUYUo;D:\dev\SB19\saved_pages\pablo_micha_20260124_030910.html
2026-01-24 03:08:12;Neumun;PABLO;3650800;https://open.spotify.com/track/4DF1e91DMTM4oTpW8jgsP2;D:\dev\SB19\saved_pages\pablo_neumun_20260124_030812.html
2026-01-24 03:07:05;Presyon;PABLO;2635129;https://open.spotify.com/track/7cErqp4Jg64PcqAE0uYeZP;D:\dev\SB19\saved_pages\pablo_presyon_20260124_030705.html
2026-01-24 03:08:41;Puyat;PABLO;3172479;https://open.spotify.com/track/5EiD5Pk0Wv6dkHS1ZpNvzE;D:\dev\SB19\saved_pages\pablo_puyat_20260124_030841.html
2026-01-24 03:09:01;Tambol (Ibang Planeta);PABLO;2491834;https://open.spotify.com/track/753jWXJVBxK6cuYDUVbeux;D:\dev\SB19\saved_pages\pablo_tambol_ibang_planeta_20260124_030901.html
2026-01-24 03:07:24;The Boy Who Cried Wolf;PABLO;4871807;https://open.spotify.com/track/3dNKnbTBjliNTwCeLqlMG3;D:\dev\SB19\saved_pages\pablo_the_boy_who_cried_wolf_20260124_030724.html
2026-01-24 03:07:15;Wala;PABLO;2868083;https://open.spotify.com/track/5gLNDt687YE0Zgad2yaaAD;D:\dev\SB19\saved_pages\pablo_wala_20260124_030715.html
2026-01-24 02:59:51;8TonBall;SB19;15715910;https://open.spotify.com/track/7AqrfyOdFWPnjQrgzWzcUz;D:\dev\SB19\saved_pages\sb19_8tonball_20260124_025951.html
2026-01-24 03:04:31;Ace Your World;SB19;3078318;https://open.spotify.com/track/3lgJ5YAfc6wxVB9xpUDyH9;D:\dev\SB19\saved_pages\sb19_ace_your_world_20260124_030431.html
2026-01-24 02:50:09;Alab (Burning);SB19;22520144;https://open.spotify.com/track/053ZzdU3Rya4NMxiWMPqnq;D:\dev\SB19\saved_pages\sb19_alab_burning_20260124_025009.html
2026-01-24 03:06:36;Ating Pasko;SB19;2425315;https://open.spotify.com/track/7y5C9pM3gt7WNoiSzFHcGN;D:\dev\SB19\saved_pages\sb19_ating_pasko_20260124_030636.html
2026-01-24 02:57:55;Bazinga;SB19;31673188;https://open.spotify.com/track/5QZw4F3N3PvuKNKHm9L20b;D:\dev\SB19\saved_pages\sb19_bazinga_20260124_025755.html
2026-01-24 03:02:54;Burn The Flame;SB19;2900619;https://open.spotify.com/track/3mvN8n8mg7X41CbGvc7xYU;D:\dev\SB19\saved_pages\sb19_burn_the_flame_20260124_030254.html
2026-01-24 03:03:23;Burn The Flame (Instrumental);SB19;135937;https://open.spotify.com/track/1MLMEY4ahXUjTcmi01s4jA;D:\dev\SB19\saved_pages\sb19_burn_the_flame_instrumental_20260124_030323.html
2026-01-24 03:03:14;Burn The Flame (Karaoke Version);SB19;192745;https://open.spotify.com/track/38UTDIDP582bP8ZAU20bsT;D:\dev\SB19\saved_pages\sb19_burn_the_flame_karaoke_version_20260124_030314.html
2026-01-24 03:03:04;Burn The Flame (Taglish Version);SB19;800350;https://open.spotify.com/track/0aKGIF1iGjV6D6vXYDJgyy;D:\dev\SB19\saved_pages\sb19_burn_the_flame_taglish_version_20260124_030304.html
2026-01-24 03:01:47;Christmas Party (SB19 Version);SB19;4446898;https://open.spotify.com/track/387ZTKanhRfPXazSyzTWUj;D:\dev\SB19\saved_pages\sb19_christmas_party_sb19_version_20260124_030147.html
2026-01-24 02:59:02;Crimzone;SB19;25256576;https://open.spotify.com/track/5GcS9zT4iIL7l0JrqZeG6O;D:\dev\SB19\saved_pages\sb19_crimzone_20260124_025902.html
2026-01-24 02:59:31;DAM;SB19;60155367;https://open.spotify.com/track/1NNsL6tYk06TqTea3mKB9P;D:\dev\SB19\saved_pages\sb19_dam_20260124_025931.html
2026-01-24 03:00:29;DAM (Extended Ver.);SB19;18701726;https://open.spotify.com/track/0pjhHUx21NsPuSCH0H3lW6;D:\dev\SB19\saved_pages\sb19_dam_extended_ver_20260124_030029.html
2026-01-24 03:18:28;DAM - From THE FIRST TAKE;SB19;1985334;https://open.spotify.com/track/14WOLW4oTwD7Mh9eb0hLDs;D:\dev\SB19\saved_pages\sb19_dam_from_the_first_take_20260124_031828.html
2026-01-24 03:05:57;Dobleng GV sa FunPasko (Noon, Ngayon, Palagi);SB19;672307;https://open.spotify.com/track/5hVNG3wLy8rSSCqShicG4I;D:\dev\SB19\saved_pages\sb19_dobleng_gv_sa_funpasko_noon_ngayon_palagi_20260124_030557.html
2026-01-24 03:00:20;Dungka!;SB19;27457986;https://open.spotify.com/track/7mqsPvhSR1CtY6PkTf1YVy;D:\dev\SB19\saved_pages\sb19_dungka_20260124_030020.html
2026-01-24 02:59:21;Freedom;SB19;16350128;https://open.spotify.com/track/2CuYpdcx2f9XbMZhc3ST8E;D:\dev\SB19\saved_pages\sb19_freedom_20260124_025921.html
2026-01-24 02:58:33;Gento;SB19;75609108;https://open.spotify.com/track/1o6uF8VmXna99ysHTcQRI2;D:\dev\SB19\saved_pages\sb19_gento_20260124_025833.html
2026-01-24 03:18:09;GENTO - From THE FIRST TAKE;SB19;6990212;https://open.spotify.com/track/2h7syqD1QScej4PqMxJfp2;D:\dev\SB19\saved_pages\sb19_gento_from_the_first_take_20260124_031809.html
2026-01-24 03:01:56;golden hour (SB19 Remix);SB19;20893727;https://open.spotify.com/track/4cGKycusCcECMX79k4NQwS;D:\dev\SB19\saved_pages\sb19_golden_hour_sb19_remix_20260124_030156.html
2026-01-24 02:49:59;Go Up;SB19;26702185;https://open.spotify.com/track/2sGj6gqCUqnT4Y0IZ0oMlY;D:\dev\SB19\saved_pages\sb19_go_up_20260124_024959.html
2026-01-24 03:05:00;G Pa Rin Ang Pasko;SB19;796732;https://open.spotify.com/track/0JYEUl8iJovowKP7Xi6mSM;D:\dev\SB19\saved_pages\sb19_g_pa_rin_ang_pasko_20260124_030500.html
2026-01-24 02:56:34;Hanggang Sa Huli;SB19;32168095;https://open.spotify.com/track/2WUhR1SraSy0SVIQKohJb6;D:\dev\SB19\saved_pages\sb19_hanggang_sa_huli_20260124_025634.html
2026-01-24 02:57:26;Hanggang Sa Huli (Instrumental);SB19;2315349;https://open.spotify.com/track/6JZkWjVjOQAUPzNfGr4Dp0;D:\dev\SB19\saved_pages\sb19_hanggang_sa_huli_instrumental_20260124_025726.html
2026-01-24 02:58:24;Ikako;SB19;14677389;https://open.spotify.com/track/5qHUmt5jIvDaOzMXiX533o;D:\dev\SB19\saved_pages\sb19_ikako_20260124_025824.html
2026-01-24 02:58:53;Ilaw;SB19;19631264;https://open.spotify.com/track/4zoqT3f80GyytJvnhVHgEl;D:\dev\SB19\saved_pages\sb19_ilaw_20260124_025853.html
2026-01-24 02:58:43;I Want You;SB19;31441705;https://open.spotify.com/track/16GGH8OF6LiSUTTbm8421f;D:\dev\SB19\saved_pages\sb19_i_want_you_20260124_025843.html
2026-01-24 03:01:27;Kabataang Pinoy;SB19;9082991;https://open.spotify.com/track/6aXWWGw7sQJLx82jZndSQZ;D:\dev\SB19\saved_pages\sb19_kabataang_pinoy_20260124_030127.html
2026-01-24 03:02:25;KALAKAL;SB19;21621502;https://open.spotify.com/track/1cFGU7MQu0mHS5uVyD1STP;D:\dev\SB19\saved_pages\sb19_kalakal_20260124_030225.html
2026-01-24 03:03:42;Kapangyarihan;SB19;22998427;https://open.spotify.com/track/6FFtbC1K2aNeCS376paoHN;D:\dev\SB19\saved_pages\sb19_kapangyarihan_20260124_030342.html
2026-01-24 03:01:08;Ligaya;SB19;9678202;https://open.spotify.com/track/2lwaPRPgP9EaaMsbzVaZ3O;D:\dev\SB19\saved_pages\sb19_ligaya_20260124_030108.html
2026-01-24 02:59:12;LIHAM;SB19;20028932;https://open.spotify.com/track/5MQ1nQ0MZMRO4yPQWdCeEb;D:\dev\SB19\saved_pages\sb19_liham_20260124_025912.html
2026-01-24 03:04:11;Live It Up;SB19;3916652;https://open.spotify.com/track/42D9L3kTskZ5anDWGBhtEk;D:\dev\SB19\saved_pages\sb19_live_it_up_20260124_030411.html
2026-01-24 02:56:44;Love Goes;SB19;11100278;https://open.spotify.com/track/5p70OUKixtLRpnK5uSdqro;D:\dev\SB19\saved_pages\sb19_love_goes_20260124_025644.html
2026-01-24 02:56:54;Love Goes (EDM Version);SB19;7110567;https://open.spotify.com/track/0LAh3hfeuUekvLm3Nq6MmA;D:\dev\SB19\saved_pages\sb19_love_goes_edm_version_20260124_025654.html
2026-01-24 03:03:33;Love Yours;SB19;5493926;https://open.spotify.com/track/62iq4hiMI4CxLek4nYI14R;D:\dev\SB19\saved_pages\sb19_love_yours_20260124_030333.html
2026-01-24 03:19:18;Love Yours (DIOR & RealBros Remix);SB19;861910;https://open.spotify.com/track/3qw9D8YC0sezDriUMx5lRG;D:\dev\SB19\saved_pages\sb19_love_yours_dior_realbros_remix_20260124_031918.html
2026-01-24 03:05:29;Make It Merry, I-GCash Mo;SB19;990488;https://open.spotify.com/track/1cTLpJs2LHvA0q5Z6YWzbD;D:\dev\SB19\saved_pages\sb19_make_it_merry_i_gcash_mo_20260124_030529.html
2026-01-24 03:04:21;Make Your Green Mark;SB19;2451309;https://open.spotify.com/track/0thBJj3R0mM8mLwe2WMJI1;D:\dev\SB19\saved_pages\sb19_make_your_green_mark_20260124_030421.html
2026-01-24 02:58:14;Mana;SB19;20705520;https://open.spotify.com/track/0EtkP3TUHvTeDIgrpgMS8m;D:\dev\SB19\saved_pages\sb19_mana_20260124_025814.html
2026-01-24 02:57:45;MAPA;SB19;85768814;https://open.spotify.com/track/6Fz2TpxUD0YvAPsuG8nDMJ;D:\dev\SB19\saved_pages\sb19_mapa_20260124_025745.html
2026-01-24 03:01:18;MAPA (Band Version);SB19;27862410;https://open.spotify.com/track/0QQoU68nnBRWJqr9ak3mnS;D:\dev\SB19\saved_pages\sb19_mapa_band_version_20260124_030118.html
2026-01-24 03:18:18;MAPA - From THE FIRST TAKE;SB19;5146389;https://open.spotify.com/track/4MZbVDIPOYmPkjcVqpPe9v;D:\dev\SB19\saved_pages\sb19_mapa_from_the_first_take_20260124_031818.html
2026-01-24 03:02:35;MAPA (Indonesian Version);SB19;7340737;https://open.spotify.com/track/23FJNFAeNLzAuFORNvyBFf;D:\dev\SB19\saved_pages\sb19_mapa_indonesian_version_20260124_030235.html
2026-01-24 03:04:02;Merry Munchkins (SB19 Version);SB19;2732177;https://open.spotify.com/track/3r3U5OpESU60BAVT11KuYS;D:\dev\SB19\saved_pages\sb19_merry_munchkins_sb19_version_20260124_030402.html
2026-01-24 03:02:06;Moonlight;SB19;22532341;https://open.spotify.com/track/1xAYG31LamC5qlykRhbWxd;D:\dev\SB19\saved_pages\sb19_moonlight_20260124_030206.html
2026-01-24 03:18:57;Moonlight (Ian Asher Club Mix);SB19;2925445;https://open.spotify.com/track/5YYzdzlunDyLDwlM40W0Gc;D:\dev\SB19\saved_pages\sb19_moonlight_ian_asher_club_mix_20260124_031857.html
2026-01-24 03:00:58;No Stopping You;SB19;8714066;https://open.spotify.com/track/3KDOf2p1DrKhiqX78R82sh;D:\dev\SB19\saved_pages\sb19_no_stopping_you_20260124_030058.html
2026-01-24 03:00:49;Nyebe;SB19;18012381;https://open.spotify.com/track/6aLjE6peuaJQRWRgfjxrRw;D:\dev\SB19\saved_pages\sb19_nyebe_20260124_030049.html
2026-01-24 03:06:17;Push Ang Pusuan;SB19;3460995;https://open.spotify.com/track/2hUZkOBSRlp6uB9hXvYgPi;D:\dev\SB19\saved_pages\sb19_push_ang_pusuan_20260124_030617.html
2026-01-24 03:00:00;Quit;SB19;16785801;https://open.spotify.com/track/7oIQWmbKShhEt2yTSBxNpu;D:\dev\SB19\saved_pages\sb19_quit_20260124_030000.html
2026-01-24 03:02:16;Ready;SB19;9665131;https://open.spotify.com/track/4JZocgyzKHdRF0iSOcodJn;D:\dev\SB19\saved_pages\sb19_ready_20260124_030216.html
2026-01-24 03:05:09;Ready, Set, G!;SB19;1134886;https://open.spotify.com/track/3RFGJAl8B1MiW4Ti6qvGeq;D:\dev\SB19\saved_pages\sb19_ready_set_g_20260124_030509.html
2026-01-24 03:04:40;Reset;SB19;3162798;https://open.spotify.com/track/6a7itY9YQTkmb8oMwwmhRp;D:\dev\SB19\saved_pages\sb19_reset_20260124_030440.html
2026-01-24 03:00:10;Shooting for the Stars;SB19;14713040;https://open.spotify.com/track/6q3qzeZgWgoFrV6DmaZr1R;D:\dev\SB19\saved_pages\sb19_shooting_for_the_stars_20260124_030010.html
2026-01-24 02:58:04;SLMT;SB19;17406979;https://open.spotify.com/track/0AbJoAxuqYgMrmXvtFOc0K;D:\dev\SB19\saved_pages\sb19_slmt_20260124_025804.html
2026-01-24 03:04:50;Tahanan;SB19;1570479;https://open.spotify.com/track/6XOT8LCjly8StKCooz6pp1;D:\dev\SB19\saved_pages\sb19_tahanan_20260124_030450.html
2026-01-24 03:05:38;Tara, Summer Na!;SB19;1893991;https://open.spotify.com/track/5RbO3gk0BiIfoFop0un9Dn;D:\dev\SB19\saved_pages\sb19_tara_summer_na_20260124_030538.html
2026-01-24 03:06:26;Team Tayo;SB19;1055171;https://open.spotify.com/track/3aKVPphQZ3kjwY7Tn1TUhP;D:\dev\SB19\saved_pages\sb19_team_tayo_20260124_030626.html
2026-01-24 03:03:52;The One;SB19;8860972;https://open.spotify.com/track/5SZPGItm64sVZ8KVYmoV4N;D:\dev\SB19\saved_pages\sb19_the_one_20260124_030352.html
2026-01-24 02:49:49;Tilaluha;SB19;23564846;https://open.spotify.com/track/0fPJsVtCOXqjHxKS9kc13s;D:\dev\SB19\saved_pages\sb19_tilaluha_20260124_024949.html
2026-01-24 02:57:16;Tilaluha (Instrumental);SB19;2206559;https://open.spotify.com/track/5lMxdErNKHh797tOT3mBvk;D:\dev\SB19\saved_pages\sb19_tilaluha_instrumental_20260124_025716.html
2026-01-24 02:59:41;Time;SB19;21730996;https://open.spotify.com/track/1OvE4CwaIZJ89Eq0qXGCEF;D:\dev\SB19\saved_pages\sb19_time_20260124_025941.html
2026-01-24 03:18:38;Time - From THE FIRST TAKE;SB19;2096718;https://open.spotify.com/track/1ctnGFHyklJbmHLyaDYtyg;D:\dev\SB19\saved_pages\sb19_time_from_the_first_take_20260124_031838.html
2026-01-24 03:05:48;TM Doble Dekada (Samahang Pina-Easy);SB19;2839048;https://open.spotify.com/track/5pSDEveqgXTvPU102hAIY1;D:\dev\SB19\saved_pages\sb19_tm_doble_dekada_samahang_pina_easy_20260124_030548.html
2026-01-24 03:06:07;TM FunPasko (Samahang Pina-Easy);SB19;900609;https://open.spotify.com/track/1ZLVZ75W0ZNqiuzQPbz3ZG;D:\dev\SB19\saved_pages\sb19_tm_funpasko_samahang_pina_easy_20260124_030607.html
2026-01-24 03:02:45;Umaaligid;SB19;12926220;https://open.spotify.com/track/5XYYmsZJG5qIBAniny4bHe;D:\dev\SB19\saved_pages\sb19_umaaligid_20260124_030245.html
2026-01-24 03:19:06;Umaaligid (Extended Ver.);SB19;2701956;https://open.spotify.com/track/1XFHLGwXrlL0FpJgRcFYTI;D:\dev\SB19\saved_pages\sb19_umaaligid_extended_ver_20260124_031906.html
2026-01-24 02:57:05;'Wag Mong Ikunot Ang Iyong Noo;SB19;9418386;https://open.spotify.com/track/5sJxhdzehdLq9iPzNnTR71;D:\dev\SB19\saved_pages\sb19_wag_mong_ikunot_ang_iyong_noo_20260124_025705.html
2026-01-24 03:05:19;We Wish You A Merry GCash;SB19;1320370;https://open.spotify.com/track/7H2N6amk6lmn9oahy3qxQl;D:\dev\SB19\saved_pages\sb19_we_wish_you_a_merry_gcash_20260124_030519.html
2026-01-24 02:57:35;What?;SB19;25621866;https://open.spotify.com/track/1evZendZnEe8a8eXjd1Bcn;D:\dev\SB19\saved_pages\sb19_what_20260124_025735.html
2026-01-24 03:19:27;What? - Extended Version;SB19;6273778;https://open.spotify.com/track/7jn2llkeDI9IRROCYNa7sL;D:\dev\SB19\saved_pages\sb19_what_extended_version_20260124_031927.html
2026-01-24 03:01:37;Win Your Heart;SB19;11025641;https://open.spotify.com/track/0DnNMu0v71ICscsyuQgmu3;D:\dev\SB19\saved_pages\sb19_win_your_heart_20260124_030137.html
2026-01-24 03:00:39;WYAT (Where You At);SB19;24980883;https://open.spotify.com/track/1z50Hub2XCsAPWo8zgoePu;D:\dev\SB19\saved_pages\sb19_wyat_where_you_at_20260124_030039.html
2026-01-24 03:16:32;Anino;Stell;6025353;https://open.spotify.com/track/5tMJZOyBv8t49i9elHuQZF;D:\dev\SB19\saved_pages\stell_anino_20260124_031632.html
2026-01-24 03:16:51;Classic;Stell;6479288;https://open.spotify.com/track/15bdfvbGida1Z8OVZ0YvSQ;D:\dev\SB19\saved_pages\stell_classic_20260124_031651.html
2026-01-24 03:16:42;'Di Ko Masabi;Stell;7566031;https://open.spotify.com/track/3JEE0hhTI6u9CEZCZWalKe;D:\dev\SB19\saved_pages\stell_di_ko_masabi_20260124_031642.html
2026-01-24 03:16:22;Room;Stell;11902188;https://open.spotify.com/track/1PLKN0HC7m5drBHg0jarZE;D:\dev\SB19\saved_pages\stell_room_20260124_031622.html
2026-01-24 03:17:01;Room (Stripped);Stell;4719201;https://open.spotify.com/track/6fwpkEZRQZ8Kr5Ws4q0Kyn;D:\dev\SB19\saved_pages\stell_room_stripped_20260124_031701.html
2026-01-24 21:57:02;Palayo - Live Band Ver;FELIP;2224861;https://open.spotify.com/track/6gdcXFz1q9WKAlB2ybVM3F;D:\dev\SB19\saved_pages\felip_palayo_live_band_ver_20260124_215702.html
2026-01-24 21:57:12;Bulan - Live Band Ver;FELIP;1944147;https://open.spotify.com/track/048YgXKAXF8eTwMCfYylhD;D:\dev\SB19\saved_pages\felip_bulan_live_band_ver_20260124_215712.html
2026-01-24 21:57:22;Palayo Inst.;FELIP;1258668;https://open.spotify.com/track/2RfXO3QnM6gG75Pxu04OqS;D:\dev\SB19\saved_pages\felip_palayo_inst_20260124_215722.html
2026-01-24 21:57:31;Bulan Inst.;FELIP;1183342;https://open.spotify.com/track/4iGoucvzYCbJtG4n4wnJjB;D:\dev\SB19\saved_pages\felip_bulan_inst_20260124_215731.html
2026-01-24 21:57:41;Moving Closer - From The Cafe;FELIP;2198260;https://open.spotify.com/track/1kAyLWCiJfTDhm56kaOXnO;D:\dev\SB19\saved_pages\felip_moving_closer_from_the_cafe_20260124_215741.html
2026-01-24 21:57:51;Moving Closer - From The Lounge;FELIP;1521143;https://open.spotify.com/track/0cd2BCuzH8Vub1cS2eKU7M;D:\dev\SB19\saved_pages\felip_moving_closer_from_the_lounge_20260124_215751.html
2026-01-24 21:58:04;ID (new version);FELIP;175157;https://open.spotify.com/track/7Fu45FLLaE1s0eg8DF5UqT;D:\dev\SB19\saved_pages\felip_id_new_version_20260124_215804.html
2026-01-24 21:58:14;ROCKSTA (Superior Session Live);FELIP;1497699;https://open.spotify.com/track/5EP2vLFwMHpWFWeZVvt3jU;D:\dev\SB19\saved_pages\felip_rocksta_superior_session_live_20260124_215814.html
2026-01-24 21:58:23;SUPERIORITY (Superior Session Live);FELIP;1398219;https://open.spotify.com/track/5VmjG0uTHcrn43Ynetfomd;D:\dev\SB19\saved_pages\felip_superiority_superior_session_live_20260124_215823.html
2026-01-24 21:58:33;MICTEST (Superior Session Live);FELIP;1330100;https://open.spotify.com/track/0FW1fvsv00RCGNPjVHJg3x;D:\dev\SB19\saved_pages\felip_mictest_superior_session_live_20260124_215833.html
2026-01-24 21:58:43;DRINKSMOKE (Superior Session Live);FELIP;1509131;https://open.spotify.com/track/5Iw7boOrwCpWlaJtNTTHG6;D:\dev\SB19\saved_pages\felip_drinksmoke_superior_session_live_20260124_215843.html
2026-01-24 21:58:52;CRIMINAL (Superior Session Live);FELIP;1701419;https://open.spotify.com/track/2FxQjJcpsdHQHTqjVhlqP4;D:\dev\SB19\saved_pages\felip_criminal_superior_session_live_20260124_215852.html
2026-01-24 21:59:02;STRAYDOGS (Superior Session Live);FELIP;1333181;https://open.spotify.com/track/4W28quZaVhLdbpojBeooaZ;D:\dev\SB19\saved_pages\felip_straydogs_superior_session_live_20260124_215902.html
2026-01-24 21:59:12;to sin is human, to forgive is divine - live;FELIP;153043;https://open.spotify.com/track/5lbuH5ieouWZ43qHAcCK08;D:\dev\SB19\saved_pages\felip_to_sin_is_human_to_forgive_is_divine_live_20260124_215912.html
2026-01-24 21:59:21;foes - live;FELIP;146879;https://open.spotify.com/track/44TFeq1FSLniRzbThYVWom;D:\dev\SB19\saved_pages\felip_foes_live_20260124_215921.html
2026-01-24 21:59:31;envy - live;FELIP;129508;https://open.spotify.com/track/41gwpmt6wVdwDgjE430dm6;D:\dev\SB19\saved_pages\felip_envy_live_20260124_215931.html
2026-01-24 21:59:41;greed - live;FELIP;140078;https://open.spotify.com/track/5fWWoFfmqwBhBq93Rc6YqB;D:\dev\SB19\saved_pages\felip_greed_live_20260124_215941.html
2026-01-24 21:59:50;lust - live;FELIP;135824;https://open.spotify.com/track/2hlY0jd3uRy5i7SuN1oz7Z;D:\dev\SB19\saved_pages\felip_lust_live_20260124_215950.html
2026-01-24 22:00:00;pride - live;FELIP;122919;https://open.spotify.com/track/45ZCoFCk3DL7d84d7bwWdz;D:\dev\SB19\saved_pages\felip_pride_live_20260124_220000.html
2026-01-24 22:00:10;gluttony (feat. PLAYERTWO) - live;FELIP;123949;https://open.spotify.com/track/0HaZMHBzZOYqdEcCtzAHEU;D:\dev\SB19\saved_pages\felip_gluttony_feat_playertwo_live_20260124_220010.html
2026-01-24 22:00:19;wrath - live;FELIP;134272;https://open.spotify.com/track/5ykca7sZJ8OAUepkUGIdRE;D:\dev\SB19\saved_pages\felip_wrath_live_20260124_220019.html
2026-01-24 22:00:29;tokyo - live;FELIP;588594;https://open.spotify.com/track/5KKi1lmsdHfm4IYZ1YSy94;D:\dev\SB19\saved_pages\felip_tokyo_live_20260124_220029.html
2026-01-24 22:00:39;sloth - live;FELIP;130821;https://open.spotify.com/track/6dmzbxC4WjfB3ucXZUUaO5;D:\dev\SB19\saved_pages\felip_sloth_live_20260124_220039.html
2026-01-24 22:00:48;grace - live;FELIP;137154;https://open.spotify.com/track/6HsmDcIbYCn7YzWBUKEucW;D:\dev\SB19\saved_pages\felip_grace_live_20260124_220048.html
2026-01-24 22:00:58;ache - live;FELIP;160453;https://open.spotify.com/track/4lQY03QyHAKDj6XdDgVDcL;D:\dev\SB19\saved_pages\felip_ache_live_20260124_220058.html
2026-01-25 08:52:40;Tilaluha;SB19;23577280;https://open.spotify.com/track/0fPJsVtCOXqjHxKS9kc13s;D:\dev\SB19\saved_pages\sb19_tilaluha_20260125_085240.html
2026-01-25 08:52:54;Go Up;SB19;26714910;https://open.spotify.com/track/5VoY18OYEE2E6RJCBd2jki;D:\dev\SB19\saved_pages\sb19_go_up_20260125_085254.html
2026-01-25 08:53:07;Alab (Burning);SB19;22532293;https://open.spotify.com/track/053ZzdU3Rya4NMxiWMPqnq;D:\dev\SB19\saved_pages\sb19_alab_burning_20260125_085307.html
2026-01-25 08:53:17;Hanggang Sa Huli;SB19;32184592;https://open.spotify.com/track/2WUhR1SraSy0SVIQKohJb6;D:\dev\SB19\saved_pages\sb19_hanggang_sa_huli_20260125_085316.html
2026-01-25 08:53:26;Love Goes;SB19;11107862;https://open.spotify.com/track/5p70OUKixtLRpnK5uSdqro;D:\dev\SB19\saved_pages\sb19_love_goes_20260125_085326.html
2026-01-25 08:53:37;Love Goes (EDM Version);SB19;7114940;https://open.spotify.com/track/0LAh3hfeuUekvLm3Nq6MmA;D:\dev\SB19\saved_pages\sb19_love_goes_edm_version_20260125_085337.html
2026-01-25 08:53:47;'Wag Mong Ikunot Ang Iyong Noo;SB19;9428244;https://open.spotify.com/track/5sJxhdzehdLq9iPzNnTR71;D:\dev\SB19\saved_pages\sb19_wag_mong_ikunot_ang_iyong_noo_20260125_085347.html
2026-01-25 08:53:57;Tilaluha (Instrumental);SB19;2207545;https://open.spotify.com/track/5lMxdErNKHh797tOT3mBvk;D:\dev\SB19\saved_pages\sb19_tilaluha_instrumental_20260125_085357.html
2026-01-25 08:54:07;Hanggang Sa Huli (Instrumental);SB19;2316413;https://open.spotify.com/track/6JZkWjVjOQAUPzNfGr4Dp0;D:\dev\SB19\saved_pages\sb19_hanggang_sa_huli_instrumental_20260125_085406.html
2026-01-25 08:54:16;What?;SB19;25634945;https://open.spotify.com/track/1evZendZnEe8a8eXjd1Bcn;D:\dev\SB19\saved_pages\sb19_what_20260125_085416.html
2026-01-25 08:54:26;MAPA;SB19;85813626;https://open.spotify.com/track/6Fz2TpxUD0YvAPsuG8nDMJ;D:\dev\SB19\saved_pages\sb19_mapa_20260125_085426.html
2026-01-25 08:54:36;Bazinga;SB19;31691142;https://open.spotify.com/track/5QZw4F3N3PvuKNKHm9L20b;D:\dev\SB19\saved_pages\sb19_bazinga_20260125_085435.html
2026-01-25 08:54:45;SLMT;SB19;17418207;https://open.spotify.com/track/0AbJoAxuqYgMrmXvtFOc0K;D:\dev\SB19\saved_pages\sb19_slmt_20260125_085445.html
2026-01-25 08:54:55;Mana;SB19;20719432;https://open.spotify.com/track/0EtkP3TUHvTeDIgrpgMS8m;D:\dev\SB19\saved_pages\sb19_mana_20260125_085455.html
2026-01-25 08:55:05;Ikako;SB19;14689009;https://open.spotify.com/track/5qHUmt5jIvDaOzMXiX533o;D:\dev\SB19\saved_pages\sb19_ikako_20260125_085505.html
2026-01-25 08:55:14;Gento;SB19;75652999;https://open.spotify.com/track/1o6uF8VmXna99ysHTcQRI2;D:\dev\SB19\saved_pages\sb19_gento_20260125_085514.html
2026-01-25 08:55:24;I Want You;SB19;31461837;https://open.spotify.com/track/16GGH8OF6LiSUTTbm8421f;D:\dev\SB19\saved_pages\sb19_i_want_you_20260125_085524.html
2026-01-25 08:55:34;Ilaw;SB19;19648519;https://open.spotify.com/track/4zoqT3f80GyytJvnhVHgEl;D:\dev\SB19\saved_pages\sb19_ilaw_20260125_085533.html
2026-01-25 08:55:43;Crimzone;SB19;25276204;https://open.spotify.com/track/5GcS9zT4iIL7l0JrqZeG6O;D:\dev\SB19\saved_pages\sb19_crimzone_20260125_085543.html
2026-01-25 08:55:53;LIHAM;SB19;20046082;https://open.spotify.com/track/5MQ1nQ0MZMRO4yPQWdCeEb;D:\dev\SB19\saved_pages\sb19_liham_20260125_085553.html
2026-01-25 08:56:03;Freedom;SB19;16363831;https://open.spotify.com/track/2CuYpdcx2f9XbMZhc3ST8E;D:\dev\SB19\saved_pages\sb19_freedom_20260125_085603.html
2026-01-25 08:56:13;DAM;SB19;60249811;https://open.spotify.com/track/1NNsL6tYk06TqTea3mKB9P;D:\dev\SB19\saved_pages\sb19_dam_20260125_085613.html
2026-01-25 08:56:22;Time;SB19;21778862;https://open.spotify.com/track/1OvE4CwaIZJ89Eq0qXGCEF;D:\dev\SB19\saved_pages\sb19_time_20260125_085622.html
2026-01-25 08:56:32;8TonBall;SB19;15754361;https://open.spotify.com/track/7AqrfyOdFWPnjQrgzWzcUz;D:\dev\SB19\saved_pages\sb19_8tonball_20260125_085632.html
2026-01-25 08:56:41;Quit;SB19;16828077;https://open.spotify.com/track/7oIQWmbKShhEt2yTSBxNpu;D:\dev\SB19\saved_pages\sb19_quit_20260125_085641.html
2026-01-25 08:56:51;Shooting for the Stars;SB19;14751424;https://open.spotify.com/track/6q3qzeZgWgoFrV6DmaZr1R;D:\dev\SB19\saved_pages\sb19_shooting_for_the_stars_20260125_085651.html
2026-01-25 08:57:01;Dungka!;SB19;27512691;https://open.spotify.com/track/7mqsPvhSR1CtY6PkTf1YVy;D:\dev\SB19\saved_pages\sb19_dungka_20260125_085701.html
2026-01-25 08:57:11;DAM (Extended Ver.);SB19;18724988;https://open.spotify.com/track/0pjhHUx21NsPuSCH0H3lW6;D:\dev\SB19\saved_pages\sb19_dam_extended_ver_20260125_085710.html
2026-01-25 08:57:20;WYAT (Where You At);SB19;24994920;https://open.spotify.com/track/1z50Hub2XCsAPWo8zgoePu;D:\dev\SB19\saved_pages\sb19_wyat_where_you_at_20260125_085720.html
2026-01-25 08:57:31;Nyebe;SB19;18027092;https://open.spotify.com/track/6aLjE6peuaJQRWRgfjxrRw;D:\dev\SB19\saved_pages\sb19_nyebe_20260125_085731.html
2026-01-25 08:57:41;No Stopping You;SB19;8721931;https://open.spotify.com/track/3KDOf2p1DrKhiqX78R82sh;D:\dev\SB19\saved_pages\sb19_no_stopping_you_20260125_085741.html
2026-01-25 08:57:51;Ligaya;SB19;9682970;https://open.spotify.com/track/2lwaPRPgP9EaaMsbzVaZ3O;D:\dev\SB19\saved_pages\sb19_ligaya_20260125_085751.html
2026-01-25 08:58:01;MAPA (Band Version);SB19;27871529;https://open.spotify.com/track/0QQoU68nnBRWJqr9ak3mnS;D:\dev\SB19\saved_pages\sb19_mapa_band_version_20260125_085800.html
2026-01-25 08:58:10;Kabataang Pinoy;SB19;9085496;https://open.spotify.com/track/6aXWWGw7sQJLx82jZndSQZ;D:\dev\SB19\saved_pages\sb19_kabataang_pinoy_20260125_085810.html
2026-01-25 08:58:20;Win Your Heart;SB19;11034640;https://open.spotify.com/track/0DnNMu0v71ICscsyuQgmu3;D:\dev\SB19\saved_pages\sb19_win_your_heart_20260125_085820.html
2026-01-25 08:58:30;Christmas Party (SB19 Version);SB19;4449038;https://open.spotify.com/track/387ZTKanhRfPXazSyzTWUj;D:\dev\SB19\saved_pages\sb19_christmas_party_sb19_version_20260125_085830.html
2026-01-25 08:58:39;golden hour (SB19 Remix);SB19;20906767;https://open.spotify.com/track/4cGKycusCcECMX79k4NQwS;D:\dev\SB19\saved_pages\sb19_golden_hour_sb19_remix_20260125_085839.html
2026-01-25 08:58:49;Moonlight;SB19;22546185;https://open.spotify.com/track/1xAYG31LamC5qlykRhbWxd;D:\dev\SB19\saved_pages\sb19_moonlight_20260125_085849.html
2026-01-25 08:58:59;Ready;SB19;9675310;https://open.spotify.com/track/4JZocgyzKHdRF0iSOcodJn;D:\dev\SB19\saved_pages\sb19_ready_20260125_085859.html
2026-01-25 08:59:09;KALAKAL;SB19;21636273;https://open.spotify.com/track/1cFGU7MQu0mHS5uVyD1STP;D:\dev\SB19\saved_pages\sb19_kalakal_20260125_085909.html
2026-01-25 08:59:24;MAPA (Indonesian Version);SB19;7351309;https://open.spotify.com/track/23FJNFAeNLzAuFORNvyBFf;D:\dev\SB19\saved_pages\sb19_mapa_indonesian_version_20260125_085924.html
2026-01-25 08:59:34;Umaaligid;SB19;12952270;https://open.spotify.com/track/5XYYmsZJG5qIBAniny4bHe;D:\dev\SB19\saved_pages\sb19_umaaligid_20260125_085934.html
2026-01-25 08:59:44;Burn The Flame;SB19;2918835;https://open.spotify.com/track/3mvN8n8mg7X41CbGvc7xYU;D:\dev\SB19\saved_pages\sb19_burn_the_flame_20260125_085944.html
2026-01-25 08:59:54;Burn The Flame (Taglish Version);SB19;803094;https://open.spotify.com/track/0aKGIF1iGjV6D6vXYDJgyy;D:\dev\SB19\saved_pages\sb19_burn_the_flame_taglish_version_20260125_085954.html
2026-01-25 09:00:03;Burn The Flame (Karaoke Version);SB19;193821;https://open.spotify.com/track/38UTDIDP582bP8ZAU20bsT;D:\dev\SB19\saved_pages\sb19_burn_the_flame_karaoke_version_20260125_090003.html
2026-01-25 09:00:13;Burn The Flame (Instrumental);SB19;136461;https://open.spotify.com/track/1MLMEY4ahXUjTcmi01s4jA;D:\dev\SB19\saved_pages\sb19_burn_the_flame_instrumental_20260125_090013.html
2026-01-25 09:00:23;Love Yours;SB19;5497420;https://open.spotify.com/track/62iq4hiMI4CxLek4nYI14R;D:\dev\SB19\saved_pages\sb19_love_yours_20260125_090023.html
2026-01-25 09:00:32;Kapangyarihan;SB19;23020646;https://open.spotify.com/track/6FFtbC1K2aNeCS376paoHN;D:\dev\SB19\saved_pages\sb19_kapangyarihan_20260125_090032.html
2026-01-25 09:00:42;The One;SB19;8867236;https://open.spotify.com/track/5SZPGItm64sVZ8KVYmoV4N;D:\dev\SB19\saved_pages\sb19_the_one_20260125_090042.html
2026-01-25 09:00:52;Merry Munchkins (SB19 Version);SB19;2732596;https://open.spotify.com/track/3r3U5OpESU60BAVT11KuYS;D:\dev\SB19\saved_pages\sb19_merry_munchkins_sb19_version_20260125_090052.html
2026-01-25 09:01:03;Live It Up;SB19;3918472;https://open.spotify.com/track/42D9L3kTskZ5anDWGBhtEk;D:\dev\SB19\saved_pages\sb19_live_it_up_20260125_090103.html
2026-01-25 09:01:13;Make Your Green Mark;SB19;2452312;https://open.spotify.com/track/0thBJj3R0mM8mLwe2WMJI1;D:\dev\SB19\saved_pages\sb19_make_your_green_mark_20260125_090113.html
2026-01-25 09:01:22;Ace Your World;SB19;3082139;https://open.spotify.com/track/3lgJ5YAfc6wxVB9xpUDyH9;D:\dev\SB19\saved_pages\sb19_ace_your_world_20260125_090122.html
2026-01-25 09:01:32;Reset;SB19;3164396;https://open.spotify.com/track/6a7itY9YQTkmb8oMwwmhRp;D:\dev\SB19\saved_pages\sb19_reset_20260125_090132.html
2026-01-25 09:01:42;Tahanan;SB19;1584585;https://open.spotify.com/track/6XOT8LCjly8StKCooz6pp1;D:\dev\SB19\saved_pages\sb19_tahanan_20260125_090142.html
2026-01-25 09:01:51;G Pa Rin Ang Pasko;SB19;796732;https://open.spotify.com/track/0JYEUl8iJovowKP7Xi6mSM;D:\dev\SB19\saved_pages\sb19_g_pa_rin_ang_pasko_20260125_090151.html
2026-01-25 09:02:01;Ready, Set, G!;SB19;1134886;https://open.spotify.com/track/3RFGJAl8B1MiW4Ti6qvGeq;D:\dev\SB19\saved_pages\sb19_ready_set_g_20260125_090201.html
2026-01-25 09:02:11;We Wish You A Merry GCash;SB19;1320909;https://open.spotify.com/track/7H2N6amk6lmn9oahy3qxQl;D:\dev\SB19\saved_pages\sb19_we_wish_you_a_merry_gcash_20260125_090211.html
2026-01-25 09:02:20;Make It Merry, I-GCash Mo;SB19;994836;https://open.spotify.com/track/1cTLpJs2LHvA0q5Z6YWzbD;D:\dev\SB19\saved_pages\sb19_make_it_merry_i_gcash_mo_20260125_090220.html
2026-01-25 09:02:30;Tara, Summer Na!;SB19;1895201;https://open.spotify.com/track/5RbO3gk0BiIfoFop0un9Dn;D:\dev\SB19\saved_pages\sb19_tara_summer_na_20260125_090230.html
2026-01-25 09:02:40;TM Doble Dekada (Samahang Pina-Easy);SB19;2840982;https://open.spotify.com/track/5pSDEveqgXTvPU102hAIY1;D:\dev\SB19\saved_pages\sb19_tm_doble_dekada_samahang_pina_easy_20260125_090240.html
2026-01-25 09:02:49;Dobleng GV sa FunPasko (Noon, Ngayon, Palagi);SB19;672549;https://open.spotify.com/track/5hVNG3wLy8rSSCqShicG4I;D:\dev\SB19\saved_pages\sb19_dobleng_gv_sa_funpasko_noon_ngayon_palagi_20260125_090249.html
2026-01-25 09:02:59;TM FunPasko (Samahang Pina-Easy);SB19;901255;https://open.spotify.com/track/1ZLVZ75W0ZNqiuzQPbz3ZG;D:\dev\SB19\saved_pages\sb19_tm_funpasko_samahang_pina_easy_20260125_090259.html
2026-01-25 09:03:09;Push Ang Pusuan;SB19;3464244;https://open.spotify.com/track/2hUZkOBSRlp6uB9hXvYgPi;D:\dev\SB19\saved_pages\sb19_push_ang_pusuan_20260125_090309.html
2026-01-25 09:03:19;Team Tayo;SB19;1055437;https://open.spotify.com/track/3aKVPphQZ3kjwY7Tn1TUhP;D:\dev\SB19\saved_pages\sb19_team_tayo_20260125_090319.html
2026-01-25 09:03:29;Ating Pasko;SB19;2425604;https://open.spotify.com/track/7y5C9pM3gt7WNoiSzFHcGN;D:\dev\SB19\saved_pages\sb19_ating_pasko_20260125_090329.html
2026-01-25 09:03:38;La Luna;PABLO;17415392;https://open.spotify.com/track/2UH7vzHodDdXtNyPEeHkb7;D:\dev\SB19\saved_pages\pablo_la_luna_20260125_090338.html
2026-01-25 09:03:58;Presyon;PABLO;2637556;https://open.spotify.com/track/7cErqp4Jg64PcqAE0uYeZP;D:\dev\SB19\saved_pages\pablo_presyon_20260125_090358.html
2026-01-25 09:04:08;Wala;PABLO;2870842;https://open.spotify.com/track/5gLNDt687YE0Zgad2yaaAD;D:\dev\SB19\saved_pages\pablo_wala_20260125_090408.html
2026-01-25 09:04:17;The Boy Who Cried Wolf;PABLO;4876472;https://open.spotify.com/track/3dNKnbTBjliNTwCeLqlMG3;D:\dev\SB19\saved_pages\pablo_the_boy_who_cried_wolf_20260125_090417.html
2026-01-25 09:04:27;Kumunoy;PABLO;3946921;https://open.spotify.com/track/6WkQrra0cZQAo42aMxdT2X;D:\dev\SB19\saved_pages\pablo_kumunoy_20260125_090427.html
2026-01-25 09:04:37;Kelan;PABLO;2432586;https://open.spotify.com/track/39aItIaR9sIBz3EP8RXuhs;D:\dev\SB19\saved_pages\pablo_kelan_20260125_090437.html
2026-01-25 09:04:46;Drowning in the Water;PABLO;5606658;https://open.spotify.com/track/6065mStxNxs8sCy3yCrg8H;D:\dev\SB19\saved_pages\pablo_drowning_in_the_water_20260125_090446.html
2026-01-25 09:04:56;Breathe (Outro);PABLO;1891497;https://open.spotify.com/track/2lKyuf60Q5qSwTF0dl7qM6;D:\dev\SB19\saved_pages\pablo_breathe_outro_20260125_090456.html
2026-01-25 09:05:06;Neumun;PABLO;3654194;https://open.spotify.com/track/4DF1e91DMTM4oTpW8jgsP2;D:\dev\SB19\saved_pages\pablo_neumun_20260125_090506.html
2026-01-25 09:05:16;Don't Care;PABLO;2777667;https://open.spotify.com/track/06YsrZvTJmdPNXY5La1jFK;D:\dev\SB19\saved_pages\pablo_don_t_care_20260125_090515.html
2026-01-25 09:05:25;Butata;PABLO;6627853;https://open.spotify.com/track/68hXl4L5vCusj8U2QlC73D;D:\dev\SB19\saved_pages\pablo_butata_20260125_090525.html
2026-01-25 09:05:35;Puyat;PABLO;3176757;https://open.spotify.com/track/5EiD5Pk0Wv6dkHS1ZpNvzE;D:\dev\SB19\saved_pages\pablo_puyat_20260125_090535.html
2026-01-25 09:05:45;Blessed;PABLO;4041470;https://open.spotify.com/track/4hdPboEAxOZjaaHML4q62u;D:\dev\SB19\saved_pages\pablo_blessed_20260125_090545.html
2026-01-25 09:05:54;Tambol (Ibang Planeta);PABLO;2494031;https://open.spotify.com/track/753jWXJVBxK6cuYDUVbeux;D:\dev\SB19\saved_pages\pablo_tambol_ibang_planeta_20260125_090554.html
2026-01-25 09:06:04;Micha!;PABLO;3442664;https://open.spotify.com/track/7F3NzrsN3zNGcIP2FbUYUo;D:\dev\SB19\saved_pages\pablo_micha_20260125_090604.html
2026-01-25 09:06:14;DETERMINADO;PABLO;6307789;https://open.spotify.com/track/0hQJzMEbXg8ssQwgMbJUbw;D:\dev\SB19\saved_pages\pablo_determinado_20260125_090614.html
2026-01-25 09:06:24;AKALA;PABLO;5367549;https://open.spotify.com/track/5w4CLRxwroocAzFiJ568oY;D:\dev\SB19\saved_pages\pablo_akala_20260125_090624.html
2026-01-25 09:06:33;edsa;PABLO;7822124;https://open.spotify.com/track/64p2tRd4zsBsJUucEnfWrX;D:\dev\SB19\saved_pages\pablo_edsa_20260125_090633.html
2026-01-25 09:06:43;Liwanag sa Dilim (from Incognito);PABLO;6307623;https://open.spotify.com/track/3Ynpt5qseTmDdl9bN21FNJ;D:\dev\SB19\saved_pages\pablo_liwanag_sa_dilim_from_incognito_20260125_090643.html
2026-01-25 09:06:53;Palayo;FELIP;12307321;https://open.spotify.com/track/3FvYLNM5ShB5vDCzGw8syX;D:\dev\SB19\saved_pages\felip_palayo_20260125_090653.html
2026-01-25 09:07:03;Bulan;FELIP;6671068;https://open.spotify.com/track/2qYmu6Obx3NW1VeNOiCFMK;D:\dev\SB19\saved_pages\felip_bulan_20260125_090703.html
2026-01-25 09:07:13;ROCKSTA;FELIP;6389426;https://open.spotify.com/track/5UhtleGyBZJCvG8cstjLkr;D:\dev\SB19\saved_pages\felip_rocksta_20260125_090713.html
2026-01-25 09:07:22;SUPERIORITY;FELIP;3679825;https://open.spotify.com/track/3Tzmy7ExNOlP0tdDr9sjUT;D:\dev\SB19\saved_pages\felip_superiority_20260125_090722.html
2026-01-25 09:07:32;MICTEST;FELIP;4212219;https://open.spotify.com/track/5MC8Oxr5FTIQYJ6f7Cg6gR;D:\dev\SB19\saved_pages\felip_mictest_20260125_090732.html
2026-01-25 09:07:42;DRINKSMOKE;FELIP;5249956;https://open.spotify.com/track/29UIvWBrkjWtVuSEyexLt1;D:\dev\SB19\saved_pages\felip_drinksmoke_20260125_090742.html
2026-01-25 09:07:52;CRIMINAL;FELIP;6550716;https://open.spotify.com/track/4YPz66cDppOl9KVUOCpBV5;D:\dev\SB19\saved_pages\felip_criminal_20260125_090752.html
2026-01-25 09:08:01;STRAYDOGS;FELIP;5572033;https://open.spotify.com/track/03aFaNBeCXmFl194HuyWKe;D:\dev\SB19\saved_pages\felip_straydogs_20260125_090801.html
2026-01-25 09:08:11;Kanako;FELIP;9735244;https://open.spotify.com/track/76hOMoRACZOQq5CfqSNU9i;D:\dev\SB19\saved_pages\felip_kanako_20260125_090811.html
2026-01-25 09:08:21;Moving Closer;FELIP;10299409;https://open.spotify.com/track/59PCn7ObERln3cPl84CGx6;D:\dev\SB19\saved_pages\felip_moving_closer_20260125_090821.html
2026-01-25 09:08:30;FLYYY;FELIP;3504832;https://open.spotify.com/track/0PWBx43woMnsyUC72NC1Gl;D:\dev\SB19\saved_pages\felip_flyyy_20260125_090830.html
2026-01-25 09:08:40;Pagdali;FELIP;3397324;https://open.spotify.com/track/7fMR5ryCo3m38yyj1PCym4;D:\dev\SB19\saved_pages\felip_pagdali_20260125_090840.html
2026-01-25 09:08:50;Fake Faces;FELIP;8765641;https://open.spotify.com/track/4ntKnZnztFdovszJpIoeVO;D:\dev\SB19\saved_pages\felip_fake_faces_20260125_090850.html
2026-01-25 09:09:00;foes;FELIP;2383972;https://open.spotify.com/track/5IyWs6bAMeT9vPUiUVgSdd;D:\dev\SB19\saved_pages\felip_foes_20260125_090900.html
2026-01-25 09:09:09;envy;FELIP;3407999;https://open.spotify.com/track/6uJggzzrSE5tK9CRTZejgm;D:\dev\SB19\saved_pages\felip_envy_20260125_090909.html
2026-01-25 09:09:19;wrath;FELIP;2020790;https://open.spotify.com/track/12VANuhDUHnXRtRG6YP72a;D:\dev\SB19\saved_pages\felip_wrath_20260125_090919.html
2026-01-25 09:09:29;greed;FELIP;3308501;https://open.spotify.com/track/3foNAstTb7fdbbfFnKwn28;D:\dev\SB19\saved_pages\felip_greed_20260125_090929.html
2026-01-25 09:09:38;pride;FELIP;1916870;https://open.spotify.com/track/1jZET8rPE5RWZZrkCM2toY;D:\dev\SB19\saved_pages\felip_pride_20260125_090938.html
2026-01-25 09:09:48;gluttony;FELIP;1714923;https://open.spotify.com/track/216LlnUj3GfZ0yE2hXZxm0;D:\dev\SB19\saved_pages\felip_gluttony_20260125_090948.html
2026-01-25 09:09:58;lust;FELIP;3488304;https://open.spotify.com/track/70kZ4pCeZ0WIanftduEDov;D:\dev\SB19\saved_pages\felip_lust_20260125_090958.html
2026-01-25 09:10:08;sloth;FELIP;2542031;https://open.spotify.com/track/6PJLoGD9KpyMSx8j7vVWHq;D:\dev\SB19\saved_pages\felip_sloth_20260125_091008.html
2026-01-25 09:10:17;ache;FELIP;4498544;https://open.spotify.com/track/3G3ZYOLBcjbIv0GDlIoZeh;D:\dev\SB19\saved_pages\felip_ache_20260125_091017.html
2026-01-25 09:10:27;ID;FELIP;2394414;https://open.spotify.com/track/2cXkFKFgEW5Myc0yNy6CqL;D:\dev\SB19\saved_pages\felip_id_20260125_091027.html
2026-01-25 09:10:37;KAWASAKI;FELIP;1645371;https://open.spotify.com/track/37ifPBg9M2NzlRNHe9WUIy;D:\dev\SB19\saved_pages\felip_kawasaki_20260125_091037.html
2026-01-25 09:10:48;Palayo - Live Band Ver;FELIP;2225987;https://open.spotify.com/track/6gdcXFz1q9WKAlB2ybVM3F;D:\dev\SB19\saved_pages\felip_palayo_live_band_ver_20260125_091048.html
2026-01-25 09:10:58;Bulan - Live Band Ver;FELIP;1944689;https://open.spotify.com/track/048YgXKAXF8eTwMCfYylhD;D:\dev\SB19\saved_pages\felip_bulan_live_band_ver_20260125_091058.html
2026-01-25 09:11:08;Palayo Inst.;FELIP;1258952;https://open.spotify.com/track/2RfXO3QnM6gG75Pxu04OqS;D:\dev\SB19\saved_pages\felip_palayo_inst_20260125_091108.html
2026-01-25 09:11:17;Bulan Inst.;FELIP;1183758;https://open.spotify.com/track/4iGoucvzYCbJtG4n4wnJjB;D:\dev\SB19\saved_pages\felip_bulan_inst_20260125_091117.html
2026-01-25 09:11:27;Moving Closer - From The Cafe;FELIP;2200064;https://open.spotify.com/track/1kAyLWCiJfTDhm56kaOXnO;D:\dev\SB19\saved_pages\felip_moving_closer_from_the_cafe_20260125_091127.html
2026-01-25 09:11:37;Moving Closer - From The Lounge;FELIP;1522450;https://open.spotify.com/track/0cd2BCuzH8Vub1cS2eKU7M;D:\dev\SB19\saved_pages\felip_moving_closer_from_the_lounge_20260125_091137.html
2026-01-25 09:11:46;ID (new version);FELIP;178366;https://open.spotify.com/track/7Fu45FLLaE1s0eg8DF5UqT;D:\dev\SB19\saved_pages\felip_id_new_version_20260125_091146.html
2026-01-25 09:11:56;ROCKSTA (Superior Session Live);FELIP;1498265;https://open.spotify.com/track/5EP2vLFwMHpWFWeZVvt3jU;D:\dev\SB19\saved_pages\felip_rocksta_superior_session_live_20260125_091156.html
2026-01-25 09:12:06;SUPERIORITY (Superior Session Live);FELIP;1398845;https://open.spotify.com/track/5VmjG0uTHcrn43Ynetfomd;D:\dev\SB19\saved_pages\felip_superiority_superior_session_live_20260125_091205.html
2026-01-25 09:12:35;MICTEST (Superior Session Live);FELIP;1330637;https://open.spotify.com/track/0FW1fvsv00RCGNPjVHJg3x;D:\dev\SB19\saved_pages\felip_mictest_superior_session_live_20260125_091235.html
2026-01-25 09:12:44;DRINKSMOKE (Superior Session Live);FELIP;1509843;https://open.spotify.com/track/5Iw7boOrwCpWlaJtNTTHG6;D:\dev\SB19\saved_pages\felip_drinksmoke_superior_session_live_20260125_091244.html
2026-01-25 09:12:54;CRIMINAL (Superior Session Live);FELIP;1702161;https://open.spotify.com/track/2FxQjJcpsdHQHTqjVhlqP4;D:\dev\SB19\saved_pages\felip_criminal_superior_session_live_20260125_091254.html
2026-01-25 09:13:04;STRAYDOGS (Superior Session Live);FELIP;1333735;https://open.spotify.com/track/4W28quZaVhLdbpojBeooaZ;D:\dev\SB19\saved_pages\felip_straydogs_superior_session_live_20260125_091304.html
2026-01-25 09:13:13;to sin is human, to forgive is divine - live;FELIP;153043;https://open.spotify.com/track/5lbuH5ieouWZ43qHAcCK08;D:\dev\SB19\saved_pages\felip_to_sin_is_human_to_forgive_is_divine_live_20260125_091313.html
2026-01-25 09:13:23;foes - live;FELIP;146879;https://open.spotify.com/track/44TFeq1FSLniRzbThYVWom;D:\dev\SB19\saved_pages\felip_foes_live_20260125_091323.html
2026-01-25 09:13:33;envy - live;FELIP;129947;https://open.spotify.com/track/41gwpmt6wVdwDgjE430dm6;D:\dev\SB19\saved_pages\felip_envy_live_20260125_091332.html
2026-01-25 09:13:42;greed - live;FELIP;140564;https://open.spotify.com/track/5fWWoFfmqwBhBq93Rc6YqB;D:\dev\SB19\saved_pages\felip_greed_live_20260125_091342.html
2026-01-25 09:13:52;lust - live;FELIP;135824;https://open.spotify.com/track/2hlY0jd3uRy5i7SuN1oz7Z;D:\dev\SB19\saved_pages\felip_lust_live_20260125_091352.html
2026-01-25 09:14:02;pride - live;FELIP;122919;https://open.spotify.com/track/45ZCoFCk3DL7d84d7bwWdz;D:\dev\SB19\saved_pages\felip_pride_live_20260125_091402.html
2026-01-25 09:14:11;gluttony (feat. PLAYERTWO) - live;FELIP;124366;https://open.spotify.com/track/0HaZMHBzZOYqdEcCtzAHEU;D:\dev\SB19\saved_pages\felip_gluttony_feat_playertwo_live_20260125_091411.html
2026-01-25 09:14:21;wrath - live;FELIP;135528;https://open.spotify.com/track/5ykca7sZJ8OAUepkUGIdRE;D:\dev\SB19\saved_pages\felip_wrath_live_20260125_091421.html
2026-01-25 09:14:31;tokyo - live;FELIP;591528;https://open.spotify.com/track/5KKi1lmsdHfm4IYZ1YSy94;D:\dev\SB19\saved_pages\felip_tokyo_live_20260125_091431.html
2026-01-25 09:14:42;sloth - live;FELIP;131472;https://open.spotify.com/track/6dmzbxC4WjfB3ucXZUUaO5;D:\dev\SB19\saved_pages\felip_sloth_live_20260125_091442.html
2026-01-25 09:14:53;grace - live;FELIP;137789;https://open.spotify.com/track/6HsmDcIbYCn7YzWBUKEucW;D:\dev\SB19\saved_pages\felip_grace_live_20260125_091453.html
2026-01-25 09:15:03;ache - live;FELIP;161134;https://open.spotify.com/track/4lQY03QyHAKDj6XdDgVDcL;D:\dev\SB19\saved_pages\felip_ache_live_20260125_091503.html
2026-01-25 09:15:13;WILD TONIGHT;JOSH CULLEN;9699315;https://open.spotify.com/track/4yBwaJUom5dOYp54wU6hA2;D:\dev\SB19\saved_pages\josh_cullen_wild_tonight_20260125_091512.html
2026-01-25 09:15:22;Pakiusap Lang;JOSH CULLEN;5249074;https://open.spotify.com/track/6trU06kJgdYaPqRUvz5K9e;D:\dev\SB19\saved_pages\josh_cullen_pakiusap_lang_20260125_091522.html
2026-01-25 09:15:32;GET RIGHT;JOSH CULLEN;4600457;https://open.spotify.com/track/56FnjRDkdoCV5lVSyuQ9MU;D:\dev\SB19\saved_pages\josh_cullen_get_right_20260125_091532.html
2026-01-25 09:15:42;Yoko Na;JOSH CULLEN;10336189;https://open.spotify.com/track/6SIaYQUPOJpO8XFWeTl5dC;D:\dev\SB19\saved_pages\josh_cullen_yoko_na_20260125_091541.html
2026-01-25 09:15:51;1999;JOSH CULLEN;6192642;https://open.spotify.com/track/0PMfgKba5PLGETb02cDcMg;D:\dev\SB19\saved_pages\josh_cullen_1999_20260125_091551.html
2026-01-25 09:16:01;See Me;JOSH CULLEN;2899627;https://open.spotify.com/track/5jH6p468HtmNHdJiubGQ6t;D:\dev\SB19\saved_pages\josh_cullen_see_me_20260125_091601.html
2026-01-25 09:16:10;Silent Cries;JOSH CULLEN;3812718;https://open.spotify.com/track/1x0Y2jS5oJW4Q3aU9jZBER;D:\dev\SB19\saved_pages\josh_cullen_silent_cries_20260125_091610.html
2026-01-25 09:16:20;Honest;JOSH CULLEN;2630023;https://open.spotify.com/track/1Rl5KDAu4wrUsQZZtD2hiy;D:\dev\SB19\saved_pages\josh_cullen_honest_20260125_091620.html
2026-01-25 09:16:30;No Control;JOSH CULLEN;2181615;https://open.spotify.com/track/0Rg0DIhiShdvZvF7snNZIt;D:\dev\SB19\saved_pages\josh_cullen_no_control_20260125_091630.html
2026-01-25 09:16:39;Lights Out;JOSH CULLEN;1941780;https://open.spotify.com/track/2TQQX4gYeQmobxNEXwtrZ3;D:\dev\SB19\saved_pages\josh_cullen_lights_out_20260125_091639.html
2026-01-25 09:16:49;Sumaya;JOSH CULLEN;5289908;https://open.spotify.com/track/2qKu8tPpilCBJqxzGWcOaC;D:\dev\SB19\saved_pages\josh_cullen_sumaya_20260125_091649.html
2026-01-25 09:16:59;Silent Cries (Instrumental);JOSH CULLEN;528116;https://open.spotify.com/track/5FQodaxJAZTUPjdpbDT9pa;D:\dev\SB19\saved_pages\josh_cullen_silent_cries_instrumental_20260125_091659.html
2026-01-25 09:17:08;No Control (Instrumental);JOSH CULLEN;515201;https://open.spotify.com/track/65LG9NubWQtyImpyNXotHo;D:\dev\SB19\saved_pages\josh_cullen_no_control_instrumental_20260125_091708.html
2026-01-25 09:17:18;Takbuhan;JOSH CULLEN;909303;https://open.spotify.com/track/3RCVzaTWA7h1SR0nWQtIk1;D:\dev\SB19\saved_pages\josh_cullen_takbuhan_20260125_091718.html
2026-01-25 09:17:28;Re: Thinkin' About You;JOSH CULLEN;4230805;https://open.spotify.com/track/2R1CjdVdXz7frvQRwCdQa6;D:\dev\SB19\saved_pages\josh_cullen_re_thinkin_about_you_20260125_091727.html
2026-01-25 09:17:37;Room;Stell;11917007;https://open.spotify.com/track/1PLKN0HC7m5drBHg0jarZE;D:\dev\SB19\saved_pages\stell_room_20260125_091737.html
2026-01-25 09:17:47;Anino;Stell;6033076;https://open.spotify.com/track/5tMJZOyBv8t49i9elHuQZF;D:\dev\SB19\saved_pages\stell_anino_20260125_091747.html
2026-01-25 09:17:56;'Di Ko Masabi;Stell;7576242;https://open.spotify.com/track/3JEE0hhTI6u9CEZCZWalKe;D:\dev\SB19\saved_pages\stell_di_ko_masabi_20260125_091756.html
2026-01-25 09:18:06;Classic;Stell;6488803;https://open.spotify.com/track/15bdfvbGida1Z8OVZ0YvSQ;D:\dev\SB19\saved_pages\stell_classic_20260125_091806.html
2026-01-25 09:18:16;Room (Stripped);Stell;4726014;https://open.spotify.com/track/6fwpkEZRQZ8Kr5Ws4q0Kyn;D:\dev\SB19\saved_pages\stell_room_stripped_20260125_091816.html
2026-01-25 09:18:25;Surreal;justin;14903501;https://open.spotify.com/track/5TT4xi1HEPTkVTO59jY3tz;D:\dev\SB19\saved_pages\justin_surreal_20260125_091825.html
2026-01-25 09:18:35;Sunday Morning;justin;5404007;https://open.spotify.com/track/3sp427zYHOXL3LPCYgwuRv;D:\dev\SB19\saved_pages\justin_sunday_morning_20260125_091835.html
2026-01-25 09:18:45;Kaibigan;justin;8755265;https://open.spotify.com/track/3rwioq6hSNjwynK8rVPCma;D:\dev\SB19\saved_pages\justin_kaibigan_20260125_091845.html
2026-01-25 09:18:54;Sampung Mga Daliri;justin;7510440;https://open.spotify.com/track/2MHg2BVPaTgiCUDWp2jZqf;D:\dev\SB19\saved_pages\justin_sampung_mga_daliri_20260125_091854.html
2026-01-25 09:19:04;GENTO - From THE FIRST TAKE;SB19;6999325;https://open.spotify.com/track/2h7syqD1QScej4PqMxJfp2;D:\dev\SB19\saved_pages\sb19_gento_from_the_first_take_20260125_091904.html
2026-01-25 09:19:14;MAPA - From THE FIRST TAKE;SB19;5152917;https://open.spotify.com/track/4MZbVDIPOYmPkjcVqpPe9v;D:\dev\SB19\saved_pages\sb19_mapa_from_the_first_take_20260125_091913.html
2026-01-25 09:19:23;DAM - From THE FIRST TAKE;SB19;2003350;https://open.spotify.com/track/14WOLW4oTwD7Mh9eb0hLDs;D:\dev\SB19\saved_pages\sb19_dam_from_the_first_take_20260125_091923.html
2026-01-25 09:19:33;Time - From THE FIRST TAKE;SB19;2117140;https://open.spotify.com/track/1ctnGFHyklJbmHLyaDYtyg;D:\dev\SB19\saved_pages\sb19_time_from_the_first_take_20260125_091933.html
2026-01-25 09:19:52;Moonlight (Ian Asher Club Mix);SB19;2928652;https://open.spotify.com/track/5YYzdzlunDyLDwlM40W0Gc;D:\dev\SB19\saved_pages\sb19_moonlight_ian_asher_club_mix_20260125_091952.html
2026-01-25 09:20:02;Umaaligid (Extended Ver.);SB19;2707461;https://open.spotify.com/track/1XFHLGwXrlL0FpJgRcFYTI;D:\dev\SB19\saved_pages\sb19_umaaligid_extended_ver_20260125_092002.html
2026-01-25 09:20:11;Love Yours (DIOR & RealBros Remix);SB19;862264;https://open.spotify.com/track/3qw9D8YC0sezDriUMx5lRG;D:\dev\SB19\saved_pages\sb19_love_yours_dior_realbros_remix_20260125_092011.html
2026-01-25 09:20:21;What? - Extended Version;SB19;6277812;https://open.spotify.com/track/7jn2llkeDI9IRROCYNa7sL;D:\dev\SB19\saved_pages\sb19_what_extended_version_20260125_092021.html
2026-01-26 22:02:38;Tilaluha;SB19;23600914;https://open.spotify.com/track/0fPJsVtCOXqjHxKS9kc13s;D:\dev\SB19\saved_pages\sb19_tilaluha_20260126_220238.html
2026-01-26 22:02:48;Go Up;SB19;26738273;https://open.spotify.com/track/5VoY18OYEE2E6RJCBd2jki;D:\dev\SB19\saved_pages\sb19_go_up_20260126_220248.html
2026-01-26 22:02:58;Alab (Burning);SB19;22556291;https://open.spotify.com/track/053ZzdU3Rya4NMxiWMPqnq;D:\dev\SB19\saved_pages\sb19_alab_burning_20260126_220258.html
2026-01-26 22:03:07;Hanggang Sa Huli;SB19;32216735;https://open.spotify.com/track/2WUhR1SraSy0SVIQKohJb6;D:\dev\SB19\saved_pages\sb19_hanggang_sa_huli_20260126_220307.html
2026-01-26 22:03:56;Love Goes;SB19;11121150;https://open.spotify.com/track/5p70OUKixtLRpnK5uSdqro;D:\dev\SB19\saved_pages\sb19_love_goes_20260126_220356.html
2026-01-26 22:04:06;Love Goes (EDM Version);SB19;7124562;https://open.spotify.com/track/0LAh3hfeuUekvLm3Nq6MmA;D:\dev\SB19\saved_pages\sb19_love_goes_edm_version_20260126_220406.html
2026-01-26 22:04:16;'Wag Mong Ikunot Ang Iyong Noo;SB19;9441412;https://open.spotify.com/track/5sJxhdzehdLq9iPzNnTR71;D:\dev\SB19\saved_pages\sb19_wag_mong_ikunot_ang_iyong_noo_20260126_220416.html
2026-01-26 22:04:25;Tilaluha (Instrumental);SB19;2209394;https://open.spotify.com/track/5lMxdErNKHh797tOT3mBvk;D:\dev\SB19\saved_pages\sb19_tilaluha_instrumental_20260126_220425.html
2026-01-26 22:04:35;Hanggang Sa Huli (Instrumental);SB19;2318315;https://open.spotify.com/track/6JZkWjVjOQAUPzNfGr4Dp0;D:\dev\SB19\saved_pages\sb19_hanggang_sa_huli_instrumental_20260126_220435.html
2026-01-26 22:04:45;What?;SB19;25665288;https://open.spotify.com/track/1evZendZnEe8a8eXjd1Bcn;D:\dev\SB19\saved_pages\sb19_what_20260126_220445.html
2026-01-26 22:04:54;MAPA;SB19;85898231;https://open.spotify.com/track/6Fz2TpxUD0YvAPsuG8nDMJ;D:\dev\SB19\saved_pages\sb19_mapa_20260126_220454.html
2026-01-26 22:05:05;Bazinga;SB19;31726371;https://open.spotify.com/track/5QZw4F3N3PvuKNKHm9L20b;D:\dev\SB19\saved_pages\sb19_bazinga_20260126_220505.html
2026-01-26 22:05:15;SLMT;SB19;17442903;https://open.spotify.com/track/0AbJoAxuqYgMrmXvtFOc0K;D:\dev\SB19\saved_pages\sb19_slmt_20260126_220515.html
2026-01-26 22:05:25;Mana;SB19;20747009;https://open.spotify.com/track/0EtkP3TUHvTeDIgrpgMS8m;D:\dev\SB19\saved_pages\sb19_mana_20260126_220525.html
2026-01-26 22:05:34;Ikako;SB19;14711877;https://open.spotify.com/track/5qHUmt5jIvDaOzMXiX533o;D:\dev\SB19\saved_pages\sb19_ikako_20260126_220534.html
2026-01-26 22:05:44;Gento;SB19;75737940;https://open.spotify.com/track/1o6uF8VmXna99ysHTcQRI2;D:\dev\SB19\saved_pages\sb19_gento_20260126_220544.html
2026-01-26 22:05:54;I Want You;SB19;31503106;https://open.spotify.com/track/16GGH8OF6LiSUTTbm8421f;D:\dev\SB19\saved_pages\sb19_i_want_you_20260126_220553.html
2026-01-26 22:06:05;Ilaw;SB19;19687533;https://open.spotify.com/track/4zoqT3f80GyytJvnhVHgEl;D:\dev\SB19\saved_pages\sb19_ilaw_20260126_220605.html
2026-01-26 22:06:15;Crimzone;SB19;25315827;https://open.spotify.com/track/5GcS9zT4iIL7l0JrqZeG6O;D:\dev\SB19\saved_pages\sb19_crimzone_20260126_220615.html
2026-01-26 22:06:25;LIHAM;SB19;20080077;https://open.spotify.com/track/5MQ1nQ0MZMRO4yPQWdCeEb;D:\dev\SB19\saved_pages\sb19_liham_20260126_220625.html
2026-01-26 22:06:34;Freedom;SB19;16392499;https://open.spotify.com/track/2CuYpdcx2f9XbMZhc3ST8E;D:\dev\SB19\saved_pages\sb19_freedom_20260126_220634.html
2026-01-26 22:06:44;DAM;SB19;60417849;https://open.spotify.com/track/1NNsL6tYk06TqTea3mKB9P;D:\dev\SB19\saved_pages\sb19_dam_20260126_220644.html
2026-01-26 22:06:54;Time;SB19;21860890;https://open.spotify.com/track/1OvE4CwaIZJ89Eq0qXGCEF;D:\dev\SB19\saved_pages\sb19_time_20260126_220654.html
2026-01-26 22:07:03;8TonBall;SB19;15825719;https://open.spotify.com/track/7AqrfyOdFWPnjQrgzWzcUz;D:\dev\SB19\saved_pages\sb19_8tonball_20260126_220703.html
2026-01-26 22:07:13;Quit;SB19;16896843;https://open.spotify.com/track/7oIQWmbKShhEt2yTSBxNpu;D:\dev\SB19\saved_pages\sb19_quit_20260126_220713.html
2026-01-26 22:07:23;Shooting for the Stars;SB19;14817971;https://open.spotify.com/track/6q3qzeZgWgoFrV6DmaZr1R;D:\dev\SB19\saved_pages\sb19_shooting_for_the_stars_20260126_220723.html
2026-01-26 22:07:32;Dungka!;SB19;27609953;https://open.spotify.com/track/7mqsPvhSR1CtY6PkTf1YVy;D:\dev\SB19\saved_pages\sb19_dungka_20260126_220732.html
2026-01-26 22:07:42;DAM (Extended Ver.);SB19;18765526;https://open.spotify.com/track/0pjhHUx21NsPuSCH0H3lW6;D:\dev\SB19\saved_pages\sb19_dam_extended_ver_20260126_220742.html
2026-01-26 22:07:52;WYAT (Where You At);SB19;25022192;https://open.spotify.com/track/1z50Hub2XCsAPWo8zgoePu;D:\dev\SB19\saved_pages\sb19_wyat_where_you_at_20260126_220752.html
2026-01-26 22:08:04;Nyebe;SB19;18056013;https://open.spotify.com/track/6aLjE6peuaJQRWRgfjxrRw;D:\dev\SB19\saved_pages\sb19_nyebe_20260126_220804.html
2026-01-26 22:08:13;No Stopping You;SB19;8736130;https://open.spotify.com/track/3KDOf2p1DrKhiqX78R82sh;D:\dev\SB19\saved_pages\sb19_no_stopping_you_20260126_220813.html
2026-01-26 22:08:23;Ligaya;SB19;9692322;https://open.spotify.com/track/2lwaPRPgP9EaaMsbzVaZ3O;D:\dev\SB19\saved_pages\sb19_ligaya_20260126_220823.html
2026-01-26 22:08:33;MAPA (Band Version);SB19;27888153;https://open.spotify.com/track/0QQoU68nnBRWJqr9ak3mnS;D:\dev\SB19\saved_pages\sb19_mapa_band_version_20260126_220832.html
2026-01-26 22:08:42;Kabataang Pinoy;SB19;9090458;https://open.spotify.com/track/6aXWWGw7sQJLx82jZndSQZ;D:\dev\SB19\saved_pages\sb19_kabataang_pinoy_20260126_220842.html
2026-01-26 22:08:52;Win Your Heart;SB19;11048461;https://open.spotify.com/track/0DnNMu0v71ICscsyuQgmu3;D:\dev\SB19\saved_pages\sb19_win_your_heart_20260126_220852.html
2026-01-26 22:09:01;Christmas Party (SB19 Version);SB19;4453570;https://open.spotify.com/track/387ZTKanhRfPXazSyzTWUj;D:\dev\SB19\saved_pages\sb19_christmas_party_sb19_version_20260126_220901.html
2026-01-26 22:09:11;golden hour (SB19 Remix);SB19;20929988;https://open.spotify.com/track/4cGKycusCcECMX79k4NQwS;D:\dev\SB19\saved_pages\sb19_golden_hour_sb19_remix_20260126_220911.html
2026-01-26 22:09:21;Moonlight;SB19;22569048;https://open.spotify.com/track/1xAYG31LamC5qlykRhbWxd;D:\dev\SB19\saved_pages\sb19_moonlight_20260126_220920.html
2026-01-26 22:09:30;Ready;SB19;9690808;https://open.spotify.com/track/4JZocgyzKHdRF0iSOcodJn;D:\dev\SB19\saved_pages\sb19_ready_20260126_220930.html
2026-01-26 22:09:40;KALAKAL;SB19;21665691;https://open.spotify.com/track/1cFGU7MQu0mHS5uVyD1STP;D:\dev\SB19\saved_pages\sb19_kalakal_20260126_220940.html
2026-01-26 22:09:50;MAPA (Indonesian Version);SB19;7370308;https://open.spotify.com/track/23FJNFAeNLzAuFORNvyBFf;D:\dev\SB19\saved_pages\sb19_mapa_indonesian_version_20260126_220949.html
2026-01-26 22:09:59;Umaaligid;SB19;13003709;https://open.spotify.com/track/5XYYmsZJG5qIBAniny4bHe;D:\dev\SB19\saved_pages\sb19_umaaligid_20260126_220959.html
2026-01-26 22:10:09;Burn The Flame;SB19;2958651;https://open.spotify.com/track/3mvN8n8mg7X41CbGvc7xYU;D:\dev\SB19\saved_pages\sb19_burn_the_flame_20260126_221009.html
2026-01-26 22:10:18;Burn The Flame (Taglish Version);SB19;810704;https://open.spotify.com/track/0aKGIF1iGjV6D6vXYDJgyy;D:\dev\SB19\saved_pages\sb19_burn_the_flame_taglish_version_20260126_221018.html
2026-01-26 22:10:28;Burn The Flame (Karaoke Version);SB19;195831;https://open.spotify.com/track/38UTDIDP582bP8ZAU20bsT;D:\dev\SB19\saved_pages\sb19_burn_the_flame_karaoke_version_20260126_221028.html
2026-01-26 22:10:38;Burn The Flame (Instrumental);SB19;137183;https://open.spotify.com/track/1MLMEY4ahXUjTcmi01s4jA;D:\dev\SB19\saved_pages\sb19_burn_the_flame_instrumental_20260126_221038.html
2026-01-26 22:10:47;Love Yours;SB19;5504385;https://open.spotify.com/track/62iq4hiMI4CxLek4nYI14R;D:\dev\SB19\saved_pages\sb19_love_yours_20260126_221047.html
2026-01-26 22:10:57;Kapangyarihan;SB19;23061455;https://open.spotify.com/track/6FFtbC1K2aNeCS376paoHN;D:\dev\SB19\saved_pages\sb19_kapangyarihan_20260126_221057.html
2026-01-26 22:11:07;The One;SB19;8880350;https://open.spotify.com/track/5SZPGItm64sVZ8KVYmoV4N;D:\dev\SB19\saved_pages\sb19_the_one_20260126_221106.html
2026-01-26 22:11:16;Merry Munchkins (SB19 Version);SB19;2733594;https://open.spotify.com/track/3r3U5OpESU60BAVT11KuYS;D:\dev\SB19\saved_pages\sb19_merry_munchkins_sb19_version_20260126_221116.html
2026-01-26 22:11:26;Live It Up;SB19;3921716;https://open.spotify.com/track/42D9L3kTskZ5anDWGBhtEk;D:\dev\SB19\saved_pages\sb19_live_it_up_20260126_221126.html
2026-01-26 22:11:35;Make Your Green Mark;SB19;2453686;https://open.spotify.com/track/0thBJj3R0mM8mLwe2WMJI1;D:\dev\SB19\saved_pages\sb19_make_your_green_mark_20260126_221135.html
2026-01-26 22:11:45;Ace Your World;SB19;3085445;https://open.spotify.com/track/3lgJ5YAfc6wxVB9xpUDyH9;D:\dev\SB19\saved_pages\sb19_ace_your_world_20260126_221145.html
2026-01-26 22:11:55;Reset;SB19;3166976;https://open.spotify.com/track/6a7itY9YQTkmb8oMwwmhRp;D:\dev\SB19\saved_pages\sb19_reset_20260126_221155.html
2026-01-26 22:12:05;Tahanan;SB19;1618360;https://open.spotify.com/track/6XOT8LCjly8StKCooz6pp1;D:\dev\SB19\saved_pages\sb19_tahanan_20260126_221204.html
2026-01-26 22:12:14;G Pa Rin Ang Pasko;SB19;796732;https://open.spotify.com/track/0JYEUl8iJovowKP7Xi6mSM;D:\dev\SB19\saved_pages\sb19_g_pa_rin_ang_pasko_20260126_221214.html
2026-01-26 22:12:24;Ready, Set, G!;SB19;1134886;https://open.spotify.com/track/3RFGJAl8B1MiW4Ti6qvGeq;D:\dev\SB19\saved_pages\sb19_ready_set_g_20260126_221224.html
2026-01-26 22:12:34;We Wish You A Merry GCash;SB19;1322006;https://open.spotify.com/track/7H2N6amk6lmn9oahy3qxQl;D:\dev\SB19\saved_pages\sb19_we_wish_you_a_merry_gcash_20260126_221234.html
2026-01-26 22:12:43;Make It Merry, I-GCash Mo;SB19;1000941;https://open.spotify.com/track/1cTLpJs2LHvA0q5Z6YWzbD;D:\dev\SB19\saved_pages\sb19_make_it_merry_i_gcash_mo_20260126_221243.html
2026-01-26 22:12:53;Tara, Summer Na!;SB19;1897521;https://open.spotify.com/track/5RbO3gk0BiIfoFop0un9Dn;D:\dev\SB19\saved_pages\sb19_tara_summer_na_20260126_221253.html
2026-01-26 22:13:03;TM Doble Dekada (Samahang Pina-Easy);SB19;2844559;https://open.spotify.com/track/5pSDEveqgXTvPU102hAIY1;D:\dev\SB19\saved_pages\sb19_tm_doble_dekada_samahang_pina_easy_20260126_221303.html
2026-01-26 22:13:12;Dobleng GV sa FunPasko (Noon, Ngayon, Palagi);SB19;673224;https://open.spotify.com/track/5hVNG3wLy8rSSCqShicG4I;D:\dev\SB19\saved_pages\sb19_dobleng_gv_sa_funpasko_noon_ngayon_palagi_20260126_221312.html
2026-01-26 22:13:22;TM FunPasko (Samahang Pina-Easy);SB19;902258;https://open.spotify.com/track/1ZLVZ75W0ZNqiuzQPbz3ZG;D:\dev\SB19\saved_pages\sb19_tm_funpasko_samahang_pina_easy_20260126_221322.html
2026-01-26 22:13:32;Push Ang Pusuan;SB19;3471124;https://open.spotify.com/track/2hUZkOBSRlp6uB9hXvYgPi;D:\dev\SB19\saved_pages\sb19_push_ang_pusuan_20260126_221332.html
2026-01-26 22:13:42;Team Tayo;SB19;1055952;https://open.spotify.com/track/3aKVPphQZ3kjwY7Tn1TUhP;D:\dev\SB19\saved_pages\sb19_team_tayo_20260126_221341.html
2026-01-26 22:13:51;Ating Pasko;SB19;2426357;https://open.spotify.com/track/7y5C9pM3gt7WNoiSzFHcGN;D:\dev\SB19\saved_pages\sb19_ating_pasko_20260126_221351.html
2026-01-26 22:14:01;La Luna;PABLO;17422375;https://open.spotify.com/track/2UH7vzHodDdXtNyPEeHkb7;D:\dev\SB19\saved_pages\pablo_la_luna_20260126_221401.html
2026-01-26 22:14:20;Presyon;PABLO;2642671;https://open.spotify.com/track/7cErqp4Jg64PcqAE0uYeZP;D:\dev\SB19\saved_pages\pablo_presyon_20260126_221420.html
2026-01-26 22:14:30;Wala;PABLO;2876906;https://open.spotify.com/track/5gLNDt687YE0Zgad2yaaAD;D:\dev\SB19\saved_pages\pablo_wala_20260126_221430.html
2026-01-26 22:14:40;The Boy Who Cried Wolf;PABLO;4886299;https://open.spotify.com/track/3dNKnbTBjliNTwCeLqlMG3;D:\dev\SB19\saved_pages\pablo_the_boy_who_cried_wolf_20260126_221440.html
2026-01-26 22:14:50;Kumunoy;PABLO;3963104;https://open.spotify.com/track/6WkQrra0cZQAo42aMxdT2X;D:\dev\SB19\saved_pages\pablo_kumunoy_20260126_221450.html
2026-01-26 22:14:59;Kelan;PABLO;2438594;https://open.spotify.com/track/39aItIaR9sIBz3EP8RXuhs;D:\dev\SB19\saved_pages\pablo_kelan_20260126_221459.html
2026-01-26 22:15:09;Drowning in the Water;PABLO;5618992;https://open.spotify.com/track/6065mStxNxs8sCy3yCrg8H;D:\dev\SB19\saved_pages\pablo_drowning_in_the_water_20260126_221509.html
2026-01-26 22:15:19;Breathe (Outro);PABLO;1893644;https://open.spotify.com/track/2lKyuf60Q5qSwTF0dl7qM6;D:\dev\SB19\saved_pages\pablo_breathe_outro_20260126_221518.html
2026-01-26 22:15:28;Neumun;PABLO;3660289;https://open.spotify.com/track/4DF1e91DMTM4oTpW8jgsP2;D:\dev\SB19\saved_pages\pablo_neumun_20260126_221528.html
2026-01-26 22:15:38;Don't Care;PABLO;2783190;https://open.spotify.com/track/06YsrZvTJmdPNXY5La1jFK;D:\dev\SB19\saved_pages\pablo_don_t_care_20260126_221538.html
2026-01-26 22:15:47;Butata;PABLO;6639137;https://open.spotify.com/track/68hXl4L5vCusj8U2QlC73D;D:\dev\SB19\saved_pages\pablo_butata_20260126_221547.html
2026-01-26 22:15:57;Puyat;PABLO;3183955;https://open.spotify.com/track/5EiD5Pk0Wv6dkHS1ZpNvzE;D:\dev\SB19\saved_pages\pablo_puyat_20260126_221557.html
2026-01-26 22:16:07;Blessed;PABLO;4051914;https://open.spotify.com/track/4hdPboEAxOZjaaHML4q62u;D:\dev\SB19\saved_pages\pablo_blessed_20260126_221607.html
2026-01-26 22:16:16;Tambol (Ibang Planeta);PABLO;2498268;https://open.spotify.com/track/753jWXJVBxK6cuYDUVbeux;D:\dev\SB19\saved_pages\pablo_tambol_ibang_planeta_20260126_221616.html
2026-01-26 22:16:26;Micha!;PABLO;3452169;https://open.spotify.com/track/7F3NzrsN3zNGcIP2FbUYUo;D:\dev\SB19\saved_pages\pablo_micha_20260126_221626.html
2026-01-26 22:16:36;DETERMINADO;PABLO;6313050;https://open.spotify.com/track/0hQJzMEbXg8ssQwgMbJUbw;D:\dev\SB19\saved_pages\pablo_determinado_20260126_221636.html
2026-01-26 22:16:47;AKALA;PABLO;5372749;https://open.spotify.com/track/5w4CLRxwroocAzFiJ568oY;D:\dev\SB19\saved_pages\pablo_akala_20260126_221647.html
2026-01-26 22:16:57;edsa;PABLO;7830957;https://open.spotify.com/track/64p2tRd4zsBsJUucEnfWrX;D:\dev\SB19\saved_pages\pablo_edsa_20260126_221657.html
2026-01-26 22:17:07;Liwanag sa Dilim (from Incognito);PABLO;6322113;https://open.spotify.com/track/3Ynpt5qseTmDdl9bN21FNJ;D:\dev\SB19\saved_pages\pablo_liwanag_sa_dilim_from_incognito_20260126_221707.html
2026-01-26 22:17:16;Palayo;FELIP;12315947;https://open.spotify.com/track/3FvYLNM5ShB5vDCzGw8syX;D:\dev\SB19\saved_pages\felip_palayo_20260126_221716.html
2026-01-26 22:17:26;Bulan;FELIP;6676584;https://open.spotify.com/track/2qYmu6Obx3NW1VeNOiCFMK;D:\dev\SB19\saved_pages\felip_bulan_20260126_221726.html
2026-01-26 22:17:36;ROCKSTA;FELIP;6394522;https://open.spotify.com/track/5UhtleGyBZJCvG8cstjLkr;D:\dev\SB19\saved_pages\felip_rocksta_20260126_221736.html
2026-01-26 22:17:46;SUPERIORITY;FELIP;3682744;https://open.spotify.com/track/3Tzmy7ExNOlP0tdDr9sjUT;D:\dev\SB19\saved_pages\felip_superiority_20260126_221746.html
2026-01-26 22:17:55;MICTEST;FELIP;4215247;https://open.spotify.com/track/5MC8Oxr5FTIQYJ6f7Cg6gR;D:\dev\SB19\saved_pages\felip_mictest_20260126_221755.html
2026-01-26 22:18:05;DRINKSMOKE;FELIP;5253348;https://open.spotify.com/track/29UIvWBrkjWtVuSEyexLt1;D:\dev\SB19\saved_pages\felip_drinksmoke_20260126_221805.html
2026-01-26 22:18:14;CRIMINAL;FELIP;6556289;https://open.spotify.com/track/4YPz66cDppOl9KVUOCpBV5;D:\dev\SB19\saved_pages\felip_criminal_20260126_221814.html
2026-01-26 22:18:24;STRAYDOGS;FELIP;5575754;https://open.spotify.com/track/03aFaNBeCXmFl194HuyWKe;D:\dev\SB19\saved_pages\felip_straydogs_20260126_221824.html
2026-01-26 22:18:34;Kanako;FELIP;9752739;https://open.spotify.com/track/76hOMoRACZOQq5CfqSNU9i;D:\dev\SB19\saved_pages\felip_kanako_20260126_221834.html
2026-01-26 22:18:43;Moving Closer;FELIP;10308455;https://open.spotify.com/track/59PCn7ObERln3cPl84CGx6;D:\dev\SB19\saved_pages\felip_moving_closer_20260126_221843.html
2026-01-26 22:18:53;FLYYY;FELIP;3508211;https://open.spotify.com/track/0PWBx43woMnsyUC72NC1Gl;D:\dev\SB19\saved_pages\felip_flyyy_20260126_221853.html
2026-01-26 22:19:03;Pagdali;FELIP;3401123;https://open.spotify.com/track/7fMR5ryCo3m38yyj1PCym4;D:\dev\SB19\saved_pages\felip_pagdali_20260126_221903.html
2026-01-26 22:19:13;Fake Faces;FELIP;8778459;https://open.spotify.com/track/4ntKnZnztFdovszJpIoeVO;D:\dev\SB19\saved_pages\felip_fake_faces_20260126_221912.html
2026-01-26 22:19:22;foes;FELIP;2387891;https://open.spotify.com/track/5IyWs6bAMeT9vPUiUVgSdd;D:\dev\SB19\saved_pages\felip_foes_20260126_221922.html
2026-01-26 22:19:32;envy;FELIP;3412705;https://open.spotify.com/track/6uJggzzrSE5tK9CRTZejgm;D:\dev\SB19\saved_pages\felip_envy_20260126_221932.html
2026-01-26 22:19:41;wrath;FELIP;2024363;https://open.spotify.com/track/12VANuhDUHnXRtRG6YP72a;D:\dev\SB19\saved_pages\felip_wrath_20260126_221941.html
2026-01-26 22:19:51;greed;FELIP;3314843;https://open.spotify.com/track/3foNAstTb7fdbbfFnKwn28;D:\dev\SB19\saved_pages\felip_greed_20260126_221951.html
2026-01-26 22:20:01;pride;FELIP;1920048;https://open.spotify.com/track/1jZET8rPE5RWZZrkCM2toY;D:\dev\SB19\saved_pages\felip_pride_20260126_222001.html
2026-01-26 22:20:10;gluttony;FELIP;1717991;https://open.spotify.com/track/216LlnUj3GfZ0yE2hXZxm0;D:\dev\SB19\saved_pages\felip_gluttony_20260126_222010.html
2026-01-26 22:20:20;lust;FELIP;3494901;https://open.spotify.com/track/70kZ4pCeZ0WIanftduEDov;D:\dev\SB19\saved_pages\felip_lust_20260126_222020.html
2026-01-26 22:20:30;sloth;FELIP;2546878;https://open.spotify.com/track/6PJLoGD9KpyMSx8j7vVWHq;D:\dev\SB19\saved_pages\felip_sloth_20260126_222030.html
2026-01-26 22:20:39;ache;FELIP;4508164;https://open.spotify.com/track/3G3ZYOLBcjbIv0GDlIoZeh;D:\dev\SB19\saved_pages\felip_ache_20260126_222039.html
2026-01-26 22:20:49;ID;FELIP;2398215;https://open.spotify.com/track/2cXkFKFgEW5Myc0yNy6CqL;D:\dev\SB19\saved_pages\felip_id_20260126_222049.html
2026-01-26 22:20:59;KAWASAKI;FELIP;1652986;https://open.spotify.com/track/37ifPBg9M2NzlRNHe9WUIy;D:\dev\SB19\saved_pages\felip_kawasaki_20260126_222059.html
2026-01-26 22:21:08;Palayo - Live Band Ver;FELIP;2227420;https://open.spotify.com/track/6gdcXFz1q9WKAlB2ybVM3F;D:\dev\SB19\saved_pages\felip_palayo_live_band_ver_20260126_222108.html
2026-01-26 22:21:18;Bulan - Live Band Ver;FELIP;1945954;https://open.spotify.com/track/048YgXKAXF8eTwMCfYylhD;D:\dev\SB19\saved_pages\felip_bulan_live_band_ver_20260126_222118.html
2026-01-26 22:21:28;Palayo Inst.;FELIP;1259811;https://open.spotify.com/track/2RfXO3QnM6gG75Pxu04OqS;D:\dev\SB19\saved_pages\felip_palayo_inst_20260126_222128.html
2026-01-26 22:21:37;Bulan Inst.;FELIP;1184554;https://open.spotify.com/track/4iGoucvzYCbJtG4n4wnJjB;D:\dev\SB19\saved_pages\felip_bulan_inst_20260126_222137.html
2026-01-26 22:21:47;Moving Closer - From The Cafe;FELIP;2203480;https://open.spotify.com/track/1kAyLWCiJfTDhm56kaOXnO;D:\dev\SB19\saved_pages\felip_moving_closer_from_the_cafe_20260126_222147.html
2026-01-26 22:21:57;Moving Closer - From The Lounge;FELIP;1525990;https://open.spotify.com/track/0cd2BCuzH8Vub1cS2eKU7M;D:\dev\SB19\saved_pages\felip_moving_closer_from_the_lounge_20260126_222157.html
2026-01-26 22:22:06;ID (new version);FELIP;184958;https://open.spotify.com/track/7Fu45FLLaE1s0eg8DF5UqT;D:\dev\SB19\saved_pages\felip_id_new_version_20260126_222206.html
2026-01-26 22:22:16;ROCKSTA (Superior Session Live);FELIP;1499473;https://open.spotify.com/track/5EP2vLFwMHpWFWeZVvt3jU;D:\dev\SB19\saved_pages\felip_rocksta_superior_session_live_20260126_222216.html
2026-01-26 22:22:26;SUPERIORITY (Superior Session Live);FELIP;1400007;https://open.spotify.com/track/5VmjG0uTHcrn43Ynetfomd;D:\dev\SB19\saved_pages\felip_superiority_superior_session_live_20260126_222226.html
2026-01-26 22:22:35;MICTEST (Superior Session Live);FELIP;1331535;https://open.spotify.com/track/0FW1fvsv00RCGNPjVHJg3x;D:\dev\SB19\saved_pages\felip_mictest_superior_session_live_20260126_222235.html
2026-01-26 22:22:45;DRINKSMOKE (Superior Session Live);FELIP;1510835;https://open.spotify.com/track/5Iw7boOrwCpWlaJtNTTHG6;D:\dev\SB19\saved_pages\felip_drinksmoke_superior_session_live_20260126_222245.html
2026-01-26 22:22:55;CRIMINAL (Superior Session Live);FELIP;1703365;https://open.spotify.com/track/2FxQjJcpsdHQHTqjVhlqP4;D:\dev\SB19\saved_pages\felip_criminal_superior_session_live_20260126_222255.html
2026-01-26 22:23:04;STRAYDOGS (Superior Session Live);FELIP;1334818;https://open.spotify.com/track/4W28quZaVhLdbpojBeooaZ;D:\dev\SB19\saved_pages\felip_straydogs_superior_session_live_20260126_222304.html
2026-01-26 22:23:14;to sin is human, to forgive is divine - live;FELIP;154070;https://open.spotify.com/track/5lbuH5ieouWZ43qHAcCK08;D:\dev\SB19\saved_pages\felip_to_sin_is_human_to_forgive_is_divine_live_20260126_222314.html
2026-01-26 22:23:24;foes - live;FELIP;147841;https://open.spotify.com/track/44TFeq1FSLniRzbThYVWom;D:\dev\SB19\saved_pages\felip_foes_live_20260126_222323.html
2026-01-26 22:23:33;envy - live;FELIP;130779;https://open.spotify.com/track/41gwpmt6wVdwDgjE430dm6;D:\dev\SB19\saved_pages\felip_envy_live_20260126_222333.html
2026-01-26 22:23:43;greed - live;FELIP;141504;https://open.spotify.com/track/5fWWoFfmqwBhBq93Rc6YqB;D:\dev\SB19\saved_pages\felip_greed_live_20260126_222343.html
2026-01-26 22:23:52;lust - live;FELIP;136631;https://open.spotify.com/track/2hlY0jd3uRy5i7SuN1oz7Z;D:\dev\SB19\saved_pages\felip_lust_live_20260126_222352.html
2026-01-26 22:24:02;pride - live;FELIP;123759;https://open.spotify.com/track/45ZCoFCk3DL7d84d7bwWdz;D:\dev\SB19\saved_pages\felip_pride_live_20260126_222402.html
2026-01-26 22:24:12;gluttony (feat. PLAYERTWO) - live;FELIP;125336;https://open.spotify.com/track/0HaZMHBzZOYqdEcCtzAHEU;D:\dev\SB19\saved_pages\felip_gluttony_feat_playertwo_live_20260126_222412.html
2026-01-26 22:24:22;wrath - live;FELIP;136868;https://open.spotify.com/track/5ykca7sZJ8OAUepkUGIdRE;D:\dev\SB19\saved_pages\felip_wrath_live_20260126_222421.html
2026-01-26 22:24:31;tokyo - live;FELIP;596568;https://open.spotify.com/track/5KKi1lmsdHfm4IYZ1YSy94;D:\dev\SB19\saved_pages\felip_tokyo_live_20260126_222431.html
2026-01-26 22:24:41;sloth - live;FELIP;132325;https://open.spotify.com/track/6dmzbxC4WjfB3ucXZUUaO5;D:\dev\SB19\saved_pages\felip_sloth_live_20260126_222441.html
2026-01-26 22:24:50;grace - live;FELIP;138857;https://open.spotify.com/track/6HsmDcIbYCn7YzWBUKEucW;D:\dev\SB19\saved_pages\felip_grace_live_20260126_222450.html
2026-01-26 22:25:03;ache - live;FELIP;162945;https://open.spotify.com/track/4lQY03QyHAKDj6XdDgVDcL;D:\dev\SB19\saved_pages\felip_ache_live_20260126_222503.html
2026-01-26 22:25:12;WILD TONIGHT;JOSH CULLEN;9709209;https://open.spotify.com/track/4yBwaJUom5dOYp54wU6hA2;D:\dev\SB19\saved_pages\josh_cullen_wild_tonight_20260126_222512.html
2026-01-26 22:25:22;Pakiusap Lang;JOSH CULLEN;5252627;https://open.spotify.com/track/6trU06kJgdYaPqRUvz5K9e;D:\dev\SB19\saved_pages\josh_cullen_pakiusap_lang_20260126_222522.html
2026-01-26 22:25:31;GET RIGHT;JOSH CULLEN;4605118;https://open.spotify.com/track/56FnjRDkdoCV5lVSyuQ9MU;D:\dev\SB19\saved_pages\josh_cullen_get_right_20260126_222531.html
2026-01-26 22:25:41;Yoko Na;JOSH CULLEN;10345978;https://open.spotify.com/track/6SIaYQUPOJpO8XFWeTl5dC;D:\dev\SB19\saved_pages\josh_cullen_yoko_na_20260126_222541.html
2026-01-26 22:25:51;1999;JOSH CULLEN;6206188;https://open.spotify.com/track/0PMfgKba5PLGETb02cDcMg;D:\dev\SB19\saved_pages\josh_cullen_1999_20260126_222551.html
2026-01-26 22:26:00;See Me;JOSH CULLEN;2906038;https://open.spotify.com/track/5jH6p468HtmNHdJiubGQ6t;D:\dev\SB19\saved_pages\josh_cullen_see_me_20260126_222600.html
2026-01-26 22:26:10;Silent Cries;JOSH CULLEN;3818181;https://open.spotify.com/track/1x0Y2jS5oJW4Q3aU9jZBER;D:\dev\SB19\saved_pages\josh_cullen_silent_cries_20260126_222610.html
2026-01-26 22:26:20;Honest;JOSH CULLEN;2633856;https://open.spotify.com/track/1Rl5KDAu4wrUsQZZtD2hiy;D:\dev\SB19\saved_pages\josh_cullen_honest_20260126_222620.html
2026-01-26 22:26:29;No Control;JOSH CULLEN;2185312;https://open.spotify.com/track/0Rg0DIhiShdvZvF7snNZIt;D:\dev\SB19\saved_pages\josh_cullen_no_control_20260126_222629.html
2026-01-26 22:26:39;Lights Out;JOSH CULLEN;1946058;https://open.spotify.com/track/2TQQX4gYeQmobxNEXwtrZ3;D:\dev\SB19\saved_pages\josh_cullen_lights_out_20260126_222639.html
2026-01-26 22:26:49;Sumaya;JOSH CULLEN;5296596;https://open.spotify.com/track/2qKu8tPpilCBJqxzGWcOaC;D:\dev\SB19\saved_pages\josh_cullen_sumaya_20260126_222649.html
2026-01-26 22:26:58;Silent Cries (Instrumental);JOSH CULLEN;529443;https://open.spotify.com/track/5FQodaxJAZTUPjdpbDT9pa;D:\dev\SB19\saved_pages\josh_cullen_silent_cries_instrumental_20260126_222658.html
2026-01-26 22:27:09;No Control (Instrumental);JOSH CULLEN;516497;https://open.spotify.com/track/65LG9NubWQtyImpyNXotHo;D:\dev\SB19\saved_pages\josh_cullen_no_control_instrumental_20260126_222709.html
2026-01-26 22:27:19;Takbuhan;JOSH CULLEN;911920;https://open.spotify.com/track/3RCVzaTWA7h1SR0nWQtIk1;D:\dev\SB19\saved_pages\josh_cullen_takbuhan_20260126_222719.html
2026-01-26 22:27:29;Re: Thinkin' About You;JOSH CULLEN;4237586;https://open.spotify.com/track/2R1CjdVdXz7frvQRwCdQa6;D:\dev\SB19\saved_pages\josh_cullen_re_thinkin_about_you_20260126_222729.html
2026-01-26 22:27:38;Room;Stell;11941732;https://open.spotify.com/track/1PLKN0HC7m5drBHg0jarZE;D:\dev\SB19\saved_pages\stell_room_20260126_222738.html
2026-01-26 22:27:48;Anino;Stell;6049123;https://open.spotify.com/track/5tMJZOyBv8t49i9elHuQZF;D:\dev\SB19\saved_pages\stell_anino_20260126_222748.html
2026-01-26 22:27:58;'Di Ko Masabi;Stell;7595865;https://open.spotify.com/track/3JEE0hhTI6u9CEZCZWalKe;D:\dev\SB19\saved_pages\stell_di_ko_masabi_20260126_222758.html
2026-01-26 22:28:07;Classic;Stell;6508772;https://open.spotify.com/track/15bdfvbGida1Z8OVZ0YvSQ;D:\dev\SB19\saved_pages\stell_classic_20260126_222807.html
2026-01-26 22:28:17;Room (Stripped);Stell;4738607;https://open.spotify.com/track/6fwpkEZRQZ8Kr5Ws4q0Kyn;D:\dev\SB19\saved_pages\stell_room_stripped_20260126_222817.html
2026-01-26 22:28:26;Surreal;justin;14922027;https://open.spotify.com/track/5TT4xi1HEPTkVTO59jY3tz;D:\dev\SB19\saved_pages\justin_surreal_20260126_222826.html
2026-01-26 22:28:36;Sunday Morning;justin;5412605;https://open.spotify.com/track/3sp427zYHOXL3LPCYgwuRv;D:\dev\SB19\saved_pages\justin_sunday_morning_20260126_222836.html
2026-01-26 22:28:46;Kaibigan;justin;8768802;https://open.spotify.com/track/3rwioq6hSNjwynK8rVPCma;D:\dev\SB19\saved_pages\justin_kaibigan_20260126_222845.html
2026-01-26 22:28:55;Sampung Mga Daliri;justin;7529026;https://open.spotify.com/track/2MHg2BVPaTgiCUDWp2jZqf;D:\dev\SB19\saved_pages\justin_sampung_mga_daliri_20260126_222855.html
2026-01-26 22:29:05;GENTO - From THE FIRST TAKE;SB19;7017458;https://open.spotify.com/track/2h7syqD1QScej4PqMxJfp2;D:\dev\SB19\saved_pages\sb19_gento_from_the_first_take_20260126_222905.html
2026-01-26 22:29:14;MAPA - From THE FIRST TAKE;SB19;5167425;https://open.spotify.com/track/4MZbVDIPOYmPkjcVqpPe9v;D:\dev\SB19\saved_pages\sb19_mapa_from_the_first_take_20260126_222914.html
2026-01-26 22:29:24;DAM - From THE FIRST TAKE;SB19;2039525;https://open.spotify.com/track/14WOLW4oTwD7Mh9eb0hLDs;D:\dev\SB19\saved_pages\sb19_dam_from_the_first_take_20260126_222924.html
2026-01-26 22:29:34;Time - From THE FIRST TAKE;SB19;2159401;https://open.spotify.com/track/1ctnGFHyklJbmHLyaDYtyg;D:\dev\SB19\saved_pages\sb19_time_from_the_first_take_20260126_222934.html
2026-01-26 22:29:43;Moonlight (Ian Asher Club Mix);SB19;2934582;https://open.spotify.com/track/5YYzdzlunDyLDwlM40W0Gc;D:\dev\SB19\saved_pages\sb19_moonlight_ian_asher_club_mix_20260126_222943.html
2026-01-26 22:29:53;Umaaligid (Extended Ver.);SB19;2717667;https://open.spotify.com/track/1XFHLGwXrlL0FpJgRcFYTI;D:\dev\SB19\saved_pages\sb19_umaaligid_extended_ver_20260126_222953.html
2026-01-26 22:31:20;Love Yours (DIOR & RealBros Remix);SB19;863335;https://open.spotify.com/track/3qw9D8YC0sezDriUMx5lRG;D:\dev\SB19\saved_pages\sb19_love_yours_dior_realbros_remix_20260126_223120.html
2026-01-26 22:31:30;What? - Extended Version;SB19;6286493;https://open.spotify.com/track/7jn2llkeDI9IRROCYNa7sL;D:\dev\SB19\saved_pages\sb19_what_extended_version_20260126_223130.html
2026-01-28 17:27:29;Tilaluha;SB19;23614157;https://open.spotify.com/track/0fPJsVtCOXqjHxKS9kc13s;D:\dev\sb19\saved_pages\sb19_tilaluha_20260128_172729.html
2026-01-28 17:27:42;Go Up;SB19;26752526;https://open.spotify.com/track/5VoY18OYEE2E6RJCBd2jki;D:\dev\sb19\saved_pages\sb19_go_up_20260128_172742.html
2026-01-28 17:27:53;Alab (Burning);SB19;22570389;https://open.spotify.com/track/053ZzdU3Rya4NMxiWMPqnq;D:\dev\sb19\saved_pages\sb19_alab_burning_20260128_172753.html
2026-01-28 17:28:03;Hanggang Sa Huli;SB19;32231683;https://open.spotify.com/track/2WUhR1SraSy0SVIQKohJb6;D:\dev\sb19\saved_pages\sb19_hanggang_sa_huli_20260128_172803.html
2026-01-28 17:28:13;Love Goes;SB19;11129125;https://open.spotify.com/track/5p70OUKixtLRpnK5uSdqro;D:\dev\sb19\saved_pages\sb19_love_goes_20260128_172813.html
2026-01-28 17:28:22;Love Goes (EDM Version);SB19;7129092;https://open.spotify.com/track/0LAh3hfeuUekvLm3Nq6MmA;D:\dev\sb19\saved_pages\sb19_love_goes_edm_version_20260128_172822.html
2026-01-28 17:28:32;'Wag Mong Ikunot Ang Iyong Noo;SB19;9448812;https://open.spotify.com/track/5sJxhdzehdLq9iPzNnTR71;D:\dev\sb19\saved_pages\sb19_wag_mong_ikunot_ang_iyong_noo_20260128_172832.html
2026-01-28 17:28:42;Tilaluha (Instrumental);SB19;2210337;https://open.spotify.com/track/5lMxdErNKHh797tOT3mBvk;D:\dev\sb19\saved_pages\sb19_tilaluha_instrumental_20260128_172842.html
2026-01-28 17:28:53;Hanggang Sa Huli (Instrumental);SB19;2319292;https://open.spotify.com/track/6JZkWjVjOQAUPzNfGr4Dp0;D:\dev\sb19\saved_pages\sb19_hanggang_sa_huli_instrumental_20260128_172853.html
2026-01-28 17:29:03;What?;SB19;25682295;https://open.spotify.com/track/1evZendZnEe8a8eXjd1Bcn;D:\dev\sb19\saved_pages\sb19_what_20260128_172903.html
2026-01-28 17:29:12;MAPA;SB19;85940173;https://open.spotify.com/track/6Fz2TpxUD0YvAPsuG8nDMJ;D:\dev\sb19\saved_pages\sb19_mapa_20260128_172912.html
2026-01-28 17:29:23;Bazinga;SB19;31743866;https://open.spotify.com/track/5QZw4F3N3PvuKNKHm9L20b;D:\dev\sb19\saved_pages\sb19_bazinga_20260128_172923.html
2026-01-28 17:29:33;SLMT;SB19;17456326;https://open.spotify.com/track/0AbJoAxuqYgMrmXvtFOc0K;D:\dev\sb19\saved_pages\sb19_slmt_20260128_172933.html
2026-01-28 17:29:42;Mana;SB19;20762101;https://open.spotify.com/track/0EtkP3TUHvTeDIgrpgMS8m;D:\dev\sb19\saved_pages\sb19_mana_20260128_172942.html
2026-01-28 17:29:52;Ikako;SB19;14724299;https://open.spotify.com/track/5qHUmt5jIvDaOzMXiX533o;D:\dev\sb19\saved_pages\sb19_ikako_20260128_172952.html
2026-01-28 17:30:02;Gento;SB19;75781652;https://open.spotify.com/track/1o6uF8VmXna99ysHTcQRI2;D:\dev\sb19\saved_pages\sb19_gento_20260128_173002.html
2026-01-28 17:30:12;I Want You;SB19;31523800;https://open.spotify.com/track/16GGH8OF6LiSUTTbm8421f;D:\dev\sb19\saved_pages\sb19_i_want_you_20260128_173012.html
2026-01-28 17:30:22;Ilaw;SB19;19705953;https://open.spotify.com/track/4zoqT3f80GyytJvnhVHgEl;D:\dev\sb19\saved_pages\sb19_ilaw_20260128_173021.html
2026-01-28 17:30:31;Crimzone;SB19;25335903;https://open.spotify.com/track/5GcS9zT4iIL7l0JrqZeG6O;D:\dev\sb19\saved_pages\sb19_crimzone_20260128_173031.html
2026-01-28 17:30:41;LIHAM;SB19;20098910;https://open.spotify.com/track/5MQ1nQ0MZMRO4yPQWdCeEb;D:\dev\sb19\saved_pages\sb19_liham_20260128_173041.html
2026-01-28 17:30:51;Freedom;SB19;16408280;https://open.spotify.com/track/2CuYpdcx2f9XbMZhc3ST8E;D:\dev\sb19\saved_pages\sb19_freedom_20260128_173051.html
2026-01-28 17:31:01;DAM;SB19;60506458;https://open.spotify.com/track/1NNsL6tYk06TqTea3mKB9P;D:\dev\sb19\saved_pages\sb19_dam_20260128_173101.html
2026-01-28 17:31:11;Time;SB19;21906177;https://open.spotify.com/track/1OvE4CwaIZJ89Eq0qXGCEF;D:\dev\sb19\saved_pages\sb19_time_20260128_173110.html
2026-01-28 17:31:21;8TonBall;SB19;15863178;https://open.spotify.com/track/7AqrfyOdFWPnjQrgzWzcUz;D:\dev\sb19\saved_pages\sb19_8tonball_20260128_173120.html
2026-01-28 17:31:30;Quit;SB19;16932262;https://open.spotify.com/track/7oIQWmbKShhEt2yTSBxNpu;D:\dev\sb19\saved_pages\sb19_quit_20260128_173130.html
2026-01-28 17:31:40;Shooting for the Stars;SB19;14853133;https://open.spotify.com/track/6q3qzeZgWgoFrV6DmaZr1R;D:\dev\sb19\saved_pages\sb19_shooting_for_the_stars_20260128_173140.html
2026-01-28 17:31:50;Dungka!;SB19;27659446;https://open.spotify.com/track/7mqsPvhSR1CtY6PkTf1YVy;D:\dev\sb19\saved_pages\sb19_dungka_20260128_173150.html
2026-01-28 17:31:59;DAM (Extended Ver.);SB19;18792525;https://open.spotify.com/track/0pjhHUx21NsPuSCH0H3lW6;D:\dev\sb19\saved_pages\sb19_dam_extended_ver_20260128_173159.html
2026-01-28 17:32:09;WYAT (Where You At);SB19;25036840;https://open.spotify.com/track/1z50Hub2XCsAPWo8zgoePu;D:\dev\sb19\saved_pages\sb19_wyat_where_you_at_20260128_173209.html
2026-01-28 17:32:19;Nyebe;SB19;18071380;https://open.spotify.com/track/6aLjE6peuaJQRWRgfjxrRw;D:\dev\sb19\saved_pages\sb19_nyebe_20260128_173219.html
2026-01-28 17:32:29;No Stopping You;SB19;8744230;https://open.spotify.com/track/3KDOf2p1DrKhiqX78R82sh;D:\dev\sb19\saved_pages\sb19_no_stopping_you_20260128_173229.html
2026-01-28 17:32:39;Ligaya;SB19;9698006;https://open.spotify.com/track/2lwaPRPgP9EaaMsbzVaZ3O;D:\dev\sb19\saved_pages\sb19_ligaya_20260128_173239.html
2026-01-28 17:32:48;MAPA (Band Version);SB19;27896275;https://open.spotify.com/track/0QQoU68nnBRWJqr9ak3mnS;D:\dev\sb19\saved_pages\sb19_mapa_band_version_20260128_173248.html
2026-01-28 17:32:58;Kabataang Pinoy;SB19;9093076;https://open.spotify.com/track/6aXWWGw7sQJLx82jZndSQZ;D:\dev\sb19\saved_pages\sb19_kabataang_pinoy_20260128_173258.html
2026-01-28 17:33:08;Win Your Heart;SB19;11057343;https://open.spotify.com/track/0DnNMu0v71ICscsyuQgmu3;D:\dev\sb19\saved_pages\sb19_win_your_heart_20260128_173308.html
2026-01-28 17:33:18;Christmas Party (SB19 Version);SB19;4455874;https://open.spotify.com/track/387ZTKanhRfPXazSyzTWUj;D:\dev\sb19\saved_pages\sb19_christmas_party_sb19_version_20260128_173318.html
2026-01-28 17:33:28;golden hour (SB19 Remix);SB19;20942089;https://open.spotify.com/track/4cGKycusCcECMX79k4NQwS;D:\dev\sb19\saved_pages\sb19_golden_hour_sb19_remix_20260128_173327.html
2026-01-28 17:33:37;Moonlight;SB19;22581090;https://open.spotify.com/track/1xAYG31LamC5qlykRhbWxd;D:\dev\sb19\saved_pages\sb19_moonlight_20260128_173337.html
2026-01-28 17:33:47;Ready;SB19;9699322;https://open.spotify.com/track/4JZocgyzKHdRF0iSOcodJn;D:\dev\sb19\saved_pages\sb19_ready_20260128_173347.html
2026-01-28 17:33:57;KALAKAL;SB19;21680820;https://open.spotify.com/track/1cFGU7MQu0mHS5uVyD1STP;D:\dev\sb19\saved_pages\sb19_kalakal_20260128_173357.html
2026-01-28 17:34:07;MAPA (Indonesian Version);SB19;7382644;https://open.spotify.com/track/23FJNFAeNLzAuFORNvyBFf;D:\dev\sb19\saved_pages\sb19_mapa_indonesian_version_20260128_173406.html
2026-01-28 17:34:16;Umaaligid;SB19;13029495;https://open.spotify.com/track/5XYYmsZJG5qIBAniny4bHe;D:\dev\sb19\saved_pages\sb19_umaaligid_20260128_173416.html
2026-01-28 17:34:26;Burn The Flame;SB19;2977437;https://open.spotify.com/track/3mvN8n8mg7X41CbGvc7xYU;D:\dev\sb19\saved_pages\sb19_burn_the_flame_20260128_173426.html
2026-01-28 17:34:38;Burn The Flame (Taglish Version);SB19;816438;https://open.spotify.com/track/0aKGIF1iGjV6D6vXYDJgyy;D:\dev\sb19\saved_pages\sb19_burn_the_flame_taglish_version_20260128_173438.html
2026-01-28 17:34:48;Burn The Flame (Karaoke Version);SB19;196804;https://open.spotify.com/track/38UTDIDP582bP8ZAU20bsT;D:\dev\sb19\saved_pages\sb19_burn_the_flame_karaoke_version_20260128_173448.html
2026-01-28 17:34:58;Burn The Flame (Instrumental);SB19;137897;https://open.spotify.com/track/1MLMEY4ahXUjTcmi01s4jA;D:\dev\sb19\saved_pages\sb19_burn_the_flame_instrumental_20260128_173457.html
2026-01-28 17:35:07;Love Yours;SB19;5508131;https://open.spotify.com/track/62iq4hiMI4CxLek4nYI14R;D:\dev\sb19\saved_pages\sb19_love_yours_20260128_173507.html
2026-01-28 17:35:17;Kapangyarihan;SB19;23083034;https://open.spotify.com/track/6FFtbC1K2aNeCS376paoHN;D:\dev\sb19\saved_pages\sb19_kapangyarihan_20260128_173517.html
2026-01-28 17:35:27;The One;SB19;8888882;https://open.spotify.com/track/5SZPGItm64sVZ8KVYmoV4N;D:\dev\sb19\saved_pages\sb19_the_one_20260128_173527.html
2026-01-28 17:35:37;Merry Munchkins (SB19 Version);SB19;2734399;https://open.spotify.com/track/3r3U5OpESU60BAVT11KuYS;D:\dev\sb19\saved_pages\sb19_merry_munchkins_sb19_version_20260128_173537.html
2026-01-28 17:35:47;Live It Up;SB19;3923470;https://open.spotify.com/track/42D9L3kTskZ5anDWGBhtEk;D:\dev\sb19\saved_pages\sb19_live_it_up_20260128_173547.html
2026-01-28 17:35:57;Make Your Green Mark;SB19;2454619;https://open.spotify.com/track/0thBJj3R0mM8mLwe2WMJI1;D:\dev\sb19\saved_pages\sb19_make_your_green_mark_20260128_173557.html
2026-01-28 17:36:06;Ace Your World;SB19;3087591;https://open.spotify.com/track/3lgJ5YAfc6wxVB9xpUDyH9;D:\dev\sb19\saved_pages\sb19_ace_your_world_20260128_173606.html
2026-01-28 17:36:16;Reset;SB19;3168691;https://open.spotify.com/track/6a7itY9YQTkmb8oMwwmhRp;D:\dev\sb19\saved_pages\sb19_reset_20260128_173616.html
2026-01-28 17:36:26;Tahanan;SB19;1633753;https://open.spotify.com/track/6XOT8LCjly8StKCooz6pp1;D:\dev\sb19\saved_pages\sb19_tahanan_20260128_173626.html
2026-01-28 17:36:36;G Pa Rin Ang Pasko;SB19;796732;https://open.spotify.com/track/0JYEUl8iJovowKP7Xi6mSM;D:\dev\sb19\saved_pages\sb19_g_pa_rin_ang_pasko_20260128_173636.html
2026-01-28 17:36:46;Ready, Set, G!;SB19;1134886;https://open.spotify.com/track/3RFGJAl8B1MiW4Ti6qvGeq;D:\dev\sb19\saved_pages\sb19_ready_set_g_20260128_173646.html
2026-01-28 17:36:55;We Wish You A Merry GCash;SB19;1322517;https://open.spotify.com/track/7H2N6amk6lmn9oahy3qxQl;D:\dev\sb19\saved_pages\sb19_we_wish_you_a_merry_gcash_20260128_173655.html
2026-01-28 17:37:07;Make It Merry, I-GCash Mo;SB19;1003665;https://open.spotify.com/track/1cTLpJs2LHvA0q5Z6YWzbD;D:\dev\sb19\saved_pages\sb19_make_it_merry_i_gcash_mo_20260128_173707.html
2026-01-28 17:37:17;Tara, Summer Na!;SB19;1898873;https://open.spotify.com/track/5RbO3gk0BiIfoFop0un9Dn;D:\dev\sb19\saved_pages\sb19_tara_summer_na_20260128_173717.html
2026-01-28 17:37:27;TM Doble Dekada (Samahang Pina-Easy);SB19;2846995;https://open.spotify.com/track/5pSDEveqgXTvPU102hAIY1;D:\dev\sb19\saved_pages\sb19_tm_doble_dekada_samahang_pina_easy_20260128_173727.html
2026-01-28 17:37:37;Dobleng GV sa FunPasko (Noon, Ngayon, Palagi);SB19;673457;https://open.spotify.com/track/5hVNG3wLy8rSSCqShicG4I;D:\dev\sb19\saved_pages\sb19_dobleng_gv_sa_funpasko_noon_ngayon_palagi_20260128_173737.html
2026-01-28 17:37:47;TM FunPasko (Samahang Pina-Easy);SB19;902668;https://open.spotify.com/track/1ZLVZ75W0ZNqiuzQPbz3ZG;D:\dev\sb19\saved_pages\sb19_tm_funpasko_samahang_pina_easy_20260128_173747.html
2026-01-28 17:37:56;Push Ang Pusuan;SB19;3475261;https://open.spotify.com/track/2hUZkOBSRlp6uB9hXvYgPi;D:\dev\sb19\saved_pages\sb19_push_ang_pusuan_20260128_173756.html
2026-01-28 17:38:06;Team Tayo;SB19;1056269;https://open.spotify.com/track/3aKVPphQZ3kjwY7Tn1TUhP;D:\dev\sb19\saved_pages\sb19_team_tayo_20260128_173806.html
2026-01-28 17:38:16;Ating Pasko;SB19;2426732;https://open.spotify.com/track/7y5C9pM3gt7WNoiSzFHcGN;D:\dev\sb19\saved_pages\sb19_ating_pasko_20260128_173816.html
2026-01-28 17:38:26;La Luna;PABLO;17426634;https://open.spotify.com/track/2UH7vzHodDdXtNyPEeHkb7;D:\dev\sb19\saved_pages\pablo_la_luna_20260128_173826.html
2026-01-28 17:38:47;Presyon;PABLO;2645425;https://open.spotify.com/track/7cErqp4Jg64PcqAE0uYeZP;D:\dev\sb19\saved_pages\pablo_presyon_20260128_173847.html
2026-01-28 17:38:57;Wala;PABLO;2879311;https://open.spotify.com/track/5gLNDt687YE0Zgad2yaaAD;D:\dev\sb19\saved_pages\pablo_wala_20260128_173857.html
2026-01-28 17:39:07;The Boy Who Cried Wolf;PABLO;4891758;https://open.spotify.com/track/3dNKnbTBjliNTwCeLqlMG3;D:\dev\sb19\saved_pages\pablo_the_boy_who_cried_wolf_20260128_173907.html
2026-01-28 17:39:16;Kumunoy;PABLO;3969957;https://open.spotify.com/track/6WkQrra0cZQAo42aMxdT2X;D:\dev\sb19\saved_pages\pablo_kumunoy_20260128_173916.html
2026-01-28 17:39:26;Kelan;PABLO;2441473;https://open.spotify.com/track/39aItIaR9sIBz3EP8RXuhs;D:\dev\sb19\saved_pages\pablo_kelan_20260128_173926.html
2026-01-28 17:39:36;Drowning in the Water;PABLO;5625137;https://open.spotify.com/track/6065mStxNxs8sCy3yCrg8H;D:\dev\sb19\saved_pages\pablo_drowning_in_the_water_20260128_173936.html
2026-01-28 17:39:46;Breathe (Outro);PABLO;1895878;https://open.spotify.com/track/2lKyuf60Q5qSwTF0dl7qM6;D:\dev\sb19\saved_pages\pablo_breathe_outro_20260128_173946.html
2026-01-28 17:39:56;Neumun;PABLO;3664359;https://open.spotify.com/track/4DF1e91DMTM4oTpW8jgsP2;D:\dev\sb19\saved_pages\pablo_neumun_20260128_173956.html
2026-01-28 17:40:05;Don't Care;PABLO;2786247;https://open.spotify.com/track/06YsrZvTJmdPNXY5La1jFK;D:\dev\sb19\saved_pages\pablo_don_t_care_20260128_174005.html
2026-01-28 17:40:15;Butata;PABLO;6644145;https://open.spotify.com/track/68hXl4L5vCusj8U2QlC73D;D:\dev\sb19\saved_pages\pablo_butata_20260128_174015.html
2026-01-28 17:40:25;Puyat;PABLO;3187678;https://open.spotify.com/track/5EiD5Pk0Wv6dkHS1ZpNvzE;D:\dev\sb19\saved_pages\pablo_puyat_20260128_174025.html
2026-01-28 17:40:35;Blessed;PABLO;4057170;https://open.spotify.com/track/4hdPboEAxOZjaaHML4q62u;D:\dev\sb19\saved_pages\pablo_blessed_20260128_174035.html
2026-01-28 17:40:44;Tambol (Ibang Planeta);PABLO;2501233;https://open.spotify.com/track/753jWXJVBxK6cuYDUVbeux;D:\dev\sb19\saved_pages\pablo_tambol_ibang_planeta_20260128_174044.html
2026-01-28 17:40:54;Micha!;PABLO;3458710;https://open.spotify.com/track/7F3NzrsN3zNGcIP2FbUYUo;D:\dev\sb19\saved_pages\pablo_micha_20260128_174054.html
2026-01-28 17:41:04;DETERMINADO;PABLO;6316066;https://open.spotify.com/track/0hQJzMEbXg8ssQwgMbJUbw;D:\dev\sb19\saved_pages\pablo_determinado_20260128_174104.html
2026-01-28 17:41:14;AKALA;PABLO;5375562;https://open.spotify.com/track/5w4CLRxwroocAzFiJ568oY;D:\dev\sb19\saved_pages\pablo_akala_20260128_174113.html
2026-01-28 17:41:23;edsa;PABLO;7835750;https://open.spotify.com/track/64p2tRd4zsBsJUucEnfWrX;D:\dev\sb19\saved_pages\pablo_edsa_20260128_174123.html
2026-01-28 17:41:33;Liwanag sa Dilim (from Incognito);PABLO;6329522;https://open.spotify.com/track/3Ynpt5qseTmDdl9bN21FNJ;D:\dev\sb19\saved_pages\pablo_liwanag_sa_dilim_from_incognito_20260128_174133.html
2026-01-28 17:41:43;Palayo;FELIP;12320245;https://open.spotify.com/track/3FvYLNM5ShB5vDCzGw8syX;D:\dev\sb19\saved_pages\felip_palayo_20260128_174143.html
2026-01-28 17:41:53;Bulan;FELIP;6679569;https://open.spotify.com/track/2qYmu6Obx3NW1VeNOiCFMK;D:\dev\sb19\saved_pages\felip_bulan_20260128_174152.html
2026-01-28 17:42:02;ROCKSTA;FELIP;6397587;https://open.spotify.com/track/5UhtleGyBZJCvG8cstjLkr;D:\dev\sb19\saved_pages\felip_rocksta_20260128_174202.html
2026-01-28 17:42:12;SUPERIORITY;FELIP;3685222;https://open.spotify.com/track/3Tzmy7ExNOlP0tdDr9sjUT;D:\dev\sb19\saved_pages\felip_superiority_20260128_174212.html
2026-01-28 17:42:22;MICTEST;FELIP;4218114;https://open.spotify.com/track/5MC8Oxr5FTIQYJ6f7Cg6gR;D:\dev\sb19\saved_pages\felip_mictest_20260128_174222.html
2026-01-28 17:42:32;DRINKSMOKE;FELIP;5256911;https://open.spotify.com/track/29UIvWBrkjWtVuSEyexLt1;D:\dev\sb19\saved_pages\felip_drinksmoke_20260128_174231.html
2026-01-28 17:42:41;CRIMINAL;FELIP;6560426;https://open.spotify.com/track/4YPz66cDppOl9KVUOCpBV5;D:\dev\sb19\saved_pages\felip_criminal_20260128_174241.html
2026-01-28 17:42:51;STRAYDOGS;FELIP;5578723;https://open.spotify.com/track/03aFaNBeCXmFl194HuyWKe;D:\dev\sb19\saved_pages\felip_straydogs_20260128_174251.html
2026-01-28 17:43:01;Kanako;FELIP;9760372;https://open.spotify.com/track/76hOMoRACZOQq5CfqSNU9i;D:\dev\sb19\saved_pages\felip_kanako_20260128_174301.html
2026-01-28 17:43:11;Moving Closer;FELIP;10314519;https://open.spotify.com/track/59PCn7ObERln3cPl84CGx6;D:\dev\sb19\saved_pages\felip_moving_closer_20260128_174311.html
2026-01-28 17:43:20;FLYYY;FELIP;3510008;https://open.spotify.com/track/0PWBx43woMnsyUC72NC1Gl;D:\dev\sb19\saved_pages\felip_flyyy_20260128_174320.html
2026-01-28 17:43:31;Pagdali;FELIP;3403883;https://open.spotify.com/track/7fMR5ryCo3m38yyj1PCym4;D:\dev\sb19\saved_pages\felip_pagdali_20260128_174330.html
2026-01-28 17:43:40;Fake Faces;FELIP;8783697;https://open.spotify.com/track/4ntKnZnztFdovszJpIoeVO;D:\dev\sb19\saved_pages\felip_fake_faces_20260128_174340.html
2026-01-28 17:43:50;foes;FELIP;2389619;https://open.spotify.com/track/5IyWs6bAMeT9vPUiUVgSdd;D:\dev\sb19\saved_pages\felip_foes_20260128_174350.html
2026-01-28 17:44:00;envy;FELIP;3415212;https://open.spotify.com/track/6uJggzzrSE5tK9CRTZejgm;D:\dev\sb19\saved_pages\felip_envy_20260128_174400.html
2026-01-28 17:44:10;wrath;FELIP;2025942;https://open.spotify.com/track/12VANuhDUHnXRtRG6YP72a;D:\dev\sb19\saved_pages\felip_wrath_20260128_174410.html
2026-01-28 17:44:19;greed;FELIP;3318030;https://open.spotify.com/track/3foNAstTb7fdbbfFnKwn28;D:\dev\sb19\saved_pages\felip_greed_20260128_174419.html
2026-01-28 17:44:31;pride;FELIP;1921475;https://open.spotify.com/track/1jZET8rPE5RWZZrkCM2toY;D:\dev\sb19\saved_pages\felip_pride_20260128_174431.html
2026-01-28 17:44:43;gluttony;FELIP;1719391;https://open.spotify.com/track/216LlnUj3GfZ0yE2hXZxm0;D:\dev\sb19\saved_pages\felip_gluttony_20260128_174443.html
2026-01-28 17:44:53;lust;FELIP;3497733;https://open.spotify.com/track/70kZ4pCeZ0WIanftduEDov;D:\dev\sb19\saved_pages\felip_lust_20260128_174453.html
2026-01-28 17:45:03;sloth;FELIP;2549068;https://open.spotify.com/track/6PJLoGD9KpyMSx8j7vVWHq;D:\dev\sb19\saved_pages\felip_sloth_20260128_174503.html
2026-01-28 17:45:12;ache;FELIP;4513045;https://open.spotify.com/track/3G3ZYOLBcjbIv0GDlIoZeh;D:\dev\sb19\saved_pages\felip_ache_20260128_174512.html
2026-01-28 17:45:22;ID;FELIP;2400447;https://open.spotify.com/track/2cXkFKFgEW5Myc0yNy6CqL;D:\dev\sb19\saved_pages\felip_id_20260128_174522.html
2026-01-28 17:45:32;KAWASAKI;FELIP;1655614;https://open.spotify.com/track/37ifPBg9M2NzlRNHe9WUIy;D:\dev\sb19\saved_pages\felip_kawasaki_20260128_174532.html
2026-01-28 17:45:42;Palayo - Live Band Ver;FELIP;2228100;https://open.spotify.com/track/6gdcXFz1q9WKAlB2ybVM3F;D:\dev\sb19\saved_pages\felip_palayo_live_band_ver_20260128_174542.html
2026-01-28 17:45:51;Bulan - Live Band Ver;FELIP;1946493;https://open.spotify.com/track/048YgXKAXF8eTwMCfYylhD;D:\dev\sb19\saved_pages\felip_bulan_live_band_ver_20260128_174551.html
2026-01-28 17:46:01;Palayo Inst.;FELIP;1260086;https://open.spotify.com/track/2RfXO3QnM6gG75Pxu04OqS;D:\dev\sb19\saved_pages\felip_palayo_inst_20260128_174601.html
2026-01-28 17:46:11;Bulan Inst.;FELIP;1184884;https://open.spotify.com/track/4iGoucvzYCbJtG4n4wnJjB;D:\dev\sb19\saved_pages\felip_bulan_inst_20260128_174611.html
2026-01-28 17:46:21;Moving Closer - From The Cafe;FELIP;2205084;https://open.spotify.com/track/1kAyLWCiJfTDhm56kaOXnO;D:\dev\sb19\saved_pages\felip_moving_closer_from_the_cafe_20260128_174621.html
2026-01-28 17:46:31;Moving Closer - From The Lounge;FELIP;1527534;https://open.spotify.com/track/0cd2BCuzH8Vub1cS2eKU7M;D:\dev\sb19\saved_pages\felip_moving_closer_from_the_lounge_20260128_174630.html
2026-01-28 17:46:40;ID (new version);FELIP;187773;https://open.spotify.com/track/7Fu45FLLaE1s0eg8DF5UqT;D:\dev\sb19\saved_pages\felip_id_new_version_20260128_174640.html
2026-01-28 17:46:50;ROCKSTA (Superior Session Live);FELIP;1500056;https://open.spotify.com/track/5EP2vLFwMHpWFWeZVvt3jU;D:\dev\sb19\saved_pages\felip_rocksta_superior_session_live_20260128_174650.html
2026-01-28 17:47:01;SUPERIORITY (Superior Session Live);FELIP;1400657;https://open.spotify.com/track/5VmjG0uTHcrn43Ynetfomd;D:\dev\sb19\saved_pages\felip_superiority_superior_session_live_20260128_174701.html
2026-01-28 17:47:11;MICTEST (Superior Session Live);FELIP;1332014;https://open.spotify.com/track/0FW1fvsv00RCGNPjVHJg3x;D:\dev\sb19\saved_pages\felip_mictest_superior_session_live_20260128_174711.html
2026-01-28 17:47:21;DRINKSMOKE (Superior Session Live);FELIP;1511500;https://open.spotify.com/track/5Iw7boOrwCpWlaJtNTTHG6;D:\dev\sb19\saved_pages\felip_drinksmoke_superior_session_live_20260128_174721.html
2026-01-28 17:47:31;CRIMINAL (Superior Session Live);FELIP;1703979;https://open.spotify.com/track/2FxQjJcpsdHQHTqjVhlqP4;D:\dev\sb19\saved_pages\felip_criminal_superior_session_live_20260128_174731.html
2026-01-28 17:47:41;STRAYDOGS (Superior Session Live);FELIP;1335423;https://open.spotify.com/track/4W28quZaVhLdbpojBeooaZ;D:\dev\sb19\saved_pages\felip_straydogs_superior_session_live_20260128_174740.html
2026-01-28 17:47:50;to sin is human, to forgive is divine - live;FELIP;154760;https://open.spotify.com/track/5lbuH5ieouWZ43qHAcCK08;D:\dev\sb19\saved_pages\felip_to_sin_is_human_to_forgive_is_divine_live_20260128_174750.html
2026-01-28 17:48:00;foes - live;FELIP;148341;https://open.spotify.com/track/44TFeq1FSLniRzbThYVWom;D:\dev\sb19\saved_pages\felip_foes_live_20260128_174800.html
2026-01-28 17:48:10;envy - live;FELIP;131319;https://open.spotify.com/track/41gwpmt6wVdwDgjE430dm6;D:\dev\sb19\saved_pages\felip_envy_live_20260128_174810.html
2026-01-28 17:48:19;greed - live;FELIP;142027;https://open.spotify.com/track/5fWWoFfmqwBhBq93Rc6YqB;D:\dev\sb19\saved_pages\felip_greed_live_20260128_174819.html
2026-01-28 17:48:29;lust - live;FELIP;137224;https://open.spotify.com/track/2hlY0jd3uRy5i7SuN1oz7Z;D:\dev\sb19\saved_pages\felip_lust_live_20260128_174829.html
2026-01-28 17:48:39;pride - live;FELIP;124239;https://open.spotify.com/track/45ZCoFCk3DL7d84d7bwWdz;D:\dev\sb19\saved_pages\felip_pride_live_20260128_174839.html
2026-01-28 17:48:49;gluttony (feat. PLAYERTWO) - live;FELIP;125760;https://open.spotify.com/track/0HaZMHBzZOYqdEcCtzAHEU;D:\dev\sb19\saved_pages\felip_gluttony_feat_playertwo_live_20260128_174849.html
2026-01-28 17:48:59;wrath - live;FELIP;137683;https://open.spotify.com/track/5ykca7sZJ8OAUepkUGIdRE;D:\dev\sb19\saved_pages\felip_wrath_live_20260128_174859.html
2026-01-28 17:49:08;tokyo - live;FELIP;599467;https://open.spotify.com/track/5KKi1lmsdHfm4IYZ1YSy94;D:\dev\sb19\saved_pages\felip_tokyo_live_20260128_174908.html
2026-01-28 17:49:18;sloth - live;FELIP;132878;https://open.spotify.com/track/6dmzbxC4WjfB3ucXZUUaO5;D:\dev\sb19\saved_pages\felip_sloth_live_20260128_174918.html
2026-01-28 17:49:28;grace - live;FELIP;139522;https://open.spotify.com/track/6HsmDcIbYCn7YzWBUKEucW;D:\dev\sb19\saved_pages\felip_grace_live_20260128_174928.html
2026-01-28 17:49:38;ache - live;FELIP;163724;https://open.spotify.com/track/4lQY03QyHAKDj6XdDgVDcL;D:\dev\sb19\saved_pages\felip_ache_live_20260128_174937.html
2026-01-28 17:49:47;WILD TONIGHT;JOSH CULLEN;9714250;https://open.spotify.com/track/4yBwaJUom5dOYp54wU6hA2;D:\dev\sb19\saved_pages\josh_cullen_wild_tonight_20260128_174947.html
2026-01-28 17:49:57;Pakiusap Lang;JOSH CULLEN;5254371;https://open.spotify.com/track/6trU06kJgdYaPqRUvz5K9e;D:\dev\sb19\saved_pages\josh_cullen_pakiusap_lang_20260128_174957.html
2026-01-28 17:50:07;GET RIGHT;JOSH CULLEN;4607417;https://open.spotify.com/track/56FnjRDkdoCV5lVSyuQ9MU;D:\dev\sb19\saved_pages\josh_cullen_get_right_20260128_175007.html
2026-01-28 17:50:16;Yoko Na;JOSH CULLEN;10351161;https://open.spotify.com/track/6SIaYQUPOJpO8XFWeTl5dC;D:\dev\sb19\saved_pages\josh_cullen_yoko_na_20260128_175016.html
2026-01-28 17:50:26;1999;JOSH CULLEN;6212523;https://open.spotify.com/track/0PMfgKba5PLGETb02cDcMg;D:\dev\sb19\saved_pages\josh_cullen_1999_20260128_175026.html
2026-01-28 17:50:36;See Me;JOSH CULLEN;2910067;https://open.spotify.com/track/5jH6p468HtmNHdJiubGQ6t;D:\dev\sb19\saved_pages\josh_cullen_see_me_20260128_175036.html
2026-01-28 17:50:46;Silent Cries;JOSH CULLEN;3820961;https://open.spotify.com/track/1x0Y2jS5oJW4Q3aU9jZBER;D:\dev\sb19\saved_pages\josh_cullen_silent_cries_20260128_175046.html
2026-01-28 17:50:55;Honest;JOSH CULLEN;2636181;https://open.spotify.com/track/1Rl5KDAu4wrUsQZZtD2hiy;D:\dev\sb19\saved_pages\josh_cullen_honest_20260128_175055.html
2026-01-28 17:51:05;No Control;JOSH CULLEN;2187890;https://open.spotify.com/track/0Rg0DIhiShdvZvF7snNZIt;D:\dev\sb19\saved_pages\josh_cullen_no_control_20260128_175105.html
2026-01-28 17:51:15;Lights Out;JOSH CULLEN;1948350;https://open.spotify.com/track/2TQQX4gYeQmobxNEXwtrZ3;D:\dev\sb19\saved_pages\josh_cullen_lights_out_20260128_175115.html
2026-01-28 17:51:24;Sumaya;JOSH CULLEN;5300387;https://open.spotify.com/track/2qKu8tPpilCBJqxzGWcOaC;D:\dev\sb19\saved_pages\josh_cullen_sumaya_20260128_175124.html
2026-01-28 17:51:34;Silent Cries (Instrumental);JOSH CULLEN;529925;https://open.spotify.com/track/5FQodaxJAZTUPjdpbDT9pa;D:\dev\sb19\saved_pages\josh_cullen_silent_cries_instrumental_20260128_175134.html
2026-01-28 17:51:44;No Control (Instrumental);JOSH CULLEN;517132;https://open.spotify.com/track/65LG9NubWQtyImpyNXotHo;D:\dev\sb19\saved_pages\josh_cullen_no_control_instrumental_20260128_175144.html
2026-01-28 17:51:53;Takbuhan;JOSH CULLEN;913802;https://open.spotify.com/track/3RCVzaTWA7h1SR0nWQtIk1;D:\dev\sb19\saved_pages\josh_cullen_takbuhan_20260128_175153.html
2026-01-28 17:52:03;Re: Thinkin' About You;JOSH CULLEN;4240645;https://open.spotify.com/track/2R1CjdVdXz7frvQRwCdQa6;D:\dev\sb19\saved_pages\josh_cullen_re_thinkin_about_you_20260128_175203.html
2026-01-28 17:52:13;Room;Stell;11955490;https://open.spotify.com/track/1PLKN0HC7m5drBHg0jarZE;D:\dev\sb19\saved_pages\stell_room_20260128_175213.html
2026-01-28 17:52:23;Anino;Stell;6057380;https://open.spotify.com/track/5tMJZOyBv8t49i9elHuQZF;D:\dev\sb19\saved_pages\stell_anino_20260128_175223.html
2026-01-28 17:52:32;'Di Ko Masabi;Stell;7604633;https://open.spotify.com/track/3JEE0hhTI6u9CEZCZWalKe;D:\dev\sb19\saved_pages\stell_di_ko_masabi_20260128_175232.html
2026-01-28 17:52:42;Classic;Stell;6517956;https://open.spotify.com/track/15bdfvbGida1Z8OVZ0YvSQ;D:\dev\sb19\saved_pages\stell_classic_20260128_175242.html
2026-01-28 17:52:52;Room (Stripped);Stell;4745934;https://open.spotify.com/track/6fwpkEZRQZ8Kr5Ws4q0Kyn;D:\dev\sb19\saved_pages\stell_room_stripped_20260128_175252.html
2026-01-28 17:53:01;Surreal;justin;14932337;https://open.spotify.com/track/5TT4xi1HEPTkVTO59jY3tz;D:\dev\sb19\saved_pages\justin_surreal_20260128_175301.html
2026-01-28 17:53:11;Sunday Morning;justin;5417859;https://open.spotify.com/track/3sp427zYHOXL3LPCYgwuRv;D:\dev\sb19\saved_pages\justin_sunday_morning_20260128_175311.html
2026-01-28 17:53:21;Kaibigan;justin;8775725;https://open.spotify.com/track/3rwioq6hSNjwynK8rVPCma;D:\dev\sb19\saved_pages\justin_kaibigan_20260128_175321.html
2026-01-28 17:53:30;Sampung Mga Daliri;justin;7538130;https://open.spotify.com/track/2MHg2BVPaTgiCUDWp2jZqf;D:\dev\sb19\saved_pages\justin_sampung_mga_daliri_20260128_175330.html
2026-01-28 17:53:40;GENTO - From THE FIRST TAKE;SB19;7025940;https://open.spotify.com/track/2h7syqD1QScej4PqMxJfp2;D:\dev\sb19\saved_pages\sb19_gento_from_the_first_take_20260128_175340.html
2026-01-28 17:53:50;MAPA - From THE FIRST TAKE;SB19;5174008;https://open.spotify.com/track/4MZbVDIPOYmPkjcVqpPe9v;D:\dev\sb19\saved_pages\sb19_mapa_from_the_first_take_20260128_175350.html
2026-01-28 17:54:00;DAM - From THE FIRST TAKE;SB19;2055692;https://open.spotify.com/track/14WOLW4oTwD7Mh9eb0hLDs;D:\dev\sb19\saved_pages\sb19_dam_from_the_first_take_20260128_175359.html
2026-01-28 17:54:09;Time - From THE FIRST TAKE;SB19;2179357;https://open.spotify.com/track/1ctnGFHyklJbmHLyaDYtyg;D:\dev\sb19\saved_pages\sb19_time_from_the_first_take_20260128_175409.html
2026-01-28 17:54:19;Moonlight (Ian Asher Club Mix);SB19;2937949;https://open.spotify.com/track/5YYzdzlunDyLDwlM40W0Gc;D:\dev\sb19\saved_pages\sb19_moonlight_ian_asher_club_mix_20260128_175419.html
2026-01-28 17:54:29;Umaaligid (Extended Ver.);SB19;2722085;https://open.spotify.com/track/1XFHLGwXrlL0FpJgRcFYTI;D:\dev\sb19\saved_pages\sb19_umaaligid_extended_ver_20260128_175428.html
2026-01-28 17:54:38;Love Yours (DIOR & RealBros Remix);SB19;863812;https://open.spotify.com/track/3qw9D8YC0sezDriUMx5lRG;D:\dev\sb19\saved_pages\sb19_love_yours_dior_realbros_remix_20260128_175438.html
2026-01-28 17:54:48;What? - Extended Version;SB19;6290993;https://open.spotify.com/track/7jn2llkeDI9IRROCYNa7sL;D:\dev\sb19\saved_pages\sb19_what_extended_version_20260128_175448.html
2026-01-28 18:46:05;Sampung Mga Daliri (Reimagined Version);justin;710946;https://open.spotify.com/track/4nnhn2O5oQmPC2HedN5W4b;D:\dev\sb19\saved_pages\justin_sampung_mga_daliri_reimagined_version_20260128_184605.html
2026-01-28 18:46:15;Sampung Mga Daliri (Acoustic Version);justin;1564771;https://open.spotify.com/track/0WoGaGmUip0OPQ662Drdlj;D:\dev\sb19\saved_pages\justin_sampung_mga_daliri_acoustic_version_20260128_184614.html
2026-01-29 23:00:38;Tilaluha;SB19;23639722;https://open.spotify.com/track/0fPJsVtCOXqjHxKS9kc13s;D:\dev\SB19\saved_pages\sb19_tilaluha_20260129_230038.html
2026-01-29 23:00:48;Go Up;SB19;26776241;https://open.spotify.com/track/5VoY18OYEE2E6RJCBd2jki;D:\dev\SB19\saved_pages\sb19_go_up_20260129_230048.html
2026-01-29 23:00:57;Alab (Burning);SB19;22595062;https://open.spotify.com/track/053ZzdU3Rya4NMxiWMPqnq;D:\dev\SB19\saved_pages\sb19_alab_burning_20260129_230057.html
2026-01-29 23:01:07;Hanggang Sa Huli;SB19;32265512;https://open.spotify.com/track/2WUhR1SraSy0SVIQKohJb6;D:\dev\SB19\saved_pages\sb19_hanggang_sa_huli_20260129_230107.html
2026-01-29 23:01:16;Love Goes;SB19;11144155;https://open.spotify.com/track/5p70OUKixtLRpnK5uSdqro;D:\dev\SB19\saved_pages\sb19_love_goes_20260129_230116.html
2026-01-29 23:01:26;Love Goes (EDM Version);SB19;7138534;https://open.spotify.com/track/0LAh3hfeuUekvLm3Nq6MmA;D:\dev\SB19\saved_pages\sb19_love_goes_edm_version_20260129_230126.html
2026-01-29 23:01:36;'Wag Mong Ikunot Ang Iyong Noo;SB19;9465921;https://open.spotify.com/track/5sJxhdzehdLq9iPzNnTR71;D:\dev\SB19\saved_pages\sb19_wag_mong_ikunot_ang_iyong_noo_20260129_230136.html
2026-01-29 23:01:46;Tilaluha (Instrumental);SB19;2212670;https://open.spotify.com/track/5lMxdErNKHh797tOT3mBvk;D:\dev\SB19\saved_pages\sb19_tilaluha_instrumental_20260129_230146.html
2026-01-29 23:01:55;Hanggang Sa Huli (Instrumental);SB19;2321649;https://open.spotify.com/track/6JZkWjVjOQAUPzNfGr4Dp0;D:\dev\SB19\saved_pages\sb19_hanggang_sa_huli_instrumental_20260129_230155.html
2026-01-29 23:02:05;What?;SB19;25709773;https://open.spotify.com/track/1evZendZnEe8a8eXjd1Bcn;D:\dev\SB19\saved_pages\sb19_what_20260129_230205.html
2026-01-29 23:02:15;MAPA;SB19;86018525;https://open.spotify.com/track/6Fz2TpxUD0YvAPsuG8nDMJ;D:\dev\SB19\saved_pages\sb19_mapa_20260129_230215.html
2026-01-29 23:02:24;Bazinga;SB19;31778905;https://open.spotify.com/track/5QZw4F3N3PvuKNKHm9L20b;D:\dev\SB19\saved_pages\sb19_bazinga_20260129_230224.html
2026-01-29 23:02:34;SLMT;SB19;17480229;https://open.spotify.com/track/0AbJoAxuqYgMrmXvtFOc0K;D:\dev\SB19\saved_pages\sb19_slmt_20260129_230234.html
2026-01-29 23:02:44;Mana;SB19;20788787;https://open.spotify.com/track/0EtkP3TUHvTeDIgrpgMS8m;D:\dev\SB19\saved_pages\sb19_mana_20260129_230244.html
2026-01-29 23:02:55;Ikako;SB19;14747656;https://open.spotify.com/track/5qHUmt5jIvDaOzMXiX533o;D:\dev\SB19\saved_pages\sb19_ikako_20260129_230254.html
2026-01-29 23:03:04;Gento;SB19;75861386;https://open.spotify.com/track/1o6uF8VmXna99ysHTcQRI2;D:\dev\SB19\saved_pages\sb19_gento_20260129_230304.html
2026-01-29 23:03:14;I Want You;SB19;31562536;https://open.spotify.com/track/16GGH8OF6LiSUTTbm8421f;D:\dev\SB19\saved_pages\sb19_i_want_you_20260129_230314.html
2026-01-29 23:03:23;Ilaw;SB19;19739959;https://open.spotify.com/track/4zoqT3f80GyytJvnhVHgEl;D:\dev\SB19\saved_pages\sb19_ilaw_20260129_230323.html
2026-01-29 23:03:33;Crimzone;SB19;25372824;https://open.spotify.com/track/5GcS9zT4iIL7l0JrqZeG6O;D:\dev\SB19\saved_pages\sb19_crimzone_20260129_230333.html
2026-01-29 23:03:43;LIHAM;SB19;20133516;https://open.spotify.com/track/5MQ1nQ0MZMRO4yPQWdCeEb;D:\dev\SB19\saved_pages\sb19_liham_20260129_230342.html
2026-01-29 23:03:52;Freedom;SB19;16435602;https://open.spotify.com/track/2CuYpdcx2f9XbMZhc3ST8E;D:\dev\SB19\saved_pages\sb19_freedom_20260129_230352.html
2026-01-29 23:04:02;DAM;SB19;60691212;https://open.spotify.com/track/1NNsL6tYk06TqTea3mKB9P;D:\dev\SB19\saved_pages\sb19_dam_20260129_230402.html
2026-01-29 23:04:12;Time;SB19;22004587;https://open.spotify.com/track/1OvE4CwaIZJ89Eq0qXGCEF;D:\dev\SB19\saved_pages\sb19_time_20260129_230411.html
2026-01-29 23:04:21;8TonBall;SB19;15943267;https://open.spotify.com/track/7AqrfyOdFWPnjQrgzWzcUz;D:\dev\SB19\saved_pages\sb19_8tonball_20260129_230421.html
2026-01-29 23:04:31;Quit;SB19;17014760;https://open.spotify.com/track/7oIQWmbKShhEt2yTSBxNpu;D:\dev\SB19\saved_pages\sb19_quit_20260129_230431.html
2026-01-29 23:04:41;Shooting for the Stars;SB19;14932252;https://open.spotify.com/track/6q3qzeZgWgoFrV6DmaZr1R;D:\dev\SB19\saved_pages\sb19_shooting_for_the_stars_20260129_230441.html
2026-01-29 23:04:51;Dungka!;SB19;27766187;https://open.spotify.com/track/7mqsPvhSR1CtY6PkTf1YVy;D:\dev\SB19\saved_pages\sb19_dungka_20260129_230450.html
2026-01-29 23:05:00;DAM (Extended Ver.);SB19;18837759;https://open.spotify.com/track/0pjhHUx21NsPuSCH0H3lW6;D:\dev\SB19\saved_pages\sb19_dam_extended_ver_20260129_230500.html
2026-01-29 23:05:10;WYAT (Where You At);SB19;25063249;https://open.spotify.com/track/1z50Hub2XCsAPWo8zgoePu;D:\dev\SB19\saved_pages\sb19_wyat_where_you_at_20260129_230510.html
2026-01-29 23:05:19;Nyebe;SB19;18102410;https://open.spotify.com/track/6aLjE6peuaJQRWRgfjxrRw;D:\dev\SB19\saved_pages\sb19_nyebe_20260129_230519.html
2026-01-29 23:05:29;No Stopping You;SB19;8758589;https://open.spotify.com/track/3KDOf2p1DrKhiqX78R82sh;D:\dev\SB19\saved_pages\sb19_no_stopping_you_20260129_230529.html
2026-01-29 23:05:39;Ligaya;SB19;N/A;https://open.spotify.com/track/2lwaPRPgP9EaaMsbzVaZ3O;D:\dev\SB19\saved_pages\sb19_ligaya_20260129_230539.html
2026-01-29 23:05:48;MAPA (Band Version);SB19;27914346;https://open.spotify.com/track/0QQoU68nnBRWJqr9ak3mnS;D:\dev\SB19\saved_pages\sb19_mapa_band_version_20260129_230548.html
2026-01-29 23:05:58;Kabataang Pinoy;SB19;9098220;https://open.spotify.com/track/6aXWWGw7sQJLx82jZndSQZ;D:\dev\SB19\saved_pages\sb19_kabataang_pinoy_20260129_230558.html
2026-01-29 23:06:08;Win Your Heart;SB19;11071638;https://open.spotify.com/track/0DnNMu0v71ICscsyuQgmu3;D:\dev\SB19\saved_pages\sb19_win_your_heart_20260129_230608.html
2026-01-29 23:06:17;Christmas Party (SB19 Version);SB19;4460672;https://open.spotify.com/track/387ZTKanhRfPXazSyzTWUj;D:\dev\SB19\saved_pages\sb19_christmas_party_sb19_version_20260129_230617.html
2026-01-29 23:06:27;golden hour (SB19 Remix);SB19;20966779;https://open.spotify.com/track/4cGKycusCcECMX79k4NQwS;D:\dev\SB19\saved_pages\sb19_golden_hour_sb19_remix_20260129_230627.html
2026-01-29 23:06:36;Moonlight;SB19;22605033;https://open.spotify.com/track/1xAYG31LamC5qlykRhbWxd;D:\dev\SB19\saved_pages\sb19_moonlight_20260129_230636.html
2026-01-29 23:06:46;Ready;SB19;9714205;https://open.spotify.com/track/4JZocgyzKHdRF0iSOcodJn;D:\dev\SB19\saved_pages\sb19_ready_20260129_230646.html
2026-01-29 23:06:56;KALAKAL;SB19;21709937;https://open.spotify.com/track/1cFGU7MQu0mHS5uVyD1STP;D:\dev\SB19\saved_pages\sb19_kalakal_20260129_230656.html
2026-01-29 23:07:05;MAPA (Indonesian Version);SB19;7405406;https://open.spotify.com/track/23FJNFAeNLzAuFORNvyBFf;D:\dev\SB19\saved_pages\sb19_mapa_indonesian_version_20260129_230705.html
2026-01-29 23:07:15;Umaaligid;SB19;13076824;https://open.spotify.com/track/5XYYmsZJG5qIBAniny4bHe;D:\dev\SB19\saved_pages\sb19_umaaligid_20260129_230715.html
2026-01-29 23:07:25;Burn The Flame;SB19;3014627;https://open.spotify.com/track/3mvN8n8mg7X41CbGvc7xYU;D:\dev\SB19\saved_pages\sb19_burn_the_flame_20260129_230724.html
2026-01-29 23:07:34;Burn The Flame (Taglish Version);SB19;823577;https://open.spotify.com/track/0aKGIF1iGjV6D6vXYDJgyy;D:\dev\SB19\saved_pages\sb19_burn_the_flame_taglish_version_20260129_230734.html
2026-01-29 23:07:44;Burn The Flame (Karaoke Version);SB19;198499;https://open.spotify.com/track/38UTDIDP582bP8ZAU20bsT;D:\dev\SB19\saved_pages\sb19_burn_the_flame_karaoke_version_20260129_230744.html
2026-01-29 23:07:54;Burn The Flame (Instrumental);SB19;138945;https://open.spotify.com/track/1MLMEY4ahXUjTcmi01s4jA;D:\dev\SB19\saved_pages\sb19_burn_the_flame_instrumental_20260129_230753.html
2026-01-29 23:08:03;Love Yours;SB19;5514759;https://open.spotify.com/track/62iq4hiMI4CxLek4nYI14R;D:\dev\SB19\saved_pages\sb19_love_yours_20260129_230803.html
2026-01-29 23:08:13;Kapangyarihan;SB19;23127558;https://open.spotify.com/track/6FFtbC1K2aNeCS376paoHN;D:\dev\SB19\saved_pages\sb19_kapangyarihan_20260129_230813.html
2026-01-29 23:08:22;The One;SB19;8901434;https://open.spotify.com/track/5SZPGItm64sVZ8KVYmoV4N;D:\dev\SB19\saved_pages\sb19_the_one_20260129_230822.html
2026-01-29 23:08:32;Merry Munchkins (SB19 Version);SB19;2735909;https://open.spotify.com/track/3r3U5OpESU60BAVT11KuYS;D:\dev\SB19\saved_pages\sb19_merry_munchkins_sb19_version_20260129_230832.html
2026-01-29 23:08:41;Live It Up;SB19;3926566;https://open.spotify.com/track/42D9L3kTskZ5anDWGBhtEk;D:\dev\SB19\saved_pages\sb19_live_it_up_20260129_230841.html
2026-01-29 23:08:52;Make Your Green Mark;SB19;2456143;https://open.spotify.com/track/0thBJj3R0mM8mLwe2WMJI1;D:\dev\SB19\saved_pages\sb19_make_your_green_mark_20260129_230852.html
2026-01-29 23:09:02;Ace Your World;SB19;3090821;https://open.spotify.com/track/3lgJ5YAfc6wxVB9xpUDyH9;D:\dev\SB19\saved_pages\sb19_ace_your_world_20260129_230902.html
2026-01-29 23:09:12;Reset;SB19;3171397;https://open.spotify.com/track/6a7itY9YQTkmb8oMwwmhRp;D:\dev\SB19\saved_pages\sb19_reset_20260129_230911.html
2026-01-29 23:09:21;Tahanan;SB19;1661909;https://open.spotify.com/track/6XOT8LCjly8StKCooz6pp1;D:\dev\SB19\saved_pages\sb19_tahanan_20260129_230921.html
2026-01-29 23:09:31;G Pa Rin Ang Pasko;SB19;796732;https://open.spotify.com/track/0JYEUl8iJovowKP7Xi6mSM;D:\dev\SB19\saved_pages\sb19_g_pa_rin_ang_pasko_20260129_230931.html
2026-01-29 23:09:40;Ready, Set, G!;SB19;1134886;https://open.spotify.com/track/3RFGJAl8B1MiW4Ti6qvGeq;D:\dev\SB19\saved_pages\sb19_ready_set_g_20260129_230940.html
2026-01-29 23:09:50;We Wish You A Merry GCash;SB19;1323725;https://open.spotify.com/track/7H2N6amk6lmn9oahy3qxQl;D:\dev\SB19\saved_pages\sb19_we_wish_you_a_merry_gcash_20260129_230950.html
2026-01-29 23:10:00;Make It Merry, I-GCash Mo;SB19;1008638;https://open.spotify.com/track/1cTLpJs2LHvA0q5Z6YWzbD;D:\dev\SB19\saved_pages\sb19_make_it_merry_i_gcash_mo_20260129_230959.html
2026-01-29 23:10:09;Tara, Summer Na!;SB19;1901263;https://open.spotify.com/track/5RbO3gk0BiIfoFop0un9Dn;D:\dev\SB19\saved_pages\sb19_tara_summer_na_20260129_231009.html
2026-01-29 23:10:19;TM Doble Dekada (Samahang Pina-Easy);SB19;2850340;https://open.spotify.com/track/5pSDEveqgXTvPU102hAIY1;D:\dev\SB19\saved_pages\sb19_tm_doble_dekada_samahang_pina_easy_20260129_231019.html
2026-01-29 23:10:29;Dobleng GV sa FunPasko (Noon, Ngayon, Palagi);SB19;673976;https://open.spotify.com/track/5hVNG3wLy8rSSCqShicG4I;D:\dev\SB19\saved_pages\sb19_dobleng_gv_sa_funpasko_noon_ngayon_palagi_20260129_231029.html
2026-01-29 23:10:38;TM FunPasko (Samahang Pina-Easy);SB19;903534;https://open.spotify.com/track/1ZLVZ75W0ZNqiuzQPbz3ZG;D:\dev\SB19\saved_pages\sb19_tm_funpasko_samahang_pina_easy_20260129_231038.html
2026-01-29 23:10:48;Push Ang Pusuan;SB19;3481811;https://open.spotify.com/track/2hUZkOBSRlp6uB9hXvYgPi;D:\dev\SB19\saved_pages\sb19_push_ang_pusuan_20260129_231048.html
2026-01-29 23:10:58;Team Tayo;SB19;1057331;https://open.spotify.com/track/3aKVPphQZ3kjwY7Tn1TUhP;D:\dev\SB19\saved_pages\sb19_team_tayo_20260129_231058.html
2026-01-29 23:11:07;Ating Pasko;SB19;2427438;https://open.spotify.com/track/7y5C9pM3gt7WNoiSzFHcGN;D:\dev\SB19\saved_pages\sb19_ating_pasko_20260129_231107.html
2026-01-29 23:11:17;La Luna;PABLO;17441883;https://open.spotify.com/track/2UH7vzHodDdXtNyPEeHkb7;D:\dev\SB19\saved_pages\pablo_la_luna_20260129_231117.html
2026-01-29 23:11:36;Presyon;PABLO;2650472;https://open.spotify.com/track/7cErqp4Jg64PcqAE0uYeZP;D:\dev\SB19\saved_pages\pablo_presyon_20260129_231136.html
2026-01-29 23:11:46;Wala;PABLO;2884135;https://open.spotify.com/track/5gLNDt687YE0Zgad2yaaAD;D:\dev\SB19\saved_pages\pablo_wala_20260129_231146.html
2026-01-29 23:11:55;The Boy Who Cried Wolf;PABLO;4901429;https://open.spotify.com/track/3dNKnbTBjliNTwCeLqlMG3;D:\dev\SB19\saved_pages\pablo_the_boy_who_cried_wolf_20260129_231155.html
2026-01-29 23:12:05;Kumunoy;PABLO;3982033;https://open.spotify.com/track/6WkQrra0cZQAo42aMxdT2X;D:\dev\SB19\saved_pages\pablo_kumunoy_20260129_231205.html
2026-01-29 23:12:15;Kelan;PABLO;2446178;https://open.spotify.com/track/39aItIaR9sIBz3EP8RXuhs;D:\dev\SB19\saved_pages\pablo_kelan_20260129_231214.html
2026-01-29 23:12:24;Drowning in the Water;PABLO;5637667;https://open.spotify.com/track/6065mStxNxs8sCy3yCrg8H;D:\dev\SB19\saved_pages\pablo_drowning_in_the_water_20260129_231224.html
2026-01-29 23:12:34;Breathe (Outro);PABLO;1898675;https://open.spotify.com/track/2lKyuf60Q5qSwTF0dl7qM6;D:\dev\SB19\saved_pages\pablo_breathe_outro_20260129_231234.html
2026-01-29 23:12:43;Neumun;PABLO;3670668;https://open.spotify.com/track/4DF1e91DMTM4oTpW8jgsP2;D:\dev\SB19\saved_pages\pablo_neumun_20260129_231243.html
2026-01-29 23:12:53;Don't Care;PABLO;2791842;https://open.spotify.com/track/06YsrZvTJmdPNXY5La1jFK;D:\dev\SB19\saved_pages\pablo_don_t_care_20260129_231253.html
2026-01-29 23:13:03;Butata;PABLO;6655046;https://open.spotify.com/track/68hXl4L5vCusj8U2QlC73D;D:\dev\SB19\saved_pages\pablo_butata_20260129_231303.html
2026-01-29 23:13:12;Puyat;PABLO;N/A;https://open.spotify.com/track/5EiD5Pk0Wv6dkHS1ZpNvzE;D:\dev\SB19\saved_pages\pablo_puyat_20260129_231312.html
2026-01-29 23:13:22;Blessed;PABLO;4067041;https://open.spotify.com/track/4hdPboEAxOZjaaHML4q62u;D:\dev\SB19\saved_pages\pablo_blessed_20260129_231322.html
2026-01-29 23:13:31;Tambol (Ibang Planeta);PABLO;2505135;https://open.spotify.com/track/753jWXJVBxK6cuYDUVbeux;D:\dev\SB19\saved_pages\pablo_tambol_ibang_planeta_20260129_231331.html
2026-01-29 23:13:41;Micha!;PABLO;3470009;https://open.spotify.com/track/7F3NzrsN3zNGcIP2FbUYUo;D:\dev\SB19\saved_pages\pablo_micha_20260129_231341.html
2026-01-29 23:13:51;DETERMINADO;PABLO;6323658;https://open.spotify.com/track/0hQJzMEbXg8ssQwgMbJUbw;D:\dev\SB19\saved_pages\pablo_determinado_20260129_231351.html
2026-01-29 23:14:00;AKALA;PABLO;5383193;https://open.spotify.com/track/5w4CLRxwroocAzFiJ568oY;D:\dev\SB19\saved_pages\pablo_akala_20260129_231400.html
2026-01-29 23:14:10;edsa;PABLO;7844332;https://open.spotify.com/track/64p2tRd4zsBsJUucEnfWrX;D:\dev\SB19\saved_pages\pablo_edsa_20260129_231410.html
2026-01-29 23:14:19;Liwanag sa Dilim (from Incognito);PABLO;6343946;https://open.spotify.com/track/3Ynpt5qseTmDdl9bN21FNJ;D:\dev\SB19\saved_pages\pablo_liwanag_sa_dilim_from_incognito_20260129_231419.html
2026-01-29 23:14:29;Palayo;FELIP;12327534;https://open.spotify.com/track/3FvYLNM5ShB5vDCzGw8syX;D:\dev\SB19\saved_pages\felip_palayo_20260129_231429.html
2026-01-29 23:14:39;Bulan;FELIP;6685653;https://open.spotify.com/track/2qYmu6Obx3NW1VeNOiCFMK;D:\dev\SB19\saved_pages\felip_bulan_20260129_231439.html
2026-01-29 23:14:48;ROCKSTA;FELIP;6403745;https://open.spotify.com/track/5UhtleGyBZJCvG8cstjLkr;D:\dev\SB19\saved_pages\felip_rocksta_20260129_231448.html
2026-01-29 23:14:58;SUPERIORITY;FELIP;3689495;https://open.spotify.com/track/3Tzmy7ExNOlP0tdDr9sjUT;D:\dev\SB19\saved_pages\felip_superiority_20260129_231458.html
2026-01-29 23:15:08;MICTEST;FELIP;4222399;https://open.spotify.com/track/5MC8Oxr5FTIQYJ6f7Cg6gR;D:\dev\SB19\saved_pages\felip_mictest_20260129_231507.html
2026-01-29 23:15:17;DRINKSMOKE;FELIP;5262557;https://open.spotify.com/track/29UIvWBrkjWtVuSEyexLt1;D:\dev\SB19\saved_pages\felip_drinksmoke_20260129_231517.html
2026-01-29 23:15:27;CRIMINAL;FELIP;6567693;https://open.spotify.com/track/4YPz66cDppOl9KVUOCpBV5;D:\dev\SB19\saved_pages\felip_criminal_20260129_231527.html
2026-01-29 23:15:36;STRAYDOGS;FELIP;5585879;https://open.spotify.com/track/03aFaNBeCXmFl194HuyWKe;D:\dev\SB19\saved_pages\felip_straydogs_20260129_231536.html
2026-01-29 23:15:46;Kanako;FELIP;9775327;https://open.spotify.com/track/76hOMoRACZOQq5CfqSNU9i;D:\dev\SB19\saved_pages\felip_kanako_20260129_231546.html
2026-01-29 23:15:55;Moving Closer;FELIP;10325961;https://open.spotify.com/track/59PCn7ObERln3cPl84CGx6;D:\dev\SB19\saved_pages\felip_moving_closer_20260129_231555.html
2026-01-29 23:16:05;FLYYY;FELIP;3513708;https://open.spotify.com/track/0PWBx43woMnsyUC72NC1Gl;D:\dev\SB19\saved_pages\felip_flyyy_20260129_231605.html
2026-01-29 23:16:15;Pagdali;FELIP;3408830;https://open.spotify.com/track/7fMR5ryCo3m38yyj1PCym4;D:\dev\SB19\saved_pages\felip_pagdali_20260129_231615.html
2026-01-29 23:16:24;Fake Faces;FELIP;8794749;https://open.spotify.com/track/4ntKnZnztFdovszJpIoeVO;D:\dev\SB19\saved_pages\felip_fake_faces_20260129_231624.html
2026-01-29 23:16:34;foes;FELIP;2393121;https://open.spotify.com/track/5IyWs6bAMeT9vPUiUVgSdd;D:\dev\SB19\saved_pages\felip_foes_20260129_231634.html
2026-01-29 23:16:43;envy;FELIP;3419739;https://open.spotify.com/track/6uJggzzrSE5tK9CRTZejgm;D:\dev\SB19\saved_pages\felip_envy_20260129_231643.html
2026-01-29 23:16:53;wrath;FELIP;2029062;https://open.spotify.com/track/12VANuhDUHnXRtRG6YP72a;D:\dev\SB19\saved_pages\felip_wrath_20260129_231653.html
2026-01-29 23:17:04;greed;FELIP;3324029;https://open.spotify.com/track/3foNAstTb7fdbbfFnKwn28;D:\dev\SB19\saved_pages\felip_greed_20260129_231704.html
2026-01-29 23:17:14;pride;FELIP;1924777;https://open.spotify.com/track/1jZET8rPE5RWZZrkCM2toY;D:\dev\SB19\saved_pages\felip_pride_20260129_231714.html
2026-01-29 23:17:23;gluttony;FELIP;1722301;https://open.spotify.com/track/216LlnUj3GfZ0yE2hXZxm0;D:\dev\SB19\saved_pages\felip_gluttony_20260129_231723.html
2026-01-29 23:17:33;lust;FELIP;3503907;https://open.spotify.com/track/70kZ4pCeZ0WIanftduEDov;D:\dev\SB19\saved_pages\felip_lust_20260129_231733.html
2026-01-29 23:17:43;sloth;FELIP;2553849;https://open.spotify.com/track/6PJLoGD9KpyMSx8j7vVWHq;D:\dev\SB19\saved_pages\felip_sloth_20260129_231743.html
2026-01-29 23:17:53;ache;FELIP;4521856;https://open.spotify.com/track/3G3ZYOLBcjbIv0GDlIoZeh;D:\dev\SB19\saved_pages\felip_ache_20260129_231753.html
2026-01-29 23:18:02;ID;FELIP;2404835;https://open.spotify.com/track/2cXkFKFgEW5Myc0yNy6CqL;D:\dev\SB19\saved_pages\felip_id_20260129_231802.html
2026-01-29 23:18:12;KAWASAKI;FELIP;1661281;https://open.spotify.com/track/37ifPBg9M2NzlRNHe9WUIy;D:\dev\SB19\saved_pages\felip_kawasaki_20260129_231812.html
2026-01-29 23:18:22;Palayo - Live Band Ver;FELIP;2230616;https://open.spotify.com/track/6gdcXFz1q9WKAlB2ybVM3F;D:\dev\SB19\saved_pages\felip_palayo_live_band_ver_20260129_231821.html
2026-01-29 23:18:31;Bulan - Live Band Ver;FELIP;1947638;https://open.spotify.com/track/048YgXKAXF8eTwMCfYylhD;D:\dev\SB19\saved_pages\felip_bulan_live_band_ver_20260129_231831.html
2026-01-29 23:18:41;Palayo Inst.;FELIP;1260782;https://open.spotify.com/track/2RfXO3QnM6gG75Pxu04OqS;D:\dev\SB19\saved_pages\felip_palayo_inst_20260129_231841.html
2026-01-29 23:18:50;Bulan Inst.;FELIP;1185799;https://open.spotify.com/track/4iGoucvzYCbJtG4n4wnJjB;D:\dev\SB19\saved_pages\felip_bulan_inst_20260129_231850.html
2026-01-29 23:19:00;Moving Closer - From The Cafe;FELIP;2208508;https://open.spotify.com/track/1kAyLWCiJfTDhm56kaOXnO;D:\dev\SB19\saved_pages\felip_moving_closer_from_the_cafe_20260129_231900.html
2026-01-29 23:19:09;Moving Closer - From The Lounge;FELIP;1531845;https://open.spotify.com/track/0cd2BCuzH8Vub1cS2eKU7M;D:\dev\SB19\saved_pages\felip_moving_closer_from_the_lounge_20260129_231909.html
2026-01-29 23:19:19;ID (new version);FELIP;192804;https://open.spotify.com/track/7Fu45FLLaE1s0eg8DF5UqT;D:\dev\SB19\saved_pages\felip_id_new_version_20260129_231919.html
2026-01-29 23:19:29;ROCKSTA (Superior Session Live);FELIP;1501492;https://open.spotify.com/track/5EP2vLFwMHpWFWeZVvt3jU;D:\dev\SB19\saved_pages\felip_rocksta_superior_session_live_20260129_231929.html
2026-01-29 23:19:38;SUPERIORITY (Superior Session Live);FELIP;1401952;https://open.spotify.com/track/5VmjG0uTHcrn43Ynetfomd;D:\dev\SB19\saved_pages\felip_superiority_superior_session_live_20260129_231938.html
2026-01-29 23:19:48;MICTEST (Superior Session Live);FELIP;1333078;https://open.spotify.com/track/0FW1fvsv00RCGNPjVHJg3x;D:\dev\SB19\saved_pages\felip_mictest_superior_session_live_20260129_231948.html
2026-01-29 23:19:57;DRINKSMOKE (Superior Session Live);FELIP;1513110;https://open.spotify.com/track/5Iw7boOrwCpWlaJtNTTHG6;D:\dev\SB19\saved_pages\felip_drinksmoke_superior_session_live_20260129_231957.html
2026-01-29 23:20:07;CRIMINAL (Superior Session Live);FELIP;1705490;https://open.spotify.com/track/2FxQjJcpsdHQHTqjVhlqP4;D:\dev\SB19\saved_pages\felip_criminal_superior_session_live_20260129_232007.html
2026-01-29 23:20:17;STRAYDOGS (Superior Session Live);FELIP;1336683;https://open.spotify.com/track/4W28quZaVhLdbpojBeooaZ;D:\dev\SB19\saved_pages\felip_straydogs_superior_session_live_20260129_232017.html
2026-01-29 23:20:26;to sin is human, to forgive is divine - live;FELIP;156249;https://open.spotify.com/track/5lbuH5ieouWZ43qHAcCK08;D:\dev\SB19\saved_pages\felip_to_sin_is_human_to_forgive_is_divine_live_20260129_232026.html
2026-01-29 23:20:36;foes - live;FELIP;149555;https://open.spotify.com/track/44TFeq1FSLniRzbThYVWom;D:\dev\SB19\saved_pages\felip_foes_live_20260129_232036.html
2026-01-29 23:20:46;envy - live;FELIP;132520;https://open.spotify.com/track/41gwpmt6wVdwDgjE430dm6;D:\dev\SB19\saved_pages\felip_envy_live_20260129_232046.html
2026-01-29 23:20:56;greed - live;FELIP;143175;https://open.spotify.com/track/5fWWoFfmqwBhBq93Rc6YqB;D:\dev\SB19\saved_pages\felip_greed_live_20260129_232056.html
2026-01-29 23:21:06;lust - live;FELIP;138400;https://open.spotify.com/track/2hlY0jd3uRy5i7SuN1oz7Z;D:\dev\SB19\saved_pages\felip_lust_live_20260129_232106.html
2026-01-29 23:21:16;pride - live;FELIP;125445;https://open.spotify.com/track/45ZCoFCk3DL7d84d7bwWdz;D:\dev\SB19\saved_pages\felip_pride_live_20260129_232115.html
2026-01-29 23:21:25;gluttony (feat. PLAYERTWO) - live;FELIP;126838;https://open.spotify.com/track/0HaZMHBzZOYqdEcCtzAHEU;D:\dev\SB19\saved_pages\felip_gluttony_feat_playertwo_live_20260129_232125.html
2026-01-29 23:21:35;wrath - live;FELIP;138799;https://open.spotify.com/track/5ykca7sZJ8OAUepkUGIdRE;D:\dev\SB19\saved_pages\felip_wrath_live_20260129_232135.html
2026-01-29 23:21:44;tokyo - live;FELIP;605370;https://open.spotify.com/track/5KKi1lmsdHfm4IYZ1YSy94;D:\dev\SB19\saved_pages\felip_tokyo_live_20260129_232144.html
2026-01-29 23:21:54;sloth - live;FELIP;133972;https://open.spotify.com/track/6dmzbxC4WjfB3ucXZUUaO5;D:\dev\SB19\saved_pages\felip_sloth_live_20260129_232154.html
2026-01-29 23:22:03;grace - live;FELIP;140849;https://open.spotify.com/track/6HsmDcIbYCn7YzWBUKEucW;D:\dev\SB19\saved_pages\felip_grace_live_20260129_232203.html
2026-01-29 23:22:13;ache - live;FELIP;165360;https://open.spotify.com/track/4lQY03QyHAKDj6XdDgVDcL;D:\dev\SB19\saved_pages\felip_ache_live_20260129_232213.html
2026-01-29 23:22:22;WILD TONIGHT;JOSH CULLEN;9725075;https://open.spotify.com/track/4yBwaJUom5dOYp54wU6hA2;D:\dev\SB19\saved_pages\josh_cullen_wild_tonight_20260129_232222.html
2026-01-29 23:22:32;Pakiusap Lang;JOSH CULLEN;5258106;https://open.spotify.com/track/6trU06kJgdYaPqRUvz5K9e;D:\dev\SB19\saved_pages\josh_cullen_pakiusap_lang_20260129_232232.html
2026-01-29 23:22:42;GET RIGHT;JOSH CULLEN;4612628;https://open.spotify.com/track/56FnjRDkdoCV5lVSyuQ9MU;D:\dev\SB19\saved_pages\josh_cullen_get_right_20260129_232242.html
2026-01-29 23:22:51;Yoko Na;JOSH CULLEN;10361088;https://open.spotify.com/track/6SIaYQUPOJpO8XFWeTl5dC;D:\dev\SB19\saved_pages\josh_cullen_yoko_na_20260129_232251.html
2026-01-29 23:23:01;1999;JOSH CULLEN;6225915;https://open.spotify.com/track/0PMfgKba5PLGETb02cDcMg;D:\dev\SB19\saved_pages\josh_cullen_1999_20260129_232301.html
2026-01-29 23:23:10;See Me;JOSH CULLEN;2916694;https://open.spotify.com/track/5jH6p468HtmNHdJiubGQ6t;D:\dev\SB19\saved_pages\josh_cullen_see_me_20260129_232310.html
2026-01-29 23:23:20;Silent Cries;JOSH CULLEN;3827827;https://open.spotify.com/track/1x0Y2jS5oJW4Q3aU9jZBER;D:\dev\SB19\saved_pages\josh_cullen_silent_cries_20260129_232320.html
2026-01-29 23:23:29;Honest;JOSH CULLEN;2641150;https://open.spotify.com/track/1Rl5KDAu4wrUsQZZtD2hiy;D:\dev\SB19\saved_pages\josh_cullen_honest_20260129_232329.html
2026-01-29 23:23:39;No Control;JOSH CULLEN;2191722;https://open.spotify.com/track/0Rg0DIhiShdvZvF7snNZIt;D:\dev\SB19\saved_pages\josh_cullen_no_control_20260129_232339.html
2026-01-29 23:23:49;Lights Out;JOSH CULLEN;1952934;https://open.spotify.com/track/2TQQX4gYeQmobxNEXwtrZ3;D:\dev\SB19\saved_pages\josh_cullen_lights_out_20260129_232349.html
2026-01-29 23:23:58;Sumaya;JOSH CULLEN;5308051;https://open.spotify.com/track/2qKu8tPpilCBJqxzGWcOaC;D:\dev\SB19\saved_pages\josh_cullen_sumaya_20260129_232358.html
2026-01-29 23:24:08;Silent Cries (Instrumental);JOSH CULLEN;531504;https://open.spotify.com/track/5FQodaxJAZTUPjdpbDT9pa;D:\dev\SB19\saved_pages\josh_cullen_silent_cries_instrumental_20260129_232408.html
2026-01-29 23:24:17;No Control (Instrumental);JOSH CULLEN;518542;https://open.spotify.com/track/65LG9NubWQtyImpyNXotHo;D:\dev\SB19\saved_pages\josh_cullen_no_control_instrumental_20260129_232417.html
2026-01-29 23:24:27;Takbuhan;JOSH CULLEN;917082;https://open.spotify.com/track/3RCVzaTWA7h1SR0nWQtIk1;D:\dev\SB19\saved_pages\josh_cullen_takbuhan_20260129_232427.html
2026-01-29 23:24:37;Re: Thinkin' About You;JOSH CULLEN;4248317;https://open.spotify.com/track/2R1CjdVdXz7frvQRwCdQa6;D:\dev\SB19\saved_pages\josh_cullen_re_thinkin_about_you_20260129_232436.html
2026-01-29 23:24:46;Room;Stell;11982698;https://open.spotify.com/track/1PLKN0HC7m5drBHg0jarZE;D:\dev\SB19\saved_pages\stell_room_20260129_232446.html
2026-01-29 23:24:56;Anino;Stell;6075550;https://open.spotify.com/track/5tMJZOyBv8t49i9elHuQZF;D:\dev\SB19\saved_pages\stell_anino_20260129_232456.html
2026-01-29 23:25:05;'Di Ko Masabi;Stell;7625844;https://open.spotify.com/track/3JEE0hhTI6u9CEZCZWalKe;D:\dev\SB19\saved_pages\stell_di_ko_masabi_20260129_232505.html
2026-01-29 23:25:15;Classic;Stell;6537019;https://open.spotify.com/track/15bdfvbGida1Z8OVZ0YvSQ;D:\dev\SB19\saved_pages\stell_classic_20260129_232515.html
2026-01-29 23:25:24;Room (Stripped);Stell;4760196;https://open.spotify.com/track/6fwpkEZRQZ8Kr5Ws4q0Kyn;D:\dev\SB19\saved_pages\stell_room_stripped_20260129_232524.html
2026-01-29 23:25:34;Surreal;justin;14955077;https://open.spotify.com/track/5TT4xi1HEPTkVTO59jY3tz;D:\dev\SB19\saved_pages\justin_surreal_20260129_232534.html
2026-01-29 23:25:43;Sunday Morning;justin;5428541;https://open.spotify.com/track/3sp427zYHOXL3LPCYgwuRv;D:\dev\SB19\saved_pages\justin_sunday_morning_20260129_232543.html
2026-01-29 23:25:53;Kaibigan;justin;8792167;https://open.spotify.com/track/3rwioq6hSNjwynK8rVPCma;D:\dev\SB19\saved_pages\justin_kaibigan_20260129_232553.html
2026-01-29 23:26:03;Sampung Mga Daliri;justin;7552725;https://open.spotify.com/track/2MHg2BVPaTgiCUDWp2jZqf;D:\dev\SB19\saved_pages\justin_sampung_mga_daliri_20260129_232602.html
2026-01-29 23:26:12;Sampung Mga Daliri (Reimagined Version);justin;714569;https://open.spotify.com/track/4nnhn2O5oQmPC2HedN5W4b;D:\dev\SB19\saved_pages\justin_sampung_mga_daliri_reimagined_version_20260129_232612.html
2026-01-29 23:26:22;Sampung Mga Daliri (Acoustic Version);justin;1571517;https://open.spotify.com/track/0WoGaGmUip0OPQ662Drdlj;D:\dev\SB19\saved_pages\justin_sampung_mga_daliri_acoustic_version_20260129_232622.html
2026-01-29 23:26:31;GENTO - From THE FIRST TAKE;SB19;7043341;https://open.spotify.com/track/2h7syqD1QScej4PqMxJfp2;D:\dev\SB19\saved_pages\sb19_gento_from_the_first_take_20260129_232631.html
2026-01-29 23:26:41;MAPA - From THE FIRST TAKE;SB19;5189496;https://open.spotify.com/track/4MZbVDIPOYmPkjcVqpPe9v;D:\dev\SB19\saved_pages\sb19_mapa_from_the_first_take_20260129_232641.html
2026-01-29 23:26:50;DAM - From THE FIRST TAKE;SB19;2092311;https://open.spotify.com/track/14WOLW4oTwD7Mh9eb0hLDs;D:\dev\SB19\saved_pages\sb19_dam_from_the_first_take_20260129_232650.html
2026-01-29 23:27:00;Time - From THE FIRST TAKE;SB19;2224420;https://open.spotify.com/track/1ctnGFHyklJbmHLyaDYtyg;D:\dev\SB19\saved_pages\sb19_time_from_the_first_take_20260129_232700.html
2026-01-29 23:27:10;Moonlight (Ian Asher Club Mix);SB19;2944249;https://open.spotify.com/track/5YYzdzlunDyLDwlM40W0Gc;D:\dev\SB19\saved_pages\sb19_moonlight_ian_asher_club_mix_20260129_232710.html
2026-01-29 23:27:19;Umaaligid (Extended Ver.);SB19;2730668;https://open.spotify.com/track/1XFHLGwXrlL0FpJgRcFYTI;D:\dev\SB19\saved_pages\sb19_umaaligid_extended_ver_20260129_232719.html
2026-01-29 23:27:29;Love Yours (DIOR & RealBros Remix);SB19;864970;https://open.spotify.com/track/3qw9D8YC0sezDriUMx5lRG;D:\dev\SB19\saved_pages\sb19_love_yours_dior_realbros_remix_20260129_232729.html
2026-01-29 23:27:38;What? - Extended Version;SB19;6299574;https://open.spotify.com/track/7jn2llkeDI9IRROCYNa7sL;D:\dev\SB19\saved_pages\sb19_what_extended_version_20260129_232738.html
