timestamp;song_title;artist;streams;source_file
2026-01-24 02:49:49;Tilaluha;SB19;23564846;sb19_tilaluha_20260124_024949.html
2026-01-24 02:50:09;Alab (Burning);SB19;22520144;sb19_alab_burning_20260124_025009.html
2026-01-24 02:56:34;Hanggang Sa Huli;SB19;32168095;sb19_hanggang_sa_huli_20260124_025634.html
2026-01-24 02:56:44;Love Goes;SB19;11100278;sb19_love_goes_20260124_025644.html
2026-01-24 02:56:54;Love Goes - EDM Version;SB19;7110567;sb19_love_goes_edm_version_20260124_025654.html
2026-01-24 02:57:05;Wag Mong Ikunot Ang Iyong Noo;SB19;9418386;sb19_wag_mong_ikunot_ang_iyong_noo_20260124_025705.html
2026-01-24 02:57:16;Tilaluha - Instrumental;SB19;2206559;sb19_tilaluha_instrumental_20260124_025716.html
2026-01-24 02:57:26;Hanggang Sa Huli - Instrumental;SB19;2315349;sb19_hanggang_sa_huli_instrumental_20260124_025726.html
2026-01-24 02:57:35;What?;SB19;25621866;sb19_what_20260124_025735.html
2026-01-24 02:57:45;MAPA;SB19;85768814;sb19_mapa_20260124_025745.html
2026-01-24 02:57:55;Bazinga;SB19;31673188;sb19_bazinga_20260124_025755.html
2026-01-24 02:58:04;SLMT;SB19;17406979;sb19_slmt_20260124_025804.html
2026-01-24 02:58:14;Mana;SB19;20705520;sb19_mana_20260124_025814.html
2026-01-24 02:58:24;Ikako;SB19;14677389;sb19_ikako_20260124_025824.html
2026-01-24 02:58:33;GENTO;SB19;75609108;sb19_gento_20260124_025833.html
2026-01-24 02:58:43;I WANT YOU;SB19;31441705;sb19_i_want_you_20260124_025843.html
2026-01-24 02:58:53;ILAW;SB19;19631264;sb19_ilaw_20260124_025853.html
2026-01-24 02:59:02;CRIMZONE;SB19;25256576;sb19_crimzone_20260124_025902.html
2026-01-24 02:59:12;LIHAM;SB19;20028932;sb19_liham_20260124_025912.html
2026-01-24 02:59:21;FREEDOM;SB19;16350128;sb19_freedom_20260124_025921.html
2026-01-24 02:59:31;DAM;SB19;60155367;sb19_dam_20260124_025931.html
2026-01-24 02:59:41;Time;SB19;21730996;sb19_time_20260124_025941.html
2026-01-24 02:59:51;8TonBall;SB19;15715910;sb19_8tonball_20260124_025951.html
2026-01-24 03:00:00;Quit;SB19;16785801;sb19_quit_20260124_030000.html
2026-01-24 03:00:10;Shooting for the Stars;SB19;14713040;sb19_shooting_for_the_stars_20260124_030010.html
2026-01-24 03:00:20;DUNGKA!;SB19;27457986;sb19_dungka_20260124_030020.html
2026-01-24 03:00:29;DAM (Extended Ver.);SB19;18701726;sb19_dam_extended_ver_20260124_030029.html
2026-01-24 03:00:39;WYAT (Where You At);SB19;24980883;sb19_wyat_where_you_at_20260124_030039.html
2026-01-24 03:00:49;Nyebe;SB19;18012381;sb19_nyebe_20260124_030049.html
2026-01-24 03:00:58;No Stopping You;SB19;8714066;sb19_no_stopping_you_20260124_030058.html
2026-01-24 03:01:08;Ligaya;SB19;9678202;sb19_ligaya_20260124_030108.html
2026-01-24 03:01:18;MAPA (Band Version);"SB19, Ben&amp;Ben";27862410;sb19_mapa_band_version_20260124_030118.html
2026-01-24 03:01:27;Kabataang Pinoy;BINI, SB19, Jonathan Manalo;9082991;sb19_kabataang_pinoy_20260124_030127.html
2026-01-24 03:01:37;WIN YOUR HEART;SB19;11025641;sb19_win_your_heart_20260124_030137.html
2026-01-24 03:01:47;CHRISTMAS PARTY - SB19 VƎRSION;SB19;4446898;sb19_christmas_party_sb19_version_20260124_030147.html
2026-01-24 03:01:56;golden hour (SB19 Remix);JVKE, SB19;20893727;sb19_golden_hour_sb19_remix_20260124_030156.html
2026-01-24 03:02:06;Moonlight;Ian Asher, SB19, Terry Zhong;22532341;sb19_moonlight_20260124_030206.html
2026-01-24 03:02:16;Ready;apl.de.ap, SB19;9665131;sb19_ready_20260124_030216.html
2026-01-24 03:02:25;KALAKAL;SB19, Gloc-9;21621502;sb19_kalakal_20260124_030225.html
2026-01-24 03:02:35;MAPA (Indonesian Ver.);SB19, Aruma;7340737;sb19_mapa_indonesian_version_20260124_030235.html
2026-01-24 03:02:45;Umaaligid;Sarah Geronimo, SB19;12926220;sb19_umaaligid_20260124_030245.html
2026-01-24 03:02:54;Burn The Flame (feat. SB19);Honor of Kings, SB19;2900619;sb19_burn_the_flame_20260124_030254.html
2026-01-24 03:03:04;Burn The Flame (Taglish Version) (feat. SB19);Honor of Kings, SB19;800350;sb19_burn_the_flame_taglish_version_20260124_030304.html
2026-01-24 03:03:14;Burn The Flame (Karaoke Version) (feat. SB19);Honor of Kings, SB19;192745;sb19_burn_the_flame_karaoke_version_20260124_030314.html
2026-01-24 03:03:23;Burn The Flame (Instrumental) (feat. SB19);Honor of Kings, SB19;135937;sb19_burn_the_flame_instrumental_20260124_030323.html
2026-01-24 03:03:33;Love Yours (feat. SB19);Ohwon Lee, SB19;5493926;sb19_love_yours_20260124_030333.html
2026-01-24 03:03:42;Kapangyarihan - feat. SB19;"Ben&amp;Ben, SB19";22998427;sb19_kapangyarihan_20260124_030342.html
2026-01-24 03:03:52;The One;SB19;8860972;sb19_the_one_20260124_030352.html
2026-01-24 03:04:02;Merry Munchkins (SB19 Version);Dunkin' Philippines;2732177;sb19_merry_munchkins_sb19_version_20260124_030402.html
2026-01-24 03:04:11;Live It Up;Acer Philippines, SB19;3916652;sb19_live_it_up_20260124_030411.html
2026-01-24 03:04:21;Make Your Green Mark;Acer Philippines, SB19;2451309;sb19_make_your_green_mark_20260124_030421.html
2026-01-24 03:04:31;Ace Your World;Acer Philippines, SB19, Sarah Geronimo;3078318;sb19_ace_your_world_20260124_030431.html
2026-01-24 03:04:40;"Reset (feat. SB19 &amp; Sandara Park)";Acer Philippines, SB19, Sandara Park;3162798;sb19_reset_20260124_030440.html
2026-01-24 03:04:50;Tahanan (feat. SB19);Acer Philippines, SB19;1570479;sb19_tahanan_20260124_030450.html
2026-01-24 03:05:00;G Pa Rin Ang Pasko (feat. SB19);GCash, SB19;796732;sb19_g_pa_rin_ang_pasko_20260124_030500.html
2026-01-24 03:05:09;"Ready, Set, G! (feat. SB19 &amp; GCash Jr.)";GCash, GCash Jr., SB19;1134886;sb19_ready_set_g_20260124_030509.html
2026-01-24 03:05:19;We Wish You A Merry GCash (feat. SB19);GCash, SB19;1320370;sb19_we_wish_you_a_merry_gcash_20260124_030519.html
2026-01-24 03:05:29;Make It Merry, I-GCash Mo (feat. SB19);GCash, SB19;990488;sb19_make_it_merry_i_gcash_mo_20260124_030529.html
2026-01-24 03:05:38;Tara, Summer Na! (feat. SB19);GCash, SB19;1893991;sb19_tara_summer_na_20260124_030538.html
2026-01-24 03:05:48;TM Doble Dekada (Samahang Pina-Easy);The Juans, SB19, Donnalyn, Matthaios;2839048;sb19_tm_doble_dekada_samahang_pina_easy_20260124_030548.html
2026-01-24 03:05:57;Dobleng GV sa FunPasko (Noon, Ngayon, Palagi);The Juans, SB19;672307;sb19_dobleng_gv_sa_funpasko_noon_ngayon_palagi_20260124_030557.html
2026-01-24 03:06:07;TM FunPasko (Samahang Pina-Easy);The Juans, SB19, Donnalyn;900609;sb19_tm_funpasko_samahang_pina_easy_20260124_030607.html
2026-01-24 03:06:17;Push Ang Pusuan;The Juans, SB19, Matthaios;3460995;sb19_push_ang_pusuan_20260124_030617.html
2026-01-24 03:06:26;Team Tayo;The Juans, SB19;1055171;sb19_team_tayo_20260124_030626.html
2026-01-24 03:06:36;Ating Pasko;Acer Philippines, SB19, G22;2425315;sb19_ating_pasko_20260124_030636.html
2026-01-24 03:06:45;La Luna;PABLO;17411592;pablo_la_luna_20260124_030645.html
2026-01-24 03:07:05;Presyon;PABLO;2635129;pablo_presyon_20260124_030705.html
2026-01-24 03:07:15;Wala;PABLO;2868083;pablo_wala_20260124_030715.html
2026-01-24 03:07:24;The Boy Who Cried Wolf;PABLO;4871807;pablo_the_boy_who_cried_wolf_20260124_030724.html
2026-01-24 03:07:34;Kumunoy;PABLO;3936887;pablo_kumunoy_20260124_030734.html
2026-01-24 03:07:44;Kelan;PABLO, Josue;2429751;pablo_kelan_20260124_030744.html
2026-01-24 03:07:53;Drowning in the Water;PABLO;5600545;pablo_drowning_in_the_water_20260124_030753.html
2026-01-24 03:08:03;Breathe (Outro);PABLO;1889949;pablo_breathe_outro_20260124_030803.html
2026-01-24 03:08:12;Neumun;PABLO;3650800;pablo_neumun_20260124_030812.html
2026-01-24 03:08:22;Don't Care;PABLO;2774668;pablo_don_t_care_20260124_030822.html
2026-01-24 03:08:32;Butata;PABLO;6621583;pablo_butata_20260124_030832.html
2026-01-24 03:08:41;Puyat;PABLO;3172479;pablo_puyat_20260124_030841.html
2026-01-24 03:08:51;Blessed;PABLO;4035753;pablo_blessed_20260124_030851.html
2026-01-24 03:09:01;Tambol (Ibang Planeta);PABLO;2491834;pablo_tambol_ibang_planeta_20260124_030901.html
2026-01-24 03:09:10;Micha!;PABLO;3437580;pablo_micha_20260124_030910.html
2026-01-24 03:09:20;DETERMINADO;RADKIDZ, PABLO, Josue;6304971;pablo_determinado_20260124_030920.html
2026-01-24 03:09:29;AKALA;RADKIDZ, PABLO, Josue;5364688;pablo_akala_20260124_030929.html
2026-01-24 03:09:39;edsa;PABLO;7817955;pablo_edsa_20260124_030939.html
2026-01-24 03:09:49;Liwanag sa Dilim - from “Incognito”;PABLO;6300089;pablo_liwanag_sa_dilim_from_incognito_20260124_030949.html
2026-01-24 03:09:58;Palayo;Felip;12302889;felip_palayo_20260124_030958.html
2026-01-24 03:10:08;Bulan;Felip;6668591;felip_bulan_20260124_031008.html
2026-01-24 03:10:18;ROCKSTA;Felip;6386825;felip_rocksta_20260124_031018.html
2026-01-24 03:10:27;SUPERIORITY;Felip;3678269;felip_superiority_20260124_031027.html
2026-01-24 03:10:37;MICTEST;Felip;4210438;felip_mictest_20260124_031037.html
2026-01-24 03:10:47;DRINKSMOKE;Felip;5248030;felip_drinksmoke_20260124_031047.html
2026-01-24 03:10:56;CRIMINAL;Felip;6546864;felip_criminal_20260124_031056.html
2026-01-24 03:11:06;STRAYDOGS;Felip;5569786;felip_straydogs_20260124_031106.html
2026-01-24 03:11:16;Kanako;Felip;9725000;felip_kanako_20260124_031116.html
2026-01-24 03:11:25;Moving Closer;Felip;10294225;felip_moving_closer_20260124_031125.html
2026-01-24 03:11:35;FLYYY;PLAYERTWO, Felip;3503315;felip_flyyy_20260124_031135.html
2026-01-24 03:11:45;Pagdali;PLAYERTWO, Felip;3394706;felip_pagdali_20260124_031145.html
2026-01-24 03:11:55;Fake Faces;Felip;8759483;felip_fake_faces_20260124_031155.html
2026-01-24 03:12:04;foes;Felip;2381585;felip_foes_20260124_031204.html
2026-01-24 03:12:14;envy;Felip;3405428;felip_envy_20260124_031214.html
2026-01-24 03:12:24;wrath;Felip;2018589;felip_wrath_20260124_031224.html
2026-01-24 03:12:33;greed;Felip;3304643;felip_greed_20260124_031233.html
2026-01-24 03:12:43;pride;Felip;1915087;felip_pride_20260124_031243.html
2026-01-24 03:12:53;gluttony (feat. PLAYERTWO);Felip, PLAYERTWO;1713362;felip_gluttony_20260124_031253.html
2026-01-24 03:13:02;lust (feat. Cyra Gwynth);Felip, Cyra Gwynth;3484716;felip_lust_20260124_031302.html
2026-01-24 03:13:12;sloth;Felip;2539569;felip_sloth_20260124_031312.html
2026-01-24 03:13:22;ache;Felip;4493715;felip_ache_20260124_031322.html
2026-01-24 03:13:32;ID feat. RYOKI (BE:FIRST), RYUKI (MAZZEL), JIMMY (PSYCHIC FEVER), FELIP;SKY-HI, RYOKI, RYUKI, JIMMY, Felip;2392256;felip_id_20260124_031332.html
2026-01-24 03:13:41;"KAWASAKI (with Felip &amp; thủy)";ONE OR EIGHT, Felip, thủy;1642060;felip_kawasaki_20260124_031341.html
2026-01-24 03:13:51;WILD TONIGHT;JOSH CULLEN;9693971;josh_cullen_wild_tonight_20260124_031351.html
2026-01-24 03:14:01;Pakiusap Lang;JOSH CULLEN;5247430;josh_cullen_pakiusap_lang_20260124_031401.html
2026-01-24 03:14:12;GET RIGHT;JOSH CULLEN;4597468;josh_cullen_get_right_20260124_031412.html
2026-01-24 03:14:21;Yoko Na;JOSH CULLEN, Al James;10331283;josh_cullen_yoko_na_20260124_031421.html
2026-01-24 03:14:31;1999;JOSH CULLEN;6185245;josh_cullen_1999_20260124_031431.html
2026-01-24 03:14:41;See Me;JOSH CULLEN;2896471;josh_cullen_see_me_20260124_031441.html
2026-01-24 03:14:53;Silent Cries;JOSH CULLEN;3809365;josh_cullen_silent_cries_20260124_031453.html
2026-01-24 03:15:03;Honest;JOSH CULLEN;2627957;josh_cullen_honest_20260124_031503.html
2026-01-24 03:15:13;No Control (feat. (e)motion engine);JOSH CULLEN, (e)motion engine;2179365;josh_cullen_no_control_20260124_031513.html
2026-01-24 03:15:23;Lights Out (feat. Mo Mitchell);JOSH CULLEN, Mo Mitchell;1939393;josh_cullen_lights_out_20260124_031523.html
2026-01-24 03:15:32;Sumaya;JOSH CULLEN;5286101;josh_cullen_sumaya_20260124_031532.html
2026-01-24 03:15:42;Silent Cries - Instrumental;JOSH CULLEN;527236;josh_cullen_silent_cries_instrumental_20260124_031542.html
2026-01-24 03:15:52;No Control - Instrumental;JOSH CULLEN;514408;josh_cullen_no_control_instrumental_20260124_031552.html
2026-01-24 03:16:01;Takbuhan;Kael Guerrero, JOSH CULLEN;907737;josh_cullen_takbuhan_20260124_031601.html
2026-01-24 03:16:11;Re: Thinkin' About You;H1-KEY, JOSH CULLEN;4226951;josh_cullen_re_thinkin_about_you_20260124_031611.html
2026-01-24 03:16:22;Room;Stell;11902188;stell_room_20260124_031622.html
2026-01-24 03:16:32;Anino;Stell;6025353;stell_anino_20260124_031632.html
2026-01-24 03:16:42;‘Di Ko Masabi;Stell;7566031;stell_di_ko_masabi_20260124_031642.html
2026-01-24 03:16:51;Classic;Stell;6479288;stell_classic_20260124_031651.html
2026-01-24 03:17:01;Room - Stripped;Stell;4719201;stell_room_stripped_20260124_031701.html
2026-01-24 03:17:11;surreal;justin;14893244;justin_surreal_20260124_031711.html
2026-01-24 03:17:20;sunday morning;justin;5399027;justin_sunday_morning_20260124_031720.html
2026-01-24 03:17:30;kaibigan;justin;8747000;justin_kaibigan_20260124_031730.html
2026-01-24 03:17:40;Sampung Mga Daliri (Acoustic Version);dwta, justin;1553336;justin_palayo_20260124_031740.html
2026-01-24 03:17:49;Sampung Mga Daliri (Reimagined Version);dwta, justin;704340;justin_silangan_20260124_031749.html
2026-01-24 03:17:59;Sampung Mga Daliri;dwta, justin;7503233;justin_sampung_mga_daliri_20260124_031759.html
2026-01-24 03:18:09;GENTO - From THE FIRST TAKE;SB19;6990212;sb19_gento_from_the_first_take_20260124_031809.html
2026-01-24 03:18:18;MAPA - From THE FIRST TAKE;SB19;5146389;sb19_mapa_from_the_first_take_20260124_031818.html
2026-01-24 03:18:28;DAM - From THE FIRST TAKE;SB19;1985334;sb19_dam_from_the_first_take_20260124_031828.html
2026-01-24 03:18:38;Time - From THE FIRST TAKE;SB19;2096718;sb19_time_from_the_first_take_20260124_031838.html
2026-01-24 03:18:47;No Stopping You - Remix;SB19, Jayda;8714066;sb19_no_stopping_you_remix_20260124_031847.html
2026-01-24 03:18:57;Moonlight (Ian Asher Club Mix);Ian Asher, SB19, Terry Zhong;2925445;sb19_moonlight_ian_asher_club_mix_20260124_031857.html
2026-01-24 03:19:06;Umaaligid - Extended Ver.;Sarah Geronimo, SB19;2701956;sb19_umaaligid_extended_ver_20260124_031906.html
2026-01-24 03:19:18;"Love Yours (feat. SB19) - DIOR &amp; RealBros Remix";Ohwon Lee, SB19;861910;sb19_love_yours_dior_realbros_remix_20260124_031918.html
2026-01-24 03:19:27;What? - Extended Version;SB19;6273778;sb19_what_extended_version_20260124_031927.html
2026-01-24 21:57:02;Palayo - Live Band Version;Felip;2224861;felip_palayo_live_band_ver_20260124_215702.html
2026-01-24 21:57:12;Bulan - Live Band Version;Felip;1944147;felip_bulan_live_band_ver_20260124_215712.html
2026-01-24 21:57:22;Palayo - Instrumental;Felip;1258668;felip_palayo_inst_20260124_215722.html
2026-01-24 21:57:31;Bulan - Instrumental;Felip;1183342;felip_bulan_inst_20260124_215731.html
2026-01-24 21:57:41;Moving Closer - From the Cafe;Felip;2198260;felip_moving_closer_from_the_cafe_20260124_215741.html
2026-01-24 21:57:51;Moving Closer - From the Lounge;Felip;1521143;felip_moving_closer_from_the_lounge_20260124_215751.html
2026-01-24 21:58:04;ID - feat. SHUNTO (BE:FIRST), RYUKI (MAZZEL), JIMMY (PSYCHIC FEVER), Felip;SKY-HI, SHUNTO, RYUKI, JIMMY, Felip;175157;felip_id_new_version_20260124_215804.html
2026-01-24 21:58:14;ROCKSTA - Superior Sessions Live;Felip;1497699;felip_rocksta_superior_session_live_20260124_215814.html
2026-01-24 21:58:23;SUPERIORITY - Superior Sessions Live;Felip;1398219;felip_superiority_superior_session_live_20260124_215823.html
2026-01-24 21:58:33;MICTEST - Superior Sessions Live;Felip;1330100;felip_mictest_superior_session_live_20260124_215833.html
2026-01-24 21:58:43;DRINKSMOKE - Superior Sessions Live;Felip;1509131;felip_drinksmoke_superior_session_live_20260124_215843.html
2026-01-24 21:58:52;CRIMINAL - Superior Sessions Live;Felip;1701419;felip_criminal_superior_session_live_20260124_215852.html
2026-01-24 21:59:02;STRAYDOGS - Superior Sessions Live;Felip;1333181;felip_straydogs_superior_session_live_20260124_215902.html
2026-01-24 21:59:12;to sin is human, to forgive is divine - 7sins: the album concert (live);Felip;153043;felip_to_sin_is_human_to_forgive_is_divine_live_20260124_215912.html
2026-01-24 21:59:21;foes - 7sins: the album concert (live);Felip;146879;felip_foes_live_20260124_215921.html
2026-01-24 21:59:31;envy - 7sins: the album concert (live);Felip;129508;felip_envy_live_20260124_215931.html
2026-01-24 21:59:41;greed - 7sins: the album concert (live);Felip;140078;felip_greed_live_20260124_215941.html
2026-01-24 21:59:50;lust (feat. Cyra Gwynth) - 7sins: the album concert (live);Felip, Cyra Gwynth;135824;felip_lust_live_20260124_215950.html
2026-01-24 22:00:00;pride - 7sins: the album concert (live);Felip;122919;felip_pride_live_20260124_220000.html
2026-01-24 22:00:10;gluttony (feat. PLAYERTWO) - 7sins: the album concert (live);Felip, PLAYERTWO;123949;felip_gluttony_feat_playertwo_live_20260124_220010.html
2026-01-24 22:00:19;wrath - 7sins: the album concert (live);Felip;134272;felip_wrath_live_20260124_220019.html
2026-01-24 22:00:29;tokyo - 7sins: the album concert (live);Felip;588594;felip_tokyo_live_20260124_220029.html
2026-01-24 22:00:39;sloth - 7sins: the album concert (live);Felip;130821;felip_sloth_live_20260124_220039.html
2026-01-24 22:00:48;grace - 7sins: the album concert (live);Felip;137154;felip_grace_live_20260124_220048.html
2026-01-24 22:00:58;ache - 7sins: the album concert (live);Felip;160453;felip_ache_live_20260124_220058.html
2026-01-24 23:17:58;Go Up;SB19;26714910;sb19_go_up_20260124_231758.html
2026-01-25 08:52:40;Tilaluha;SB19;23577280;sb19_tilaluha_20260125_085240.html
2026-01-25 08:52:54;Go Up;SB19;26714910;sb19_go_up_20260125_085254.html
2026-01-25 08:53:07;Alab (Burning);SB19;22532293;sb19_alab_burning_20260125_085307.html
2026-01-25 08:53:16;Hanggang Sa Huli;SB19;32184592;sb19_hanggang_sa_huli_20260125_085316.html
2026-01-25 08:53:26;Love Goes;SB19;11107862;sb19_love_goes_20260125_085326.html
2026-01-25 08:53:37;Love Goes - EDM Version;SB19;7114940;sb19_love_goes_edm_version_20260125_085337.html
2026-01-25 08:53:47;Wag Mong Ikunot Ang Iyong Noo;SB19;9428244;sb19_wag_mong_ikunot_ang_iyong_noo_20260125_085347.html
2026-01-25 08:53:57;Tilaluha - Instrumental;SB19;2207545;sb19_tilaluha_instrumental_20260125_085357.html
2026-01-25 08:54:06;Hanggang Sa Huli - Instrumental;SB19;2316413;sb19_hanggang_sa_huli_instrumental_20260125_085406.html
2026-01-25 08:54:16;What?;SB19;25634945;sb19_what_20260125_085416.html
2026-01-25 08:54:26;MAPA;SB19;85813626;sb19_mapa_20260125_085426.html
2026-01-25 08:54:35;Bazinga;SB19;31691142;sb19_bazinga_20260125_085435.html
2026-01-25 08:54:45;SLMT;SB19;17418207;sb19_slmt_20260125_085445.html
2026-01-25 08:54:55;Mana;SB19;20719432;sb19_mana_20260125_085455.html
2026-01-25 08:55:05;Ikako;SB19;14689009;sb19_ikako_20260125_085505.html
2026-01-25 08:55:14;GENTO;SB19;75652999;sb19_gento_20260125_085514.html
2026-01-25 08:55:24;I WANT YOU;SB19;31461837;sb19_i_want_you_20260125_085524.html
2026-01-25 08:55:33;ILAW;SB19;19648519;sb19_ilaw_20260125_085533.html
2026-01-25 08:55:43;CRIMZONE;SB19;25276204;sb19_crimzone_20260125_085543.html
2026-01-25 08:55:53;LIHAM;SB19;20046082;sb19_liham_20260125_085553.html
2026-01-25 08:56:03;FREEDOM;SB19;16363831;sb19_freedom_20260125_085603.html
2026-01-25 08:56:13;DAM;SB19;60249811;sb19_dam_20260125_085613.html
2026-01-25 08:56:22;Time;SB19;21778862;sb19_time_20260125_085622.html
2026-01-25 08:56:32;8TonBall;SB19;15754361;sb19_8tonball_20260125_085632.html
2026-01-25 08:56:41;Quit;SB19;16828077;sb19_quit_20260125_085641.html
2026-01-25 08:56:51;Shooting for the Stars;SB19;14751424;sb19_shooting_for_the_stars_20260125_085651.html
2026-01-25 08:57:01;DUNGKA!;SB19;27512691;sb19_dungka_20260125_085701.html
2026-01-25 08:57:10;DAM (Extended Ver.);SB19;18724988;sb19_dam_extended_ver_20260125_085710.html
2026-01-25 08:57:20;WYAT (Where You At);SB19;24994920;sb19_wyat_where_you_at_20260125_085720.html
2026-01-25 08:57:31;Nyebe;SB19;18027092;sb19_nyebe_20260125_085731.html
2026-01-25 08:57:41;No Stopping You;SB19;8721931;sb19_no_stopping_you_20260125_085741.html
2026-01-25 08:57:51;Ligaya;SB19;9682970;sb19_ligaya_20260125_085751.html
2026-01-25 08:58:00;MAPA (Band Version);"SB19, Ben&amp;Ben";27871529;sb19_mapa_band_version_20260125_085800.html
2026-01-25 08:58:10;Kabataang Pinoy;BINI, SB19, Jonathan Manalo;9085496;sb19_kabataang_pinoy_20260125_085810.html
2026-01-25 08:58:20;WIN YOUR HEART;SB19;11034640;sb19_win_your_heart_20260125_085820.html
2026-01-25 08:58:30;CHRISTMAS PARTY - SB19 VƎRSION;SB19;4449038;sb19_christmas_party_sb19_version_20260125_085830.html
2026-01-25 08:58:39;golden hour (SB19 Remix);JVKE, SB19;20906767;sb19_golden_hour_sb19_remix_20260125_085839.html
2026-01-25 08:58:49;Moonlight;Ian Asher, SB19, Terry Zhong;22546185;sb19_moonlight_20260125_085849.html
2026-01-25 08:58:59;Ready;apl.de.ap, SB19;9675310;sb19_ready_20260125_085859.html
2026-01-25 08:59:09;KALAKAL;SB19, Gloc-9;21636273;sb19_kalakal_20260125_085909.html
2026-01-25 08:59:24;MAPA (Indonesian Ver.);SB19, Aruma;7351309;sb19_mapa_indonesian_version_20260125_085924.html
2026-01-25 08:59:34;Umaaligid;Sarah Geronimo, SB19;12952270;sb19_umaaligid_20260125_085934.html
2026-01-25 08:59:44;Burn The Flame (feat. SB19);Honor of Kings, SB19;2918835;sb19_burn_the_flame_20260125_085944.html
2026-01-25 08:59:54;Burn The Flame (Taglish Version) (feat. SB19);Honor of Kings, SB19;803094;sb19_burn_the_flame_taglish_version_20260125_085954.html
2026-01-25 09:00:03;Burn The Flame (Karaoke Version) (feat. SB19);Honor of Kings, SB19;193821;sb19_burn_the_flame_karaoke_version_20260125_090003.html
2026-01-25 09:00:13;Burn The Flame (Instrumental) (feat. SB19);Honor of Kings, SB19;136461;sb19_burn_the_flame_instrumental_20260125_090013.html
2026-01-25 09:00:23;Love Yours (feat. SB19);Ohwon Lee, SB19;5497420;sb19_love_yours_20260125_090023.html
2026-01-25 09:00:32;Kapangyarihan - feat. SB19;"Ben&amp;Ben, SB19";23020646;sb19_kapangyarihan_20260125_090032.html
2026-01-25 09:00:42;The One;SB19;8867236;sb19_the_one_20260125_090042.html
2026-01-25 09:00:52;Merry Munchkins (SB19 Version);Dunkin' Philippines;2732596;sb19_merry_munchkins_sb19_version_20260125_090052.html
2026-01-25 09:01:03;Live It Up;Acer Philippines, SB19;3918472;sb19_live_it_up_20260125_090103.html
2026-01-25 09:01:13;Make Your Green Mark;Acer Philippines, SB19;2452312;sb19_make_your_green_mark_20260125_090113.html
2026-01-25 09:01:22;Ace Your World;Acer Philippines, SB19, Sarah Geronimo;3082139;sb19_ace_your_world_20260125_090122.html
2026-01-25 09:01:32;"Reset (feat. SB19 &amp; Sandara Park)";Acer Philippines, SB19, Sandara Park;3164396;sb19_reset_20260125_090132.html
2026-01-25 09:01:42;Tahanan (feat. SB19);Acer Philippines, SB19;1584585;sb19_tahanan_20260125_090142.html
2026-01-25 09:01:51;G Pa Rin Ang Pasko (feat. SB19);GCash, SB19;796732;sb19_g_pa_rin_ang_pasko_20260125_090151.html
2026-01-25 09:02:01;"Ready, Set, G! (feat. SB19 &amp; GCash Jr.)";GCash, GCash Jr., SB19;1134886;sb19_ready_set_g_20260125_090201.html
2026-01-25 09:02:11;We Wish You A Merry GCash (feat. SB19);GCash, SB19;1320909;sb19_we_wish_you_a_merry_gcash_20260125_090211.html
2026-01-25 09:02:20;Make It Merry, I-GCash Mo (feat. SB19);GCash, SB19;994836;sb19_make_it_merry_i_gcash_mo_20260125_090220.html
2026-01-25 09:02:30;Tara, Summer Na! (feat. SB19);GCash, SB19;1895201;sb19_tara_summer_na_20260125_090230.html
2026-01-25 09:02:40;TM Doble Dekada (Samahang Pina-Easy);The Juans, SB19, Donnalyn, Matthaios;2840982;sb19_tm_doble_dekada_samahang_pina_easy_20260125_090240.html
2026-01-25 09:02:49;Dobleng GV sa FunPasko (Noon, Ngayon, Palagi);The Juans, SB19;672549;sb19_dobleng_gv_sa_funpasko_noon_ngayon_palagi_20260125_090249.html
2026-01-25 09:02:59;TM FunPasko (Samahang Pina-Easy);The Juans, SB19, Donnalyn;901255;sb19_tm_funpasko_samahang_pina_easy_20260125_090259.html
2026-01-25 09:03:09;Push Ang Pusuan;The Juans, SB19, Matthaios;3464244;sb19_push_ang_pusuan_20260125_090309.html
2026-01-25 09:03:19;Team Tayo;The Juans, SB19;1055437;sb19_team_tayo_20260125_090319.html
2026-01-25 09:03:29;Ating Pasko;Acer Philippines, SB19, G22;2425604;sb19_ating_pasko_20260125_090329.html
2026-01-25 09:03:38;La Luna;PABLO;17415392;pablo_la_luna_20260125_090338.html
2026-01-25 09:03:58;Presyon;PABLO;2637556;pablo_presyon_20260125_090358.html
2026-01-25 09:04:08;Wala;PABLO;2870842;pablo_wala_20260125_090408.html
2026-01-25 09:04:17;The Boy Who Cried Wolf;PABLO;4876472;pablo_the_boy_who_cried_wolf_20260125_090417.html
2026-01-25 09:04:27;Kumunoy;PABLO;3946921;pablo_kumunoy_20260125_090427.html
2026-01-25 09:04:37;Kelan;PABLO, Josue;2432586;pablo_kelan_20260125_090437.html
2026-01-25 09:04:46;Drowning in the Water;PABLO;5606658;pablo_drowning_in_the_water_20260125_090446.html
2026-01-25 09:04:56;Breathe (Outro);PABLO;1891497;pablo_breathe_outro_20260125_090456.html
2026-01-25 09:05:06;Neumun;PABLO;3654194;pablo_neumun_20260125_090506.html
2026-01-25 09:05:15;Don't Care;PABLO;2777667;pablo_don_t_care_20260125_090515.html
2026-01-25 09:05:25;Butata;PABLO;6627853;pablo_butata_20260125_090525.html
2026-01-25 09:05:35;Puyat;PABLO;3176757;pablo_puyat_20260125_090535.html
2026-01-25 09:05:45;Blessed;PABLO;4041470;pablo_blessed_20260125_090545.html
2026-01-25 09:05:54;Tambol (Ibang Planeta);PABLO;2494031;pablo_tambol_ibang_planeta_20260125_090554.html
2026-01-25 09:06:04;Micha!;PABLO;3442664;pablo_micha_20260125_090604.html
2026-01-25 09:06:14;DETERMINADO;RADKIDZ, PABLO, Josue;6307789;pablo_determinado_20260125_090614.html
2026-01-25 09:06:24;AKALA;RADKIDZ, PABLO, Josue;5367549;pablo_akala_20260125_090624.html
2026-01-25 09:06:33;edsa;PABLO;7822124;pablo_edsa_20260125_090633.html
2026-01-25 09:06:43;Liwanag sa Dilim - from “Incognito”;PABLO;6307623;pablo_liwanag_sa_dilim_from_incognito_20260125_090643.html
2026-01-25 09:06:53;Palayo;Felip;12307321;felip_palayo_20260125_090653.html
2026-01-25 09:07:03;Bulan;Felip;6671068;felip_bulan_20260125_090703.html
2026-01-25 09:07:13;ROCKSTA;Felip;6389426;felip_rocksta_20260125_090713.html
2026-01-25 09:07:22;SUPERIORITY;Felip;3679825;felip_superiority_20260125_090722.html
2026-01-25 09:07:32;MICTEST;Felip;4212219;felip_mictest_20260125_090732.html
2026-01-25 09:07:42;DRINKSMOKE;Felip;5249956;felip_drinksmoke_20260125_090742.html
2026-01-25 09:07:52;CRIMINAL;Felip;6550716;felip_criminal_20260125_090752.html
2026-01-25 09:08:01;STRAYDOGS;Felip;5572033;felip_straydogs_20260125_090801.html
2026-01-25 09:08:11;Kanako;Felip;9735244;felip_kanako_20260125_090811.html
2026-01-25 09:08:21;Moving Closer;Felip;10299409;felip_moving_closer_20260125_090821.html
2026-01-25 09:08:30;FLYYY;PLAYERTWO, Felip;3504832;felip_flyyy_20260125_090830.html
2026-01-25 09:08:40;Pagdali;PLAYERTWO, Felip;3397324;felip_pagdali_20260125_090840.html
2026-01-25 09:08:50;Fake Faces;Felip;8765641;felip_fake_faces_20260125_090850.html
2026-01-25 09:09:00;foes;Felip;2383972;felip_foes_20260125_090900.html
2026-01-25 09:09:09;envy;Felip;3407999;felip_envy_20260125_090909.html
2026-01-25 09:09:19;wrath;Felip;2020790;felip_wrath_20260125_090919.html
2026-01-25 09:09:29;greed;Felip;3308501;felip_greed_20260125_090929.html
2026-01-25 09:09:38;pride;Felip;1916870;felip_pride_20260125_090938.html
2026-01-25 09:09:48;gluttony (feat. PLAYERTWO);Felip, PLAYERTWO;1714923;felip_gluttony_20260125_090948.html
2026-01-25 09:09:58;lust (feat. Cyra Gwynth);Felip, Cyra Gwynth;3488304;felip_lust_20260125_090958.html
2026-01-25 09:10:08;sloth;Felip;2542031;felip_sloth_20260125_091008.html
2026-01-25 09:10:17;ache;Felip;4498544;felip_ache_20260125_091017.html
2026-01-25 09:10:27;ID feat. RYOKI (BE:FIRST), RYUKI (MAZZEL), JIMMY (PSYCHIC FEVER), FELIP;SKY-HI, RYOKI, RYUKI, JIMMY, Felip;2394414;felip_id_20260125_091027.html
2026-01-25 09:10:37;"KAWASAKI (with Felip &amp; thủy)";ONE OR EIGHT, Felip, thủy;1645371;felip_kawasaki_20260125_091037.html
2026-01-25 09:10:48;Palayo - Live Band Version;Felip;2225987;felip_palayo_live_band_ver_20260125_091048.html
2026-01-25 09:10:58;Bulan - Live Band Version;Felip;1944689;felip_bulan_live_band_ver_20260125_091058.html
2026-01-25 09:11:08;Palayo - Instrumental;Felip;1258952;felip_palayo_inst_20260125_091108.html
2026-01-25 09:11:17;Bulan - Instrumental;Felip;1183758;felip_bulan_inst_20260125_091117.html
2026-01-25 09:11:27;Moving Closer - From the Cafe;Felip;2200064;felip_moving_closer_from_the_cafe_20260125_091127.html
2026-01-25 09:11:37;Moving Closer - From the Lounge;Felip;1522450;felip_moving_closer_from_the_lounge_20260125_091137.html
2026-01-25 09:11:46;ID - feat. SHUNTO (BE:FIRST), RYUKI (MAZZEL), JIMMY (PSYCHIC FEVER), Felip;SKY-HI, SHUNTO, RYUKI, JIMMY, Felip;178366;felip_id_new_version_20260125_091146.html
2026-01-25 09:11:56;ROCKSTA - Superior Sessions Live;Felip;1498265;felip_rocksta_superior_session_live_20260125_091156.html
2026-01-25 09:12:05;SUPERIORITY - Superior Sessions Live;Felip;1398845;felip_superiority_superior_session_live_20260125_091205.html
2026-01-25 09:12:35;MICTEST - Superior Sessions Live;Felip;1330637;felip_mictest_superior_session_live_20260125_091235.html
2026-01-25 09:12:44;DRINKSMOKE - Superior Sessions Live;Felip;1509843;felip_drinksmoke_superior_session_live_20260125_091244.html
2026-01-25 09:12:54;CRIMINAL - Superior Sessions Live;Felip;1702161;felip_criminal_superior_session_live_20260125_091254.html
2026-01-25 09:13:04;STRAYDOGS - Superior Sessions Live;Felip;1333735;felip_straydogs_superior_session_live_20260125_091304.html
2026-01-25 09:13:13;to sin is human, to forgive is divine - 7sins: the album concert (live);Felip;153043;felip_to_sin_is_human_to_forgive_is_divine_live_20260125_091313.html
2026-01-25 09:13:23;foes - 7sins: the album concert (live);Felip;146879;felip_foes_live_20260125_091323.html
2026-01-25 09:13:32;envy - 7sins: the album concert (live);Felip;129947;felip_envy_live_20260125_091332.html
2026-01-25 09:13:42;greed - 7sins: the album concert (live);Felip;140564;felip_greed_live_20260125_091342.html
2026-01-25 09:13:52;lust (feat. Cyra Gwynth) - 7sins: the album concert (live);Felip, Cyra Gwynth;135824;felip_lust_live_20260125_091352.html
2026-01-25 09:14:02;pride - 7sins: the album concert (live);Felip;122919;felip_pride_live_20260125_091402.html
2026-01-25 09:14:11;gluttony (feat. PLAYERTWO) - 7sins: the album concert (live);Felip, PLAYERTWO;124366;felip_gluttony_feat_playertwo_live_20260125_091411.html
2026-01-25 09:14:21;wrath - 7sins: the album concert (live);Felip;135528;felip_wrath_live_20260125_091421.html
2026-01-25 09:14:31;tokyo - 7sins: the album concert (live);Felip;591528;felip_tokyo_live_20260125_091431.html
2026-01-25 09:14:42;sloth - 7sins: the album concert (live);Felip;131472;felip_sloth_live_20260125_091442.html
2026-01-25 09:14:53;grace - 7sins: the album concert (live);Felip;137789;felip_grace_live_20260125_091453.html
2026-01-25 09:15:03;ache - 7sins: the album concert (live);Felip;161134;felip_ache_live_20260125_091503.html
2026-01-25 09:15:12;WILD TONIGHT;JOSH CULLEN;9699315;josh_cullen_wild_tonight_20260125_091512.html
2026-01-25 09:15:22;Pakiusap Lang;JOSH CULLEN;5249074;josh_cullen_pakiusap_lang_20260125_091522.html
2026-01-25 09:15:32;GET RIGHT;JOSH CULLEN;4600457;josh_cullen_get_right_20260125_091532.html
2026-01-25 09:15:41;Yoko Na;JOSH CULLEN, Al James;10336189;josh_cullen_yoko_na_20260125_091541.html
2026-01-25 09:15:51;1999;JOSH CULLEN;6192642;josh_cullen_1999_20260125_091551.html
2026-01-25 09:16:01;See Me;JOSH CULLEN;2899627;josh_cullen_see_me_20260125_091601.html
2026-01-25 09:16:10;Silent Cries;JOSH CULLEN;3812718;josh_cullen_silent_cries_20260125_091610.html
2026-01-25 09:16:20;Honest;JOSH CULLEN;2630023;josh_cullen_honest_20260125_091620.html
2026-01-25 09:16:30;No Control (feat. (e)motion engine);JOSH CULLEN, (e)motion engine;2181615;josh_cullen_no_control_20260125_091630.html
2026-01-25 09:16:39;Lights Out (feat. Mo Mitchell);JOSH CULLEN, Mo Mitchell;1941780;josh_cullen_lights_out_20260125_091639.html
2026-01-25 09:16:49;Sumaya;JOSH CULLEN;5289908;josh_cullen_sumaya_20260125_091649.html
2026-01-25 09:16:59;Silent Cries - Instrumental;JOSH CULLEN;528116;josh_cullen_silent_cries_instrumental_20260125_091659.html
2026-01-25 09:17:08;No Control - Instrumental;JOSH CULLEN;515201;josh_cullen_no_control_instrumental_20260125_091708.html
2026-01-25 09:17:18;Takbuhan;Kael Guerrero, JOSH CULLEN;909303;josh_cullen_takbuhan_20260125_091718.html
2026-01-25 09:17:27;Re: Thinkin' About You;H1-KEY, JOSH CULLEN;4230805;josh_cullen_re_thinkin_about_you_20260125_091727.html
2026-01-25 09:17:37;Room;Stell;11917007;stell_room_20260125_091737.html
2026-01-25 09:17:47;Anino;Stell;6033076;stell_anino_20260125_091747.html
2026-01-25 09:17:56;‘Di Ko Masabi;Stell;7576242;stell_di_ko_masabi_20260125_091756.html
2026-01-25 09:18:06;Classic;Stell;6488803;stell_classic_20260125_091806.html
2026-01-25 09:18:16;Room - Stripped;Stell;4726014;stell_room_stripped_20260125_091816.html
2026-01-25 09:18:25;surreal;justin;14903501;justin_surreal_20260125_091825.html
2026-01-25 09:18:35;sunday morning;justin;5404007;justin_sunday_morning_20260125_091835.html
2026-01-25 09:18:45;kaibigan;justin;8755265;justin_kaibigan_20260125_091845.html
2026-01-25 09:18:54;Sampung Mga Daliri;dwta, justin;7510440;justin_sampung_mga_daliri_20260125_091854.html
2026-01-25 09:19:04;GENTO - From THE FIRST TAKE;SB19;6999325;sb19_gento_from_the_first_take_20260125_091904.html
2026-01-25 09:19:13;MAPA - From THE FIRST TAKE;SB19;5152917;sb19_mapa_from_the_first_take_20260125_091913.html
2026-01-25 09:19:23;DAM - From THE FIRST TAKE;SB19;2003350;sb19_dam_from_the_first_take_20260125_091923.html
2026-01-25 09:19:33;Time - From THE FIRST TAKE;SB19;2117140;sb19_time_from_the_first_take_20260125_091933.html
2026-01-25 09:19:42;No Stopping You - Remix;SB19, Jayda;8721931;sb19_no_stopping_you_remix_20260125_091942.html
2026-01-25 09:19:52;Moonlight (Ian Asher Club Mix);Ian Asher, SB19, Terry Zhong;2928652;sb19_moonlight_ian_asher_club_mix_20260125_091952.html
2026-01-25 09:20:02;Umaaligid - Extended Ver.;Sarah Geronimo, SB19;2707461;sb19_umaaligid_extended_ver_20260125_092002.html
2026-01-25 09:20:11;"Love Yours (feat. SB19) - DIOR &amp; RealBros Remix";Ohwon Lee, SB19;862264;sb19_love_yours_dior_realbros_remix_20260125_092011.html
2026-01-25 09:20:21;What? - Extended Version;SB19;6277812;sb19_what_extended_version_20260125_092021.html
2026-01-26 22:02:38;Tilaluha;SB19;23600914;sb19_tilaluha_20260126_220238.html
2026-01-26 22:02:48;Go Up;SB19;26738273;sb19_go_up_20260126_220248.html
2026-01-26 22:02:58;Alab (Burning);SB19;22556291;sb19_alab_burning_20260126_220258.html
2026-01-26 22:03:07;Hanggang Sa Huli;SB19;32216735;sb19_hanggang_sa_huli_20260126_220307.html
2026-01-26 22:03:56;Love Goes;SB19;11121150;sb19_love_goes_20260126_220356.html
2026-01-26 22:04:06;Love Goes - EDM Version;SB19;7124562;sb19_love_goes_edm_version_20260126_220406.html
2026-01-26 22:04:16;Wag Mong Ikunot Ang Iyong Noo;SB19;9441412;sb19_wag_mong_ikunot_ang_iyong_noo_20260126_220416.html
2026-01-26 22:04:25;Tilaluha - Instrumental;SB19;2209394;sb19_tilaluha_instrumental_20260126_220425.html
2026-01-26 22:04:35;Hanggang Sa Huli - Instrumental;SB19;2318315;sb19_hanggang_sa_huli_instrumental_20260126_220435.html
2026-01-26 22:04:45;What?;SB19;25665288;sb19_what_20260126_220445.html
2026-01-26 22:04:54;MAPA;SB19;85898231;sb19_mapa_20260126_220454.html
2026-01-26 22:05:05;Bazinga;SB19;31726371;sb19_bazinga_20260126_220505.html
2026-01-26 22:05:15;SLMT;SB19;17442903;sb19_slmt_20260126_220515.html
2026-01-26 22:05:25;Mana;SB19;20747009;sb19_mana_20260126_220525.html
2026-01-26 22:05:34;Ikako;SB19;14711877;sb19_ikako_20260126_220534.html
2026-01-26 22:05:44;GENTO;SB19;75737940;sb19_gento_20260126_220544.html
2026-01-26 22:05:53;I WANT YOU;SB19;31503106;sb19_i_want_you_20260126_220553.html
2026-01-26 22:06:05;ILAW;SB19;19687533;sb19_ilaw_20260126_220605.html
2026-01-26 22:06:15;CRIMZONE;SB19;25315827;sb19_crimzone_20260126_220615.html
2026-01-26 22:06:25;LIHAM;SB19;20080077;sb19_liham_20260126_220625.html
2026-01-26 22:06:34;FREEDOM;SB19;16392499;sb19_freedom_20260126_220634.html
2026-01-26 22:06:44;DAM;SB19;60417849;sb19_dam_20260126_220644.html
2026-01-26 22:06:54;Time;SB19;21860890;sb19_time_20260126_220654.html
2026-01-26 22:07:03;8TonBall;SB19;15825719;sb19_8tonball_20260126_220703.html
2026-01-26 22:07:13;Quit;SB19;16896843;sb19_quit_20260126_220713.html
2026-01-26 22:07:23;Shooting for the Stars;SB19;14817971;sb19_shooting_for_the_stars_20260126_220723.html
2026-01-26 22:07:32;DUNGKA!;SB19;27609953;sb19_dungka_20260126_220732.html
2026-01-26 22:07:42;DAM (Extended Ver.);SB19;18765526;sb19_dam_extended_ver_20260126_220742.html
2026-01-26 22:07:52;WYAT (Where You At);SB19;25022192;sb19_wyat_where_you_at_20260126_220752.html
2026-01-26 22:08:04;Nyebe;SB19;18056013;sb19_nyebe_20260126_220804.html
2026-01-26 22:08:13;No Stopping You;SB19;8736130;sb19_no_stopping_you_20260126_220813.html
2026-01-26 22:08:23;Ligaya;SB19;9692322;sb19_ligaya_20260126_220823.html
2026-01-26 22:08:32;MAPA (Band Version);"SB19, Ben&amp;Ben";27888153;sb19_mapa_band_version_20260126_220832.html
2026-01-26 22:08:42;Kabataang Pinoy;BINI, SB19, Jonathan Manalo;9090458;sb19_kabataang_pinoy_20260126_220842.html
2026-01-26 22:08:52;WIN YOUR HEART;SB19;11048461;sb19_win_your_heart_20260126_220852.html
2026-01-26 22:09:01;CHRISTMAS PARTY - SB19 VƎRSION;SB19;4453570;sb19_christmas_party_sb19_version_20260126_220901.html
2026-01-26 22:09:11;golden hour (SB19 Remix);JVKE, SB19;20929988;sb19_golden_hour_sb19_remix_20260126_220911.html
2026-01-26 22:09:20;Moonlight;Ian Asher, SB19, Terry Zhong;22569048;sb19_moonlight_20260126_220920.html
2026-01-26 22:09:30;Ready;apl.de.ap, SB19;9690808;sb19_ready_20260126_220930.html
2026-01-26 22:09:40;KALAKAL;SB19, Gloc-9;21665691;sb19_kalakal_20260126_220940.html
2026-01-26 22:09:49;MAPA (Indonesian Ver.);SB19, Aruma;7370308;sb19_mapa_indonesian_version_20260126_220949.html
2026-01-26 22:09:59;Umaaligid;Sarah Geronimo, SB19;13003709;sb19_umaaligid_20260126_220959.html
2026-01-26 22:10:09;Burn The Flame (feat. SB19);Honor of Kings, SB19;2958651;sb19_burn_the_flame_20260126_221009.html
2026-01-26 22:10:18;Burn The Flame (Taglish Version) (feat. SB19);Honor of Kings, SB19;810704;sb19_burn_the_flame_taglish_version_20260126_221018.html
2026-01-26 22:10:28;Burn The Flame (Karaoke Version) (feat. SB19);Honor of Kings, SB19;195831;sb19_burn_the_flame_karaoke_version_20260126_221028.html
2026-01-26 22:10:38;Burn The Flame (Instrumental) (feat. SB19);Honor of Kings, SB19;137183;sb19_burn_the_flame_instrumental_20260126_221038.html
2026-01-26 22:10:47;Love Yours (feat. SB19);Ohwon Lee, SB19;5504385;sb19_love_yours_20260126_221047.html
2026-01-26 22:10:57;Kapangyarihan - feat. SB19;"Ben&amp;Ben, SB19";23061455;sb19_kapangyarihan_20260126_221057.html
2026-01-26 22:11:06;The One;SB19;8880350;sb19_the_one_20260126_221106.html
2026-01-26 22:11:16;Merry Munchkins (SB19 Version);Dunkin' Philippines;2733594;sb19_merry_munchkins_sb19_version_20260126_221116.html
2026-01-26 22:11:26;Live It Up;Acer Philippines, SB19;3921716;sb19_live_it_up_20260126_221126.html
2026-01-26 22:11:35;Make Your Green Mark;Acer Philippines, SB19;2453686;sb19_make_your_green_mark_20260126_221135.html
2026-01-26 22:11:45;Ace Your World;Acer Philippines, SB19, Sarah Geronimo;3085445;sb19_ace_your_world_20260126_221145.html
2026-01-26 22:11:55;"Reset (feat. SB19 &amp; Sandara Park)";Acer Philippines, SB19, Sandara Park;3166976;sb19_reset_20260126_221155.html
2026-01-26 22:12:04;Tahanan (feat. SB19);Acer Philippines, SB19;1618360;sb19_tahanan_20260126_221204.html
2026-01-26 22:12:14;G Pa Rin Ang Pasko (feat. SB19);GCash, SB19;796732;sb19_g_pa_rin_ang_pasko_20260126_221214.html
2026-01-26 22:12:24;"Ready, Set, G! (feat. SB19 &amp; GCash Jr.)";GCash, GCash Jr., SB19;1134886;sb19_ready_set_g_20260126_221224.html
2026-01-26 22:12:34;We Wish You A Merry GCash (feat. SB19);GCash, SB19;1322006;sb19_we_wish_you_a_merry_gcash_20260126_221234.html
2026-01-26 22:12:43;Make It Merry, I-GCash Mo (feat. SB19);GCash, SB19;1000941;sb19_make_it_merry_i_gcash_mo_20260126_221243.html
2026-01-26 22:12:53;Tara, Summer Na! (feat. SB19);GCash, SB19;1897521;sb19_tara_summer_na_20260126_221253.html
2026-01-26 22:13:03;TM Doble Dekada (Samahang Pina-Easy);The Juans, SB19, Donnalyn, Matthaios;2844559;sb19_tm_doble_dekada_samahang_pina_easy_20260126_221303.html
2026-01-26 22:13:12;Dobleng GV sa FunPasko (Noon, Ngayon, Palagi);The Juans, SB19;673224;sb19_dobleng_gv_sa_funpasko_noon_ngayon_palagi_20260126_221312.html
2026-01-26 22:13:22;TM FunPasko (Samahang Pina-Easy);The Juans, SB19, Donnalyn;902258;sb19_tm_funpasko_samahang_pina_easy_20260126_221322.html
2026-01-26 22:13:32;Push Ang Pusuan;The Juans, SB19, Matthaios;3471124;sb19_push_ang_pusuan_20260126_221332.html
2026-01-26 22:13:41;Team Tayo;The Juans, SB19;1055952;sb19_team_tayo_20260126_221341.html
2026-01-26 22:13:51;Ating Pasko;Acer Philippines, SB19, G22;2426357;sb19_ating_pasko_20260126_221351.html
2026-01-26 22:14:01;La Luna;PABLO;17422375;pablo_la_luna_20260126_221401.html
2026-01-26 22:14:20;Presyon;PABLO;2642671;pablo_presyon_20260126_221420.html
2026-01-26 22:14:30;Wala;PABLO;2876906;pablo_wala_20260126_221430.html
2026-01-26 22:14:40;The Boy Who Cried Wolf;PABLO;4886299;pablo_the_boy_who_cried_wolf_20260126_221440.html
2026-01-26 22:14:50;Kumunoy;PABLO;3963104;pablo_kumunoy_20260126_221450.html
2026-01-26 22:14:59;Kelan;PABLO, Josue;2438594;pablo_kelan_20260126_221459.html
2026-01-26 22:15:09;Drowning in the Water;PABLO;5618992;pablo_drowning_in_the_water_20260126_221509.html
2026-01-26 22:15:18;Breathe (Outro);PABLO;1893644;pablo_breathe_outro_20260126_221518.html
2026-01-26 22:15:28;Neumun;PABLO;3660289;pablo_neumun_20260126_221528.html
2026-01-26 22:15:38;Don't Care;PABLO;2783190;pablo_don_t_care_20260126_221538.html
2026-01-26 22:15:47;Butata;PABLO;6639137;pablo_butata_20260126_221547.html
2026-01-26 22:15:57;Puyat;PABLO;3183955;pablo_puyat_20260126_221557.html
2026-01-26 22:16:07;Blessed;PABLO;4051914;pablo_blessed_20260126_221607.html
2026-01-26 22:16:16;Tambol (Ibang Planeta);PABLO;2498268;pablo_tambol_ibang_planeta_20260126_221616.html
2026-01-26 22:16:26;Micha!;PABLO;3452169;pablo_micha_20260126_221626.html
2026-01-26 22:16:36;DETERMINADO;RADKIDZ, PABLO, Josue;6313050;pablo_determinado_20260126_221636.html
2026-01-26 22:16:47;AKALA;RADKIDZ, PABLO, Josue;5372749;pablo_akala_20260126_221647.html
2026-01-26 22:16:57;edsa;PABLO;7830957;pablo_edsa_20260126_221657.html
2026-01-26 22:17:07;Liwanag sa Dilim - from “Incognito”;PABLO;6322113;pablo_liwanag_sa_dilim_from_incognito_20260126_221707.html
2026-01-26 22:17:16;Palayo;Felip;12315947;felip_palayo_20260126_221716.html
2026-01-26 22:17:26;Bulan;Felip;6676584;felip_bulan_20260126_221726.html
2026-01-26 22:17:36;ROCKSTA;Felip;6394522;felip_rocksta_20260126_221736.html
2026-01-26 22:17:46;SUPERIORITY;Felip;3682744;felip_superiority_20260126_221746.html
2026-01-26 22:17:55;MICTEST;Felip;4215247;felip_mictest_20260126_221755.html
2026-01-26 22:18:05;DRINKSMOKE;Felip;5253348;felip_drinksmoke_20260126_221805.html
2026-01-26 22:18:14;CRIMINAL;Felip;6556289;felip_criminal_20260126_221814.html
2026-01-26 22:18:24;STRAYDOGS;Felip;5575754;felip_straydogs_20260126_221824.html
2026-01-26 22:18:34;Kanako;Felip;9752739;felip_kanako_20260126_221834.html
2026-01-26 22:18:43;Moving Closer;Felip;10308455;felip_moving_closer_20260126_221843.html
2026-01-26 22:18:53;FLYYY;PLAYERTWO, Felip;3508211;felip_flyyy_20260126_221853.html
2026-01-26 22:19:03;Pagdali;PLAYERTWO, Felip;3401123;felip_pagdali_20260126_221903.html
2026-01-26 22:19:12;Fake Faces;Felip;8778459;felip_fake_faces_20260126_221912.html
2026-01-26 22:19:22;foes;Felip;2387891;felip_foes_20260126_221922.html
2026-01-26 22:19:32;envy;Felip;3412705;felip_envy_20260126_221932.html
2026-01-26 22:19:41;wrath;Felip;2024363;felip_wrath_20260126_221941.html
2026-01-26 22:19:51;greed;Felip;3314843;felip_greed_20260126_221951.html
2026-01-26 22:20:01;pride;Felip;1920048;felip_pride_20260126_222001.html
2026-01-26 22:20:10;gluttony (feat. PLAYERTWO);Felip, PLAYERTWO;1717991;felip_gluttony_20260126_222010.html
2026-01-26 22:20:20;lust (feat. Cyra Gwynth);Felip, Cyra Gwynth;3494901;felip_lust_20260126_222020.html
2026-01-26 22:20:30;sloth;Felip;2546878;felip_sloth_20260126_222030.html
2026-01-26 22:20:39;ache;Felip;4508164;felip_ache_20260126_222039.html
2026-01-26 22:20:49;ID feat. RYOKI (BE:FIRST), RYUKI (MAZZEL), JIMMY (PSYCHIC FEVER), FELIP;SKY-HI, RYOKI, RYUKI, JIMMY, Felip;2398215;felip_id_20260126_222049.html
2026-01-26 22:20:59;"KAWASAKI (with Felip &amp; thủy)";ONE OR EIGHT, Felip, thủy;1652986;felip_kawasaki_20260126_222059.html
2026-01-26 22:21:08;Palayo - Live Band Version;Felip;2227420;felip_palayo_live_band_ver_20260126_222108.html
2026-01-26 22:21:18;Bulan - Live Band Version;Felip;1945954;felip_bulan_live_band_ver_20260126_222118.html
2026-01-26 22:21:28;Palayo - Instrumental;Felip;1259811;felip_palayo_inst_20260126_222128.html
2026-01-26 22:21:37;Bulan - Instrumental;Felip;1184554;felip_bulan_inst_20260126_222137.html
2026-01-26 22:21:47;Moving Closer - From the Cafe;Felip;2203480;felip_moving_closer_from_the_cafe_20260126_222147.html
2026-01-26 22:21:57;Moving Closer - From the Lounge;Felip;1525990;felip_moving_closer_from_the_lounge_20260126_222157.html
2026-01-26 22:22:06;ID - feat. SHUNTO (BE:FIRST), RYUKI (MAZZEL), JIMMY (PSYCHIC FEVER), Felip;SKY-HI, SHUNTO, RYUKI, JIMMY, Felip;184958;felip_id_new_version_20260126_222206.html
2026-01-26 22:22:16;ROCKSTA - Superior Sessions Live;Felip;1499473;felip_rocksta_superior_session_live_20260126_222216.html
2026-01-26 22:22:26;SUPERIORITY - Superior Sessions Live;Felip;1400007;felip_superiority_superior_session_live_20260126_222226.html
2026-01-26 22:22:35;MICTEST - Superior Sessions Live;Felip;1331535;felip_mictest_superior_session_live_20260126_222235.html
2026-01-26 22:22:45;DRINKSMOKE - Superior Sessions Live;Felip;1510835;felip_drinksmoke_superior_session_live_20260126_222245.html
2026-01-26 22:22:55;CRIMINAL - Superior Sessions Live;Felip;1703365;felip_criminal_superior_session_live_20260126_222255.html
2026-01-26 22:23:04;STRAYDOGS - Superior Sessions Live;Felip;1334818;felip_straydogs_superior_session_live_20260126_222304.html
2026-01-26 22:23:14;to sin is human, to forgive is divine - 7sins: the album concert (live);Felip;154070;felip_to_sin_is_human_to_forgive_is_divine_live_20260126_222314.html
2026-01-26 22:23:23;foes - 7sins: the album concert (live);Felip;147841;felip_foes_live_20260126_222323.html
2026-01-26 22:23:33;envy - 7sins: the album concert (live);Felip;130779;felip_envy_live_20260126_222333.html
2026-01-26 22:23:43;greed - 7sins: the album concert (live);Felip;141504;felip_greed_live_20260126_222343.html
2026-01-26 22:23:52;lust (feat. Cyra Gwynth) - 7sins: the album concert (live);Felip, Cyra Gwynth;136631;felip_lust_live_20260126_222352.html
2026-01-26 22:24:02;pride - 7sins: the album concert (live);Felip;123759;felip_pride_live_20260126_222402.html
2026-01-26 22:24:12;gluttony (feat. PLAYERTWO) - 7sins: the album concert (live);Felip, PLAYERTWO;125336;felip_gluttony_feat_playertwo_live_20260126_222412.html
2026-01-26 22:24:21;wrath - 7sins: the album concert (live);Felip;136868;felip_wrath_live_20260126_222421.html
2026-01-26 22:24:31;tokyo - 7sins: the album concert (live);Felip;596568;felip_tokyo_live_20260126_222431.html
2026-01-26 22:24:41;sloth - 7sins: the album concert (live);Felip;132325;felip_sloth_live_20260126_222441.html
2026-01-26 22:24:50;grace - 7sins: the album concert (live);Felip;138857;felip_grace_live_20260126_222450.html
2026-01-26 22:25:03;ache - 7sins: the album concert (live);Felip;162945;felip_ache_live_20260126_222503.html
2026-01-26 22:25:12;WILD TONIGHT;JOSH CULLEN;9709209;josh_cullen_wild_tonight_20260126_222512.html
2026-01-26 22:25:22;Pakiusap Lang;JOSH CULLEN;5252627;josh_cullen_pakiusap_lang_20260126_222522.html
2026-01-26 22:25:31;GET RIGHT;JOSH CULLEN;4605118;josh_cullen_get_right_20260126_222531.html
2026-01-26 22:25:41;Yoko Na;JOSH CULLEN, Al James;10345978;josh_cullen_yoko_na_20260126_222541.html
2026-01-26 22:25:51;1999;JOSH CULLEN;6206188;josh_cullen_1999_20260126_222551.html
2026-01-26 22:26:00;See Me;JOSH CULLEN;2906038;josh_cullen_see_me_20260126_222600.html
2026-01-26 22:26:10;Silent Cries;JOSH CULLEN;3818181;josh_cullen_silent_cries_20260126_222610.html
2026-01-26 22:26:20;Honest;JOSH CULLEN;2633856;josh_cullen_honest_20260126_222620.html
2026-01-26 22:26:29;No Control (feat. (e)motion engine);JOSH CULLEN, (e)motion engine;2185312;josh_cullen_no_control_20260126_222629.html
2026-01-26 22:26:39;Lights Out (feat. Mo Mitchell);JOSH CULLEN, Mo Mitchell;1946058;josh_cullen_lights_out_20260126_222639.html
2026-01-26 22:26:49;Sumaya;JOSH CULLEN;5296596;josh_cullen_sumaya_20260126_222649.html
2026-01-26 22:26:58;Silent Cries - Instrumental;JOSH CULLEN;529443;josh_cullen_silent_cries_instrumental_20260126_222658.html
2026-01-26 22:27:09;No Control - Instrumental;JOSH CULLEN;516497;josh_cullen_no_control_instrumental_20260126_222709.html
2026-01-26 22:27:19;Takbuhan;Kael Guerrero, JOSH CULLEN;911920;josh_cullen_takbuhan_20260126_222719.html
2026-01-26 22:27:29;Re: Thinkin' About You;H1-KEY, JOSH CULLEN;4237586;josh_cullen_re_thinkin_about_you_20260126_222729.html
2026-01-26 22:27:38;Room;Stell;11941732;stell_room_20260126_222738.html
2026-01-26 22:27:48;Anino;Stell;6049123;stell_anino_20260126_222748.html
2026-01-26 22:27:58;‘Di Ko Masabi;Stell;7595865;stell_di_ko_masabi_20260126_222758.html
2026-01-26 22:28:07;Classic;Stell;6508772;stell_classic_20260126_222807.html
2026-01-26 22:28:17;Room - Stripped;Stell;4738607;stell_room_stripped_20260126_222817.html
2026-01-26 22:28:26;surreal;justin;14922027;justin_surreal_20260126_222826.html
2026-01-26 22:28:36;sunday morning;justin;5412605;justin_sunday_morning_20260126_222836.html
2026-01-26 22:28:45;kaibigan;justin;8768802;justin_kaibigan_20260126_222845.html
2026-01-26 22:28:55;Sampung Mga Daliri;dwta, justin;7529026;justin_sampung_mga_daliri_20260126_222855.html
2026-01-26 22:29:05;GENTO - From THE FIRST TAKE;SB19;7017458;sb19_gento_from_the_first_take_20260126_222905.html
2026-01-26 22:29:14;MAPA - From THE FIRST TAKE;SB19;5167425;sb19_mapa_from_the_first_take_20260126_222914.html
2026-01-26 22:29:24;DAM - From THE FIRST TAKE;SB19;2039525;sb19_dam_from_the_first_take_20260126_222924.html
2026-01-26 22:29:34;Time - From THE FIRST TAKE;SB19;2159401;sb19_time_from_the_first_take_20260126_222934.html
2026-01-26 22:29:43;Moonlight (Ian Asher Club Mix);Ian Asher, SB19, Terry Zhong;2934582;sb19_moonlight_ian_asher_club_mix_20260126_222943.html
2026-01-26 22:29:53;Umaaligid - Extended Ver.;Sarah Geronimo, SB19;2717667;sb19_umaaligid_extended_ver_20260126_222953.html
2026-01-26 22:31:20;"Love Yours (feat. SB19) - DIOR &amp; RealBros Remix";Ohwon Lee, SB19;863335;sb19_love_yours_dior_realbros_remix_20260126_223120.html
2026-01-26 22:31:30;What? - Extended Version;SB19;6286493;sb19_what_extended_version_20260126_223130.html
2026-01-27 23:00:11;Tilaluha;SB19;23600914;sb19_tilaluha_20260127_230011.html
2026-01-27 23:00:21;Go Up;SB19;26738273;sb19_go_up_20260127_230021.html
2026-01-27 23:00:30;Alab (Burning);SB19;22556291;sb19_alab_burning_20260127_230030.html
2026-01-27 23:00:40;Hanggang Sa Huli;SB19;32216735;sb19_hanggang_sa_huli_20260127_230040.html
2026-01-27 23:00:49;Love Goes;SB19;11121150;sb19_love_goes_20260127_230049.html
2026-01-27 23:00:59;Love Goes - EDM Version;SB19;7124562;sb19_love_goes_edm_version_20260127_230059.html
2026-01-27 23:01:08;Wag Mong Ikunot Ang Iyong Noo;SB19;9441412;sb19_wag_mong_ikunot_ang_iyong_noo_20260127_230108.html
2026-01-27 23:01:18;Tilaluha - Instrumental;SB19;2209394;sb19_tilaluha_instrumental_20260127_230118.html
2026-01-27 23:01:28;Hanggang Sa Huli - Instrumental;SB19;2318315;sb19_hanggang_sa_huli_instrumental_20260127_230128.html
2026-01-27 23:01:38;What?;SB19;25665288;sb19_what_20260127_230138.html
2026-01-27 23:01:47;MAPA;SB19;85898231;sb19_mapa_20260127_230147.html
2026-01-27 23:01:57;Bazinga;SB19;31726371;sb19_bazinga_20260127_230157.html
2026-01-27 23:02:06;SLMT;SB19;17442903;sb19_slmt_20260127_230206.html
2026-01-27 23:02:18;Mana;SB19;20747009;sb19_mana_20260127_230218.html
2026-01-27 23:02:29;Ikako;SB19;14711877;sb19_ikako_20260127_230229.html
2026-01-27 23:02:40;GENTO;SB19;75737940;sb19_gento_20260127_230240.html
2026-01-27 23:02:49;I WANT YOU;SB19;31503106;sb19_i_want_you_20260127_230249.html
2026-01-27 23:02:59;ILAW;SB19;19687533;sb19_ilaw_20260127_230259.html
2026-01-27 23:03:08;CRIMZONE;SB19;25315827;sb19_crimzone_20260127_230308.html
2026-01-27 23:03:18;LIHAM;SB19;20080077;sb19_liham_20260127_230318.html
2026-01-27 23:03:28;FREEDOM;SB19;16392499;sb19_freedom_20260127_230328.html
2026-01-27 23:03:37;DAM;SB19;60417849;sb19_dam_20260127_230337.html
2026-01-27 23:03:47;Time;SB19;21860890;sb19_time_20260127_230347.html
2026-01-27 23:03:57;8TonBall;SB19;15825719;sb19_8tonball_20260127_230357.html
2026-01-27 23:04:06;Quit;SB19;16896843;sb19_quit_20260127_230406.html
2026-01-27 23:04:16;Shooting for the Stars;SB19;14817971;sb19_shooting_for_the_stars_20260127_230416.html
2026-01-27 23:04:25;DUNGKA!;SB19;27609953;sb19_dungka_20260127_230425.html
2026-01-27 23:04:35;DAM (Extended Ver.);SB19;18765526;sb19_dam_extended_ver_20260127_230435.html
2026-01-27 23:04:45;WYAT (Where You At);SB19;25022192;sb19_wyat_where_you_at_20260127_230445.html
2026-01-27 23:04:54;Nyebe;SB19;18056013;sb19_nyebe_20260127_230454.html
2026-01-27 23:05:04;No Stopping You;SB19;8736130;sb19_no_stopping_you_20260127_230504.html
2026-01-27 23:05:14;Ligaya;SB19;9692322;sb19_ligaya_20260127_230514.html
2026-01-27 23:05:23;MAPA (Band Version);"SB19, Ben&amp;Ben";27888153;sb19_mapa_band_version_20260127_230523.html
2026-01-27 23:05:33;Kabataang Pinoy;BINI, SB19, Jonathan Manalo;9090458;sb19_kabataang_pinoy_20260127_230533.html
2026-01-27 23:05:42;WIN YOUR HEART;SB19;11048461;sb19_win_your_heart_20260127_230542.html
2026-01-27 23:05:52;CHRISTMAS PARTY - SB19 VƎRSION;SB19;4453570;sb19_christmas_party_sb19_version_20260127_230552.html
2026-01-27 23:06:02;golden hour (SB19 Remix);JVKE, SB19;20929988;sb19_golden_hour_sb19_remix_20260127_230602.html
2026-01-27 23:06:11;Moonlight;Ian Asher, SB19, Terry Zhong;22569048;sb19_moonlight_20260127_230611.html
2026-01-27 23:06:21;Ready;apl.de.ap, SB19;9690808;sb19_ready_20260127_230621.html
2026-01-27 23:06:30;KALAKAL;SB19, Gloc-9;21665691;sb19_kalakal_20260127_230630.html
2026-01-27 23:06:40;MAPA (Indonesian Ver.);SB19, Aruma;7370308;sb19_mapa_indonesian_version_20260127_230640.html
2026-01-27 23:06:50;Umaaligid;Sarah Geronimo, SB19;13003709;sb19_umaaligid_20260127_230650.html
2026-01-27 23:06:59;Burn The Flame (feat. SB19);Honor of Kings, SB19;2958651;sb19_burn_the_flame_20260127_230659.html
2026-01-27 23:07:09;Burn The Flame (Taglish Version) (feat. SB19);Honor of Kings, SB19;810704;sb19_burn_the_flame_taglish_version_20260127_230709.html
2026-01-27 23:07:21;Burn The Flame (Karaoke Version) (feat. SB19);Honor of Kings, SB19;195831;sb19_burn_the_flame_karaoke_version_20260127_230721.html
2026-01-27 23:07:31;Burn The Flame (Instrumental) (feat. SB19);Honor of Kings, SB19;137183;sb19_burn_the_flame_instrumental_20260127_230731.html
2026-01-27 23:07:40;Love Yours (feat. SB19);Ohwon Lee, SB19;5504385;sb19_love_yours_20260127_230740.html
2026-01-27 23:07:50;Kapangyarihan - feat. SB19;"Ben&amp;Ben, SB19";23061455;sb19_kapangyarihan_20260127_230750.html
2026-01-27 23:08:00;The One;SB19;8880350;sb19_the_one_20260127_230800.html
2026-01-27 23:08:09;Merry Munchkins (SB19 Version);Dunkin' Philippines;2733594;sb19_merry_munchkins_sb19_version_20260127_230809.html
2026-01-27 23:08:19;Live It Up;Acer Philippines, SB19;3921716;sb19_live_it_up_20260127_230819.html
2026-01-27 23:08:28;Make Your Green Mark;Acer Philippines, SB19;2453686;sb19_make_your_green_mark_20260127_230828.html
2026-01-27 23:08:38;Ace Your World;Acer Philippines, SB19, Sarah Geronimo;3085445;sb19_ace_your_world_20260127_230838.html
2026-01-27 23:08:48;"Reset (feat. SB19 &amp; Sandara Park)";Acer Philippines, SB19, Sandara Park;3166976;sb19_reset_20260127_230848.html
2026-01-27 23:08:57;Tahanan (feat. SB19);Acer Philippines, SB19;1618360;sb19_tahanan_20260127_230857.html
2026-01-27 23:09:07;G Pa Rin Ang Pasko (feat. SB19);GCash, SB19;796732;sb19_g_pa_rin_ang_pasko_20260127_230907.html
2026-01-27 23:09:16;"Ready, Set, G! (feat. SB19 &amp; GCash Jr.)";GCash, GCash Jr., SB19;1134886;sb19_ready_set_g_20260127_230916.html
2026-01-27 23:09:26;We Wish You A Merry GCash (feat. SB19);GCash, SB19;1322006;sb19_we_wish_you_a_merry_gcash_20260127_230926.html
2026-01-27 23:09:36;Make It Merry, I-GCash Mo (feat. SB19);GCash, SB19;1000941;sb19_make_it_merry_i_gcash_mo_20260127_230936.html
2026-01-27 23:09:45;Tara, Summer Na! (feat. SB19);GCash, SB19;1897521;sb19_tara_summer_na_20260127_230945.html
2026-01-27 23:09:55;TM Doble Dekada (Samahang Pina-Easy);The Juans, SB19, Donnalyn, Matthaios;2844559;sb19_tm_doble_dekada_samahang_pina_easy_20260127_230955.html
2026-01-27 23:10:04;Dobleng GV sa FunPasko (Noon, Ngayon, Palagi);The Juans, SB19;673224;sb19_dobleng_gv_sa_funpasko_noon_ngayon_palagi_20260127_231004.html
2026-01-27 23:10:14;TM FunPasko (Samahang Pina-Easy);The Juans, SB19, Donnalyn;902258;sb19_tm_funpasko_samahang_pina_easy_20260127_231014.html
2026-01-27 23:10:24;Push Ang Pusuan;The Juans, SB19, Matthaios;3471124;sb19_push_ang_pusuan_20260127_231024.html
2026-01-27 23:10:33;Team Tayo;The Juans, SB19;1055952;sb19_team_tayo_20260127_231033.html
2026-01-27 23:10:43;Ating Pasko;Acer Philippines, SB19, G22;2426357;sb19_ating_pasko_20260127_231043.html
2026-01-27 23:10:52;La Luna;PABLO;17422375;pablo_la_luna_20260127_231052.html
2026-01-27 23:11:12;Presyon;PABLO;2642671;pablo_presyon_20260127_231112.html
2026-01-27 23:11:21;Wala;PABLO;2876906;pablo_wala_20260127_231121.html
2026-01-27 23:11:31;The Boy Who Cried Wolf;PABLO;4886299;pablo_the_boy_who_cried_wolf_20260127_231131.html
2026-01-27 23:11:41;Kumunoy;PABLO;3963104;pablo_kumunoy_20260127_231141.html
2026-01-27 23:11:50;Kelan;PABLO, Josue;2438594;pablo_kelan_20260127_231150.html
2026-01-27 23:12:00;Drowning in the Water;PABLO;5618992;pablo_drowning_in_the_water_20260127_231200.html
2026-01-27 23:12:09;Breathe (Outro);PABLO;1893644;pablo_breathe_outro_20260127_231209.html
2026-01-27 23:12:19;Neumun;PABLO;3660289;pablo_neumun_20260127_231219.html
2026-01-27 23:12:29;Don't Care;PABLO;2783190;pablo_don_t_care_20260127_231229.html
2026-01-27 23:12:39;Butata;PABLO;6639137;pablo_butata_20260127_231239.html
2026-01-27 23:12:48;Puyat;PABLO;3183955;pablo_puyat_20260127_231248.html
2026-01-27 23:12:58;Blessed;PABLO;4051914;pablo_blessed_20260127_231258.html
2026-01-27 23:13:07;Tambol (Ibang Planeta);PABLO;2498268;pablo_tambol_ibang_planeta_20260127_231307.html
2026-01-27 23:13:17;Micha!;PABLO;3452169;pablo_micha_20260127_231317.html
2026-01-27 23:13:26;DETERMINADO;RADKIDZ, PABLO, Josue;6313050;pablo_determinado_20260127_231326.html
2026-01-27 23:13:36;AKALA;RADKIDZ, PABLO, Josue;5372749;pablo_akala_20260127_231336.html
2026-01-27 23:13:46;edsa;PABLO;7830957;pablo_edsa_20260127_231346.html
2026-01-27 23:13:55;Liwanag sa Dilim - from “Incognito”;PABLO;6322113;pablo_liwanag_sa_dilim_from_incognito_20260127_231355.html
2026-01-27 23:14:05;Palayo;Felip;12315947;felip_palayo_20260127_231405.html
2026-01-27 23:14:15;Bulan;Felip;6676584;felip_bulan_20260127_231415.html
2026-01-27 23:14:24;ROCKSTA;Felip;6394522;felip_rocksta_20260127_231424.html
2026-01-27 23:14:34;SUPERIORITY;Felip;3682744;felip_superiority_20260127_231434.html
2026-01-27 23:14:44;MICTEST;Felip;4215247;felip_mictest_20260127_231444.html
2026-01-27 23:14:53;DRINKSMOKE;Felip;5253348;felip_drinksmoke_20260127_231453.html
2026-01-27 23:15:03;CRIMINAL;Felip;6556289;felip_criminal_20260127_231503.html
2026-01-27 23:15:12;STRAYDOGS;Felip;5575754;felip_straydogs_20260127_231512.html
2026-01-27 23:15:22;Kanako;Felip;9752739;felip_kanako_20260127_231522.html
2026-01-27 23:15:32;Moving Closer;Felip;10308455;felip_moving_closer_20260127_231532.html
2026-01-27 23:15:41;FLYYY;PLAYERTWO, Felip;3508211;felip_flyyy_20260127_231541.html
2026-01-27 23:15:51;Pagdali;PLAYERTWO, Felip;3401123;felip_pagdali_20260127_231551.html
2026-01-27 23:16:00;Fake Faces;Felip;8778459;felip_fake_faces_20260127_231600.html
2026-01-27 23:16:10;foes;Felip;2387891;felip_foes_20260127_231610.html
2026-01-27 23:16:20;envy;Felip;3412705;felip_envy_20260127_231620.html
2026-01-27 23:16:29;wrath;Felip;2024363;felip_wrath_20260127_231629.html
2026-01-27 23:16:40;greed;Felip;3314843;felip_greed_20260127_231640.html
2026-01-27 23:16:50;pride;Felip;1920048;felip_pride_20260127_231650.html
2026-01-27 23:16:59;gluttony (feat. PLAYERTWO);Felip, PLAYERTWO;1717991;felip_gluttony_20260127_231659.html
2026-01-27 23:17:09;lust (feat. Cyra Gwynth);Felip, Cyra Gwynth;3494901;felip_lust_20260127_231709.html
2026-01-27 23:17:19;sloth;Felip;2546878;felip_sloth_20260127_231719.html
2026-01-27 23:17:28;ache;Felip;4508164;felip_ache_20260127_231728.html
2026-01-27 23:17:38;ID feat. RYOKI (BE:FIRST), RYUKI (MAZZEL), JIMMY (PSYCHIC FEVER), FELIP;SKY-HI, RYOKI, RYUKI, JIMMY, Felip;2398215;felip_id_20260127_231738.html
2026-01-27 23:17:48;"KAWASAKI (with Felip &amp; thủy)";ONE OR EIGHT, Felip, thủy;1652986;felip_kawasaki_20260127_231748.html
2026-01-27 23:17:57;Palayo - Live Band Version;Felip;2227420;felip_palayo_live_band_ver_20260127_231757.html
2026-01-27 23:18:07;Bulan - Live Band Version;Felip;1945954;felip_bulan_live_band_ver_20260127_231807.html
2026-01-27 23:18:16;Palayo - Instrumental;Felip;1259811;felip_palayo_inst_20260127_231816.html
2026-01-27 23:18:26;Bulan - Instrumental;Felip;1184554;felip_bulan_inst_20260127_231826.html
2026-01-27 23:18:35;Moving Closer - From the Cafe;Felip;2203480;felip_moving_closer_from_the_cafe_20260127_231835.html
2026-01-27 23:18:45;Moving Closer - From the Lounge;Felip;1525990;felip_moving_closer_from_the_lounge_20260127_231845.html
2026-01-27 23:18:55;ID - feat. SHUNTO (BE:FIRST), RYUKI (MAZZEL), JIMMY (PSYCHIC FEVER), Felip;SKY-HI, SHUNTO, RYUKI, JIMMY, Felip;184958;felip_id_new_version_20260127_231855.html
2026-01-27 23:19:04;ROCKSTA - Superior Sessions Live;Felip;1499473;felip_rocksta_superior_session_live_20260127_231904.html
2026-01-27 23:19:14;SUPERIORITY - Superior Sessions Live;Felip;1400007;felip_superiority_superior_session_live_20260127_231914.html
2026-01-27 23:19:23;MICTEST - Superior Sessions Live;Felip;1331535;felip_mictest_superior_session_live_20260127_231923.html
2026-01-27 23:19:33;DRINKSMOKE - Superior Sessions Live;Felip;1510835;felip_drinksmoke_superior_session_live_20260127_231933.html
2026-01-27 23:19:43;CRIMINAL - Superior Sessions Live;Felip;1703365;felip_criminal_superior_session_live_20260127_231943.html
2026-01-27 23:19:55;STRAYDOGS - Superior Sessions Live;Felip;1334818;felip_straydogs_superior_session_live_20260127_231955.html
2026-01-27 23:20:04;to sin is human, to forgive is divine - 7sins: the album concert (live);Felip;154070;felip_to_sin_is_human_to_forgive_is_divine_live_20260127_232004.html
2026-01-27 23:20:14;foes - 7sins: the album concert (live);Felip;147841;felip_foes_live_20260127_232014.html
2026-01-27 23:20:23;envy - 7sins: the album concert (live);Felip;130779;felip_envy_live_20260127_232023.html
2026-01-27 23:20:33;greed - 7sins: the album concert (live);Felip;141504;felip_greed_live_20260127_232033.html
2026-01-27 23:20:42;lust (feat. Cyra Gwynth) - 7sins: the album concert (live);Felip, Cyra Gwynth;136631;felip_lust_live_20260127_232042.html
2026-01-27 23:20:52;pride - 7sins: the album concert (live);Felip;123759;felip_pride_live_20260127_232052.html
2026-01-27 23:21:02;gluttony (feat. PLAYERTWO) - 7sins: the album concert (live);Felip, PLAYERTWO;125336;felip_gluttony_feat_playertwo_live_20260127_232102.html
2026-01-27 23:21:11;wrath - 7sins: the album concert (live);Felip;136868;felip_wrath_live_20260127_232111.html
2026-01-27 23:21:21;tokyo - 7sins: the album concert (live);Felip;596568;felip_tokyo_live_20260127_232121.html
2026-01-27 23:21:31;sloth - 7sins: the album concert (live);Felip;132325;felip_sloth_live_20260127_232131.html
2026-01-27 23:21:40;grace - 7sins: the album concert (live);Felip;138857;felip_grace_live_20260127_232140.html
2026-01-27 23:21:50;ache - 7sins: the album concert (live);Felip;162945;felip_ache_live_20260127_232150.html
2026-01-27 23:21:59;WILD TONIGHT;JOSH CULLEN;9709209;josh_cullen_wild_tonight_20260127_232159.html
2026-01-27 23:22:09;Pakiusap Lang;JOSH CULLEN;5252627;josh_cullen_pakiusap_lang_20260127_232209.html
2026-01-27 23:22:19;GET RIGHT;JOSH CULLEN;4605118;josh_cullen_get_right_20260127_232219.html
2026-01-27 23:22:28;Yoko Na;JOSH CULLEN, Al James;10345978;josh_cullen_yoko_na_20260127_232228.html
2026-01-27 23:22:38;1999;JOSH CULLEN;6206188;josh_cullen_1999_20260127_232238.html
2026-01-27 23:22:48;See Me;JOSH CULLEN;2906038;josh_cullen_see_me_20260127_232248.html
2026-01-27 23:22:57;Silent Cries;JOSH CULLEN;3818181;josh_cullen_silent_cries_20260127_232257.html
2026-01-27 23:23:07;Honest;JOSH CULLEN;2633856;josh_cullen_honest_20260127_232307.html
2026-01-27 23:23:16;No Control (feat. (e)motion engine);JOSH CULLEN, (e)motion engine;2185312;josh_cullen_no_control_20260127_232316.html
2026-01-27 23:23:26;Lights Out (feat. Mo Mitchell);JOSH CULLEN, Mo Mitchell;1946058;josh_cullen_lights_out_20260127_232326.html
2026-01-27 23:23:36;Sumaya;JOSH CULLEN;5296596;josh_cullen_sumaya_20260127_232336.html
2026-01-27 23:23:45;Silent Cries - Instrumental;JOSH CULLEN;529443;josh_cullen_silent_cries_instrumental_20260127_232345.html
2026-01-27 23:23:55;No Control - Instrumental;JOSH CULLEN;516497;josh_cullen_no_control_instrumental_20260127_232355.html
2026-01-27 23:24:04;Takbuhan;Kael Guerrero, JOSH CULLEN;911920;josh_cullen_takbuhan_20260127_232404.html
2026-01-27 23:24:14;Re: Thinkin' About You;H1-KEY, JOSH CULLEN;4237586;josh_cullen_re_thinkin_about_you_20260127_232414.html
2026-01-27 23:24:24;Room;Stell;11941732;stell_room_20260127_232424.html
2026-01-27 23:24:33;Anino;Stell;6049123;stell_anino_20260127_232433.html
2026-01-27 23:24:43;‘Di Ko Masabi;Stell;7595865;stell_di_ko_masabi_20260127_232443.html
2026-01-27 23:24:52;Classic;Stell;6508772;stell_classic_20260127_232452.html
2026-01-27 23:25:02;Room - Stripped;Stell;4738607;stell_room_stripped_20260127_232502.html
2026-01-27 23:25:11;surreal;justin;14922027;justin_surreal_20260127_232511.html
2026-01-27 23:25:21;sunday morning;justin;5412605;justin_sunday_morning_20260127_232521.html
2026-01-27 23:25:31;kaibigan;justin;8768802;justin_kaibigan_20260127_232531.html
2026-01-27 23:25:40;Sampung Mga Daliri;dwta, justin;7529026;justin_sampung_mga_daliri_20260127_232540.html
2026-01-27 23:25:50;GENTO - From THE FIRST TAKE;SB19;7017458;sb19_gento_from_the_first_take_20260127_232550.html
2026-01-27 23:25:59;MAPA - From THE FIRST TAKE;SB19;5167425;sb19_mapa_from_the_first_take_20260127_232559.html
2026-01-27 23:26:09;DAM - From THE FIRST TAKE;SB19;2039525;sb19_dam_from_the_first_take_20260127_232609.html
2026-01-27 23:26:19;Time - From THE FIRST TAKE;SB19;2159401;sb19_time_from_the_first_take_20260127_232619.html
2026-01-27 23:26:28;Moonlight (Ian Asher Club Mix);Ian Asher, SB19, Terry Zhong;2934582;sb19_moonlight_ian_asher_club_mix_20260127_232628.html
2026-01-27 23:26:38;Umaaligid - Extended Ver.;Sarah Geronimo, SB19;2717667;sb19_umaaligid_extended_ver_20260127_232638.html
2026-01-27 23:26:48;"Love Yours (feat. SB19) - DIOR &amp; RealBros Remix";Ohwon Lee, SB19;863335;sb19_love_yours_dior_realbros_remix_20260127_232648.html
2026-01-27 23:26:57;What? - Extended Version;SB19;6286493;sb19_what_extended_version_20260127_232657.html
2026-01-28 15:34:35;Tilaluha;SB19;23614157;sb19_tilaluha_20260128_153435.html
2026-01-28 15:34:44;Go Up;SB19;26752526;sb19_go_up_20260128_153444.html
2026-01-28 15:34:56;Alab (Burning);SB19;22570389;sb19_alab_burning_20260128_153456.html
2026-01-28 15:35:08;Hanggang Sa Huli;SB19;32231683;sb19_hanggang_sa_huli_20260128_153508.html
2026-01-28 15:35:20;Love Goes;SB19;11129125;sb19_love_goes_20260128_153520.html
2026-01-28 15:35:29;Love Goes - EDM Version;SB19;7129092;sb19_love_goes_edm_version_20260128_153529.html
2026-01-28 15:35:39;Wag Mong Ikunot Ang Iyong Noo;SB19;9448812;sb19_wag_mong_ikunot_ang_iyong_noo_20260128_153539.html
2026-01-28 15:35:49;Tilaluha - Instrumental;SB19;2210337;sb19_tilaluha_instrumental_20260128_153549.html
2026-01-28 15:35:58;Hanggang Sa Huli - Instrumental;SB19;2319292;sb19_hanggang_sa_huli_instrumental_20260128_153558.html
2026-01-28 15:36:08;What?;SB19;25682295;sb19_what_20260128_153608.html
2026-01-28 15:36:17;MAPA;SB19;85940173;sb19_mapa_20260128_153617.html
2026-01-28 15:36:27;Bazinga;SB19;31743866;sb19_bazinga_20260128_153627.html
2026-01-28 15:36:37;SLMT;SB19;17456326;sb19_slmt_20260128_153637.html
2026-01-28 15:36:46;Mana;SB19;20762101;sb19_mana_20260128_153646.html
2026-01-28 15:36:56;Ikako;SB19;14724299;sb19_ikako_20260128_153656.html
2026-01-28 15:37:06;GENTO;SB19;75781652;sb19_gento_20260128_153706.html
2026-01-28 15:37:15;I WANT YOU;SB19;31523800;sb19_i_want_you_20260128_153715.html
2026-01-28 15:37:25;ILAW;SB19;19705953;sb19_ilaw_20260128_153725.html
2026-01-28 15:37:34;CRIMZONE;SB19;25335903;sb19_crimzone_20260128_153734.html
2026-01-28 15:37:44;LIHAM;SB19;20098910;sb19_liham_20260128_153744.html
2026-01-28 15:37:54;FREEDOM;SB19;16408280;sb19_freedom_20260128_153754.html
2026-01-28 15:38:03;DAM;SB19;60506458;sb19_dam_20260128_153803.html
2026-01-28 15:38:13;Time;SB19;21906177;sb19_time_20260128_153813.html
2026-01-28 15:38:22;8TonBall;SB19;15863178;sb19_8tonball_20260128_153822.html
2026-01-28 15:38:32;Quit;SB19;16932262;sb19_quit_20260128_153832.html
2026-01-28 15:38:42;Shooting for the Stars;SB19;14853133;sb19_shooting_for_the_stars_20260128_153842.html
2026-01-28 15:38:51;DUNGKA!;SB19;27659446;sb19_dungka_20260128_153851.html
2026-01-28 15:39:02;DAM (Extended Ver.);SB19;18792525;sb19_dam_extended_ver_20260128_153902.html
2026-01-28 15:39:12;WYAT (Where You At);SB19;25036840;sb19_wyat_where_you_at_20260128_153912.html
2026-01-28 15:39:22;Nyebe;SB19;18071380;sb19_nyebe_20260128_153922.html
2026-01-28 15:39:31;No Stopping You;SB19;8744230;sb19_no_stopping_you_20260128_153931.html
2026-01-28 15:39:41;Ligaya;SB19;9698006;sb19_ligaya_20260128_153941.html
2026-01-28 15:39:51;MAPA (Band Version);"SB19, Ben&amp;Ben";27896275;sb19_mapa_band_version_20260128_153951.html
2026-01-28 15:40:00;Kabataang Pinoy;BINI, SB19, Jonathan Manalo;9093076;sb19_kabataang_pinoy_20260128_154000.html
2026-01-28 15:40:10;WIN YOUR HEART;SB19;11057343;sb19_win_your_heart_20260128_154010.html
2026-01-28 15:40:19;CHRISTMAS PARTY - SB19 VƎRSION;SB19;4455874;sb19_christmas_party_sb19_version_20260128_154019.html
2026-01-28 15:40:29;golden hour (SB19 Remix);JVKE, SB19;20942089;sb19_golden_hour_sb19_remix_20260128_154029.html
2026-01-28 15:40:39;Moonlight;Ian Asher, SB19, Terry Zhong;22581090;sb19_moonlight_20260128_154039.html
2026-01-28 15:40:48;Ready;apl.de.ap, SB19;9699322;sb19_ready_20260128_154048.html
2026-01-28 15:40:58;KALAKAL;SB19, Gloc-9;21680820;sb19_kalakal_20260128_154058.html
2026-01-28 15:41:08;MAPA (Indonesian Ver.);SB19, Aruma;7382644;sb19_mapa_indonesian_version_20260128_154108.html
2026-01-28 15:41:17;Umaaligid;Sarah Geronimo, SB19;13029495;sb19_umaaligid_20260128_154117.html
2026-01-28 15:41:27;Burn The Flame (feat. SB19);Honor of Kings, SB19;2977437;sb19_burn_the_flame_20260128_154127.html
2026-01-28 15:41:36;Burn The Flame (Taglish Version) (feat. SB19);Honor of Kings, SB19;816438;sb19_burn_the_flame_taglish_version_20260128_154136.html
2026-01-28 15:41:46;Burn The Flame (Karaoke Version) (feat. SB19);Honor of Kings, SB19;196804;sb19_burn_the_flame_karaoke_version_20260128_154146.html
2026-01-28 15:41:57;Burn The Flame (Instrumental) (feat. SB19);Honor of Kings, SB19;137897;sb19_burn_the_flame_instrumental_20260128_154157.html
2026-01-28 15:42:06;Love Yours (feat. SB19);Ohwon Lee, SB19;5508131;sb19_love_yours_20260128_154206.html
2026-01-28 15:42:16;Kapangyarihan - feat. SB19;"Ben&amp;Ben, SB19";23083034;sb19_kapangyarihan_20260128_154216.html
2026-01-28 15:42:26;The One;SB19;8888882;sb19_the_one_20260128_154226.html
2026-01-28 15:42:35;Merry Munchkins (SB19 Version);Dunkin' Philippines;2734399;sb19_merry_munchkins_sb19_version_20260128_154235.html
2026-01-28 15:42:45;Live It Up;Acer Philippines, SB19;3923470;sb19_live_it_up_20260128_154245.html
2026-01-28 15:42:54;Make Your Green Mark;Acer Philippines, SB19;2454619;sb19_make_your_green_mark_20260128_154254.html
2026-01-28 15:43:04;Ace Your World;Acer Philippines, SB19, Sarah Geronimo;3087591;sb19_ace_your_world_20260128_154304.html
2026-01-28 15:43:14;"Reset (feat. SB19 &amp; Sandara Park)";Acer Philippines, SB19, Sandara Park;3168691;sb19_reset_20260128_154314.html
2026-01-28 15:43:23;Tahanan (feat. SB19);Acer Philippines, SB19;1633753;sb19_tahanan_20260128_154323.html
2026-01-28 15:43:33;G Pa Rin Ang Pasko (feat. SB19);GCash, SB19;796732;sb19_g_pa_rin_ang_pasko_20260128_154333.html
2026-01-28 15:43:42;"Ready, Set, G! (feat. SB19 &amp; GCash Jr.)";GCash, GCash Jr., SB19;1134886;sb19_ready_set_g_20260128_154342.html
2026-01-28 15:43:52;We Wish You A Merry GCash (feat. SB19);GCash, SB19;1322517;sb19_we_wish_you_a_merry_gcash_20260128_154352.html
2026-01-28 15:44:01;Make It Merry, I-GCash Mo (feat. SB19);GCash, SB19;1003665;sb19_make_it_merry_i_gcash_mo_20260128_154401.html
2026-01-28 15:44:11;Tara, Summer Na! (feat. SB19);GCash, SB19;1898873;sb19_tara_summer_na_20260128_154411.html
2026-01-28 15:44:22;TM Doble Dekada (Samahang Pina-Easy);The Juans, SB19, Donnalyn, Matthaios;2846995;sb19_tm_doble_dekada_samahang_pina_easy_20260128_154422.html
2026-01-28 15:44:32;Dobleng GV sa FunPasko (Noon, Ngayon, Palagi);The Juans, SB19;673457;sb19_dobleng_gv_sa_funpasko_noon_ngayon_palagi_20260128_154432.html
2026-01-28 15:44:41;TM FunPasko (Samahang Pina-Easy);The Juans, SB19, Donnalyn;902668;sb19_tm_funpasko_samahang_pina_easy_20260128_154441.html
2026-01-28 15:44:51;Push Ang Pusuan;The Juans, SB19, Matthaios;3475261;sb19_push_ang_pusuan_20260128_154451.html
2026-01-28 15:45:00;Team Tayo;The Juans, SB19;1056269;sb19_team_tayo_20260128_154500.html
2026-01-28 15:45:10;Ating Pasko;Acer Philippines, SB19, G22;2426732;sb19_ating_pasko_20260128_154510.html
2026-01-28 15:45:20;La Luna;PABLO;17426634;pablo_la_luna_20260128_154520.html
2026-01-28 15:45:39;Presyon;PABLO;2645425;pablo_presyon_20260128_154539.html
2026-01-28 15:45:48;Wala;PABLO;2879311;pablo_wala_20260128_154548.html
2026-01-28 15:45:58;The Boy Who Cried Wolf;PABLO;4891758;pablo_the_boy_who_cried_wolf_20260128_154558.html
2026-01-28 15:46:07;Kumunoy;PABLO;3969957;pablo_kumunoy_20260128_154607.html
2026-01-28 15:46:17;Kelan;PABLO, Josue;2441473;pablo_kelan_20260128_154617.html
2026-01-28 15:46:27;Drowning in the Water;PABLO;5625137;pablo_drowning_in_the_water_20260128_154627.html
2026-01-28 15:46:36;Breathe (Outro);PABLO;1895878;pablo_breathe_outro_20260128_154636.html
2026-01-28 15:46:46;Neumun;PABLO;3664359;pablo_neumun_20260128_154646.html
2026-01-28 15:46:55;Don't Care;PABLO;2786247;pablo_don_t_care_20260128_154655.html
2026-01-28 15:47:05;Butata;PABLO;6644145;pablo_butata_20260128_154705.html
2026-01-28 15:47:14;Puyat;PABLO;3187678;pablo_puyat_20260128_154714.html
2026-01-28 15:47:24;Blessed;PABLO;4057170;pablo_blessed_20260128_154724.html
2026-01-28 15:47:33;Tambol (Ibang Planeta);PABLO;2501233;pablo_tambol_ibang_planeta_20260128_154733.html
2026-01-28 15:47:43;Micha!;PABLO;3458710;pablo_micha_20260128_154743.html
2026-01-28 15:47:53;DETERMINADO;RADKIDZ, PABLO, Josue;6316066;pablo_determinado_20260128_154753.html
2026-01-28 15:48:02;AKALA;RADKIDZ, PABLO, Josue;5375562;pablo_akala_20260128_154802.html
2026-01-28 15:48:12;edsa;PABLO;7835750;pablo_edsa_20260128_154812.html
2026-01-28 15:48:21;Liwanag sa Dilim - from “Incognito”;PABLO;6329522;pablo_liwanag_sa_dilim_from_incognito_20260128_154821.html
2026-01-28 15:48:31;Palayo;Felip;12320245;felip_palayo_20260128_154831.html
2026-01-28 15:48:40;Bulan;Felip;6679569;felip_bulan_20260128_154840.html
2026-01-28 15:48:50;ROCKSTA;Felip;6397587;felip_rocksta_20260128_154850.html
2026-01-28 15:49:00;SUPERIORITY;Felip;3685222;felip_superiority_20260128_154900.html
2026-01-28 15:49:09;MICTEST;Felip;4218114;felip_mictest_20260128_154909.html
2026-01-28 15:49:19;DRINKSMOKE;Felip;5256911;felip_drinksmoke_20260128_154919.html
2026-01-28 15:49:28;CRIMINAL;Felip;6560426;felip_criminal_20260128_154928.html
2026-01-28 15:49:38;STRAYDOGS;Felip;5578723;felip_straydogs_20260128_154938.html
2026-01-28 15:49:48;Kanako;Felip;9760372;felip_kanako_20260128_154948.html
2026-01-28 15:49:57;Moving Closer;Felip;10314519;felip_moving_closer_20260128_154957.html
2026-01-28 15:50:07;FLYYY;PLAYERTWO, Felip;3510008;felip_flyyy_20260128_155007.html
2026-01-28 15:50:16;Pagdali;PLAYERTWO, Felip;3403883;felip_pagdali_20260128_155016.html
2026-01-28 15:50:26;Fake Faces;Felip;8783697;felip_fake_faces_20260128_155026.html
2026-01-28 15:50:36;foes;Felip;2389619;felip_foes_20260128_155036.html
2026-01-28 15:50:45;envy;Felip;3415212;felip_envy_20260128_155045.html
2026-01-28 15:50:55;wrath;Felip;2025942;felip_wrath_20260128_155055.html
2026-01-28 15:51:04;greed;Felip;3318030;felip_greed_20260128_155104.html
2026-01-28 15:51:14;pride;Felip;1921475;felip_pride_20260128_155114.html
2026-01-28 15:51:24;gluttony (feat. PLAYERTWO);Felip, PLAYERTWO;1719391;felip_gluttony_20260128_155124.html
2026-01-28 15:51:33;lust (feat. Cyra Gwynth);Felip, Cyra Gwynth;3497733;felip_lust_20260128_155133.html
2026-01-28 15:51:43;sloth;Felip;2549068;felip_sloth_20260128_155143.html
2026-01-28 15:51:53;ache;Felip;4513045;felip_ache_20260128_155153.html
2026-01-28 15:52:02;ID feat. RYOKI (BE:FIRST), RYUKI (MAZZEL), JIMMY (PSYCHIC FEVER), FELIP;SKY-HI, RYOKI, RYUKI, JIMMY, Felip;2400447;felip_id_20260128_155202.html
2026-01-28 15:52:12;"KAWASAKI (with Felip &amp; thủy)";ONE OR EIGHT, Felip, thủy;1655614;felip_kawasaki_20260128_155212.html
2026-01-28 15:52:22;Palayo - Live Band Version;Felip;2228100;felip_palayo_live_band_ver_20260128_155222.html
2026-01-28 15:52:31;Bulan - Live Band Version;Felip;1946493;felip_bulan_live_band_ver_20260128_155231.html
2026-01-28 15:52:41;Palayo - Instrumental;Felip;1260086;felip_palayo_inst_20260128_155241.html
2026-01-28 15:52:50;Bulan - Instrumental;Felip;1184884;felip_bulan_inst_20260128_155250.html
2026-01-28 15:53:00;Moving Closer - From the Cafe;Felip;2205084;felip_moving_closer_from_the_cafe_20260128_155300.html
2026-01-28 15:53:09;Moving Closer - From the Lounge;Felip;1527534;felip_moving_closer_from_the_lounge_20260128_155309.html
2026-01-28 15:53:19;ID - feat. SHUNTO (BE:FIRST), RYUKI (MAZZEL), JIMMY (PSYCHIC FEVER), Felip;SKY-HI, SHUNTO, RYUKI, JIMMY, Felip;187773;felip_id_new_version_20260128_155319.html
2026-01-28 15:53:29;ROCKSTA - Superior Sessions Live;Felip;1500056;felip_rocksta_superior_session_live_20260128_155329.html
2026-01-28 15:53:38;SUPERIORITY - Superior Sessions Live;Felip;1400657;felip_superiority_superior_session_live_20260128_155338.html
2026-01-28 15:53:48;MICTEST - Superior Sessions Live;Felip;1332014;felip_mictest_superior_session_live_20260128_155348.html
2026-01-28 15:53:58;DRINKSMOKE - Superior Sessions Live;Felip;1511500;felip_drinksmoke_superior_session_live_20260128_155358.html
2026-01-28 15:54:07;CRIMINAL - Superior Sessions Live;Felip;1703979;felip_criminal_superior_session_live_20260128_155407.html
2026-01-28 15:54:17;STRAYDOGS - Superior Sessions Live;Felip;1335423;felip_straydogs_superior_session_live_20260128_155417.html
2026-01-28 15:54:27;to sin is human, to forgive is divine - 7sins: the album concert (live);Felip;154760;felip_to_sin_is_human_to_forgive_is_divine_live_20260128_155427.html
2026-01-28 15:54:36;foes - 7sins: the album concert (live);Felip;148341;felip_foes_live_20260128_155436.html
2026-01-28 15:54:46;envy - 7sins: the album concert (live);Felip;131319;felip_envy_live_20260128_155446.html
2026-01-28 15:54:56;greed - 7sins: the album concert (live);Felip;142027;felip_greed_live_20260128_155456.html
2026-01-28 15:55:05;lust (feat. Cyra Gwynth) - 7sins: the album concert (live);Felip, Cyra Gwynth;137224;felip_lust_live_20260128_155505.html
2026-01-28 15:55:15;pride - 7sins: the album concert (live);Felip;124239;felip_pride_live_20260128_155515.html
2026-01-28 15:55:26;gluttony (feat. PLAYERTWO) - 7sins: the album concert (live);Felip, PLAYERTWO;125760;felip_gluttony_feat_playertwo_live_20260128_155526.html
2026-01-28 15:55:36;wrath - 7sins: the album concert (live);Felip;137683;felip_wrath_live_20260128_155536.html
2026-01-28 15:55:46;tokyo - 7sins: the album concert (live);Felip;599467;felip_tokyo_live_20260128_155546.html
2026-01-28 15:55:55;sloth - 7sins: the album concert (live);Felip;132878;felip_sloth_live_20260128_155555.html
2026-01-28 15:56:05;grace - 7sins: the album concert (live);Felip;139522;felip_grace_live_20260128_155605.html
2026-01-28 15:56:15;ache - 7sins: the album concert (live);Felip;163724;felip_ache_live_20260128_155615.html
2026-01-28 15:56:24;WILD TONIGHT;JOSH CULLEN;9714250;josh_cullen_wild_tonight_20260128_155624.html
2026-01-28 15:56:34;Pakiusap Lang;JOSH CULLEN;5254371;josh_cullen_pakiusap_lang_20260128_155634.html
2026-01-28 15:56:44;GET RIGHT;JOSH CULLEN;4607417;josh_cullen_get_right_20260128_155644.html
2026-01-28 15:56:53;Yoko Na;JOSH CULLEN, Al James;10351161;josh_cullen_yoko_na_20260128_155653.html
2026-01-28 15:57:03;1999;JOSH CULLEN;6212523;josh_cullen_1999_20260128_155703.html
2026-01-28 15:57:13;See Me;JOSH CULLEN;2910067;josh_cullen_see_me_20260128_155713.html
2026-01-28 15:57:22;Silent Cries;JOSH CULLEN;3820961;josh_cullen_silent_cries_20260128_155722.html
2026-01-28 15:57:32;Honest;JOSH CULLEN;2636181;josh_cullen_honest_20260128_155732.html
2026-01-28 17:51:05;No Control (feat. (e)motion engine);JOSH CULLEN, (e)motion engine;2187890;josh_cullen_no_control_20260128_175105.html
2026-01-28 17:51:15;Lights Out (feat. Mo Mitchell);JOSH CULLEN, Mo Mitchell;1948350;josh_cullen_lights_out_20260128_175115.html
2026-01-28 17:51:24;Sumaya;JOSH CULLEN;5300387;josh_cullen_sumaya_20260128_175124.html
2026-01-28 17:51:34;Silent Cries - Instrumental;JOSH CULLEN;529925;josh_cullen_silent_cries_instrumental_20260128_175134.html
2026-01-28 17:51:44;No Control - Instrumental;JOSH CULLEN;517132;josh_cullen_no_control_instrumental_20260128_175144.html
2026-01-28 17:51:53;Takbuhan;Kael Guerrero, JOSH CULLEN;913802;josh_cullen_takbuhan_20260128_175153.html
2026-01-28 17:52:03;Re: Thinkin' About You;H1-KEY, JOSH CULLEN;4240645;josh_cullen_re_thinkin_about_you_20260128_175203.html
2026-01-28 17:52:13;Room;Stell;11955490;stell_room_20260128_175213.html
2026-01-28 17:52:23;Anino;Stell;6057380;stell_anino_20260128_175223.html
2026-01-28 17:52:32;‘Di Ko Masabi;Stell;7604633;stell_di_ko_masabi_20260128_175232.html
2026-01-28 17:52:42;Classic;Stell;6517956;stell_classic_20260128_175242.html
2026-01-28 17:52:52;Room - Stripped;Stell;4745934;stell_room_stripped_20260128_175252.html
2026-01-28 17:53:01;surreal;justin;14932337;justin_surreal_20260128_175301.html
2026-01-28 17:53:11;sunday morning;justin;5417859;justin_sunday_morning_20260128_175311.html
2026-01-28 17:53:21;kaibigan;justin;8775725;justin_kaibigan_20260128_175321.html
2026-01-28 17:53:30;Sampung Mga Daliri;dwta, justin;7538130;justin_sampung_mga_daliri_20260128_175330.html
2026-01-28 17:53:40;GENTO - From THE FIRST TAKE;SB19;7025940;sb19_gento_from_the_first_take_20260128_175340.html
2026-01-28 17:53:50;MAPA - From THE FIRST TAKE;SB19;5174008;sb19_mapa_from_the_first_take_20260128_175350.html
2026-01-28 17:53:59;DAM - From THE FIRST TAKE;SB19;2055692;sb19_dam_from_the_first_take_20260128_175359.html
2026-01-28 17:54:09;Time - From THE FIRST TAKE;SB19;2179357;sb19_time_from_the_first_take_20260128_175409.html
2026-01-28 17:54:19;Moonlight (Ian Asher Club Mix);Ian Asher, SB19, Terry Zhong;2937949;sb19_moonlight_ian_asher_club_mix_20260128_175419.html
2026-01-28 17:54:28;Umaaligid - Extended Ver.;Sarah Geronimo, SB19;2722085;sb19_umaaligid_extended_ver_20260128_175428.html
2026-01-28 17:54:38;"Love Yours (feat. SB19) - DIOR &amp; RealBros Remix";Ohwon Lee, SB19;863812;sb19_love_yours_dior_realbros_remix_20260128_175438.html
2026-01-28 17:54:48;What? - Extended Version;SB19;6290993;sb19_what_extended_version_20260128_175448.html
2026-01-28 18:46:05;Sampung Mga Daliri (Reimagined Version);dwta, justin;710946;justin_sampung_mga_daliri_reimagined_version_20260128_184605.html
2026-01-28 18:46:14;Sampung Mga Daliri (Acoustic Version);dwta, justin;1564771;justin_sampung_mga_daliri_acoustic_version_20260128_184614.html
2026-01-29 23:00:38;Tilaluha;SB19;23639722;sb19_tilaluha_20260129_230038.html
2026-01-29 23:00:48;Go Up;SB19;26776241;sb19_go_up_20260129_230048.html
2026-01-29 23:00:57;Alab (Burning);SB19;22595062;sb19_alab_burning_20260129_230057.html
2026-01-29 23:01:07;Hanggang Sa Huli;SB19;32265512;sb19_hanggang_sa_huli_20260129_230107.html
2026-01-29 23:01:16;Love Goes;SB19;11144155;sb19_love_goes_20260129_230116.html
2026-01-29 23:01:26;Love Goes - EDM Version;SB19;7138534;sb19_love_goes_edm_version_20260129_230126.html
2026-01-29 23:01:36;Wag Mong Ikunot Ang Iyong Noo;SB19;9465921;sb19_wag_mong_ikunot_ang_iyong_noo_20260129_230136.html
2026-01-29 23:01:46;Tilaluha - Instrumental;SB19;2212670;sb19_tilaluha_instrumental_20260129_230146.html
2026-01-29 23:01:55;Hanggang Sa Huli - Instrumental;SB19;2321649;sb19_hanggang_sa_huli_instrumental_20260129_230155.html
2026-01-29 23:02:05;What?;SB19;25709773;sb19_what_20260129_230205.html
2026-01-29 23:02:15;MAPA;SB19;86018525;sb19_mapa_20260129_230215.html
2026-01-29 23:02:24;Bazinga;SB19;31778905;sb19_bazinga_20260129_230224.html
2026-01-29 23:02:34;SLMT;SB19;17480229;sb19_slmt_20260129_230234.html
2026-01-29 23:02:44;Mana;SB19;20788787;sb19_mana_20260129_230244.html
2026-01-29 23:02:54;Ikako;SB19;14747656;sb19_ikako_20260129_230254.html
2026-01-29 23:03:04;GENTO;SB19;75861386;sb19_gento_20260129_230304.html
2026-01-29 23:03:14;I WANT YOU;SB19;31562536;sb19_i_want_you_20260129_230314.html
2026-01-29 23:03:23;ILAW;SB19;19739959;sb19_ilaw_20260129_230323.html
2026-01-29 23:03:33;CRIMZONE;SB19;25372824;sb19_crimzone_20260129_230333.html
2026-01-29 23:03:42;LIHAM;SB19;20133516;sb19_liham_20260129_230342.html
2026-01-29 23:03:52;FREEDOM;SB19;16435602;sb19_freedom_20260129_230352.html
2026-01-29 23:04:02;DAM;SB19;60691212;sb19_dam_20260129_230402.html
2026-01-29 23:04:11;Time;SB19;22004587;sb19_time_20260129_230411.html
2026-01-29 23:04:21;8TonBall;SB19;15943267;sb19_8tonball_20260129_230421.html
2026-01-29 23:04:31;Quit;SB19;17014760;sb19_quit_20260129_230431.html
2026-01-29 23:04:41;Shooting for the Stars;SB19;14932252;sb19_shooting_for_the_stars_20260129_230441.html
2026-01-29 23:04:50;DUNGKA!;SB19;27766187;sb19_dungka_20260129_230450.html
2026-01-29 23:05:00;DAM (Extended Ver.);SB19;18837759;sb19_dam_extended_ver_20260129_230500.html
2026-01-29 23:05:10;WYAT (Where You At);SB19;25063249;sb19_wyat_where_you_at_20260129_230510.html
2026-01-29 23:05:19;Nyebe;SB19;18102410;sb19_nyebe_20260129_230519.html
2026-01-29 23:05:29;No Stopping You;SB19;8758589;sb19_no_stopping_you_20260129_230529.html
2026-01-29 23:05:48;MAPA (Band Version);"SB19, Ben&amp;Ben";27914346;sb19_mapa_band_version_20260129_230548.html
2026-01-29 23:05:58;Kabataang Pinoy;BINI, SB19, Jonathan Manalo;9098220;sb19_kabataang_pinoy_20260129_230558.html
2026-01-29 23:06:08;WIN YOUR HEART;SB19;11071638;sb19_win_your_heart_20260129_230608.html
2026-01-29 23:06:17;CHRISTMAS PARTY - SB19 VƎRSION;SB19;4460672;sb19_christmas_party_sb19_version_20260129_230617.html
2026-01-29 23:06:27;golden hour (SB19 Remix);JVKE, SB19;20966779;sb19_golden_hour_sb19_remix_20260129_230627.html
2026-01-29 23:06:36;Moonlight;Ian Asher, SB19, Terry Zhong;22605033;sb19_moonlight_20260129_230636.html
2026-01-29 23:06:46;Ready;apl.de.ap, SB19;9714205;sb19_ready_20260129_230646.html
2026-01-29 23:06:56;KALAKAL;SB19, Gloc-9;21709937;sb19_kalakal_20260129_230656.html
2026-01-29 23:07:05;MAPA (Indonesian Ver.);SB19, Aruma;7405406;sb19_mapa_indonesian_version_20260129_230705.html
2026-01-29 23:07:15;Umaaligid;Sarah Geronimo, SB19;13076824;sb19_umaaligid_20260129_230715.html
2026-01-29 23:07:24;Burn The Flame (feat. SB19);Honor of Kings, SB19;3014627;sb19_burn_the_flame_20260129_230724.html
2026-01-29 23:07:34;Burn The Flame (Taglish Version) (feat. SB19);Honor of Kings, SB19;823577;sb19_burn_the_flame_taglish_version_20260129_230734.html
2026-01-29 23:07:44;Burn The Flame (Karaoke Version) (feat. SB19);Honor of Kings, SB19;198499;sb19_burn_the_flame_karaoke_version_20260129_230744.html
2026-01-29 23:07:53;Burn The Flame (Instrumental) (feat. SB19);Honor of Kings, SB19;138945;sb19_burn_the_flame_instrumental_20260129_230753.html
2026-01-29 23:08:03;Love Yours (feat. SB19);Ohwon Lee, SB19;5514759;sb19_love_yours_20260129_230803.html
2026-01-29 23:08:13;Kapangyarihan - feat. SB19;"Ben&amp;Ben, SB19";23127558;sb19_kapangyarihan_20260129_230813.html
2026-01-29 23:08:22;The One;SB19;8901434;sb19_the_one_20260129_230822.html
2026-01-29 23:08:32;Merry Munchkins (SB19 Version);Dunkin' Philippines;2735909;sb19_merry_munchkins_sb19_version_20260129_230832.html
2026-01-29 23:08:41;Live It Up;Acer Philippines, SB19;3926566;sb19_live_it_up_20260129_230841.html
2026-01-29 23:08:52;Make Your Green Mark;Acer Philippines, SB19;2456143;sb19_make_your_green_mark_20260129_230852.html
2026-01-29 23:09:02;Ace Your World;Acer Philippines, SB19, Sarah Geronimo;3090821;sb19_ace_your_world_20260129_230902.html
2026-01-29 23:09:11;"Reset (feat. SB19 &amp; Sandara Park)";Acer Philippines, SB19, Sandara Park;3171397;sb19_reset_20260129_230911.html
2026-01-29 23:09:21;Tahanan (feat. SB19);Acer Philippines, SB19;1661909;sb19_tahanan_20260129_230921.html
2026-01-29 23:09:31;G Pa Rin Ang Pasko (feat. SB19);GCash, SB19;796732;sb19_g_pa_rin_ang_pasko_20260129_230931.html
2026-01-29 23:09:40;"Ready, Set, G! (feat. SB19 &amp; GCash Jr.)";GCash, GCash Jr., SB19;1134886;sb19_ready_set_g_20260129_230940.html
2026-01-29 23:09:50;We Wish You A Merry GCash (feat. SB19);GCash, SB19;1323725;sb19_we_wish_you_a_merry_gcash_20260129_230950.html
2026-01-29 23:09:59;Make It Merry, I-GCash Mo (feat. SB19);GCash, SB19;1008638;sb19_make_it_merry_i_gcash_mo_20260129_230959.html
2026-01-29 23:10:09;Tara, Summer Na! (feat. SB19);GCash, SB19;1901263;sb19_tara_summer_na_20260129_231009.html
2026-01-29 23:10:19;TM Doble Dekada (Samahang Pina-Easy);The Juans, SB19, Donnalyn, Matthaios;2850340;sb19_tm_doble_dekada_samahang_pina_easy_20260129_231019.html
2026-01-29 23:10:29;Dobleng GV sa FunPasko (Noon, Ngayon, Palagi);The Juans, SB19;673976;sb19_dobleng_gv_sa_funpasko_noon_ngayon_palagi_20260129_231029.html
2026-01-29 23:10:38;TM FunPasko (Samahang Pina-Easy);The Juans, SB19, Donnalyn;903534;sb19_tm_funpasko_samahang_pina_easy_20260129_231038.html
2026-01-29 23:10:48;Push Ang Pusuan;The Juans, SB19, Matthaios;3481811;sb19_push_ang_pusuan_20260129_231048.html
2026-01-29 23:10:58;Team Tayo;The Juans, SB19;1057331;sb19_team_tayo_20260129_231058.html
2026-01-29 23:11:07;Ating Pasko;Acer Philippines, SB19, G22;2427438;sb19_ating_pasko_20260129_231107.html
2026-01-29 23:11:17;La Luna;PABLO;17441883;pablo_la_luna_20260129_231117.html
2026-01-29 23:11:36;Presyon;PABLO;2650472;pablo_presyon_20260129_231136.html
2026-01-29 23:11:46;Wala;PABLO;2884135;pablo_wala_20260129_231146.html
2026-01-29 23:11:55;The Boy Who Cried Wolf;PABLO;4901429;pablo_the_boy_who_cried_wolf_20260129_231155.html
2026-01-29 23:12:05;Kumunoy;PABLO;3982033;pablo_kumunoy_20260129_231205.html
2026-01-29 23:12:14;Kelan;PABLO, Josue;2446178;pablo_kelan_20260129_231214.html
2026-01-29 23:12:24;Drowning in the Water;PABLO;5637667;pablo_drowning_in_the_water_20260129_231224.html
2026-01-29 23:12:34;Breathe (Outro);PABLO;1898675;pablo_breathe_outro_20260129_231234.html
2026-01-29 23:12:43;Neumun;PABLO;3670668;pablo_neumun_20260129_231243.html
2026-01-29 23:12:53;Don't Care;PABLO;2791842;pablo_don_t_care_20260129_231253.html
2026-01-29 23:13:03;Butata;PABLO;6655046;pablo_butata_20260129_231303.html
2026-01-29 23:13:22;Blessed;PABLO;4067041;pablo_blessed_20260129_231322.html
2026-01-29 23:13:31;Tambol (Ibang Planeta);PABLO;2505135;pablo_tambol_ibang_planeta_20260129_231331.html
2026-01-29 23:13:41;Micha!;PABLO;3470009;pablo_micha_20260129_231341.html
2026-01-29 23:13:51;DETERMINADO;RADKIDZ, PABLO, Josue;6323658;pablo_determinado_20260129_231351.html
2026-01-29 23:14:00;AKALA;RADKIDZ, PABLO, Josue;5383193;pablo_akala_20260129_231400.html
2026-01-29 23:14:10;edsa;PABLO;7844332;pablo_edsa_20260129_231410.html
2026-01-29 23:14:19;Liwanag sa Dilim - from “Incognito”;PABLO;6343946;pablo_liwanag_sa_dilim_from_incognito_20260129_231419.html
2026-01-29 23:14:29;Palayo;Felip;12327534;felip_palayo_20260129_231429.html
2026-01-29 23:14:39;Bulan;Felip;6685653;felip_bulan_20260129_231439.html
2026-01-29 23:14:48;ROCKSTA;Felip;6403745;felip_rocksta_20260129_231448.html
2026-01-29 23:14:58;SUPERIORITY;Felip;3689495;felip_superiority_20260129_231458.html
2026-01-29 23:15:07;MICTEST;Felip;4222399;felip_mictest_20260129_231507.html
2026-01-29 23:15:17;DRINKSMOKE;Felip;5262557;felip_drinksmoke_20260129_231517.html
2026-01-29 23:15:27;CRIMINAL;Felip;6567693;felip_criminal_20260129_231527.html
2026-01-29 23:15:36;STRAYDOGS;Felip;5585879;felip_straydogs_20260129_231536.html
2026-01-29 23:15:46;Kanako;Felip;9775327;felip_kanako_20260129_231546.html
2026-01-29 23:15:55;Moving Closer;Felip;10325961;felip_moving_closer_20260129_231555.html
2026-01-29 23:16:05;FLYYY;PLAYERTWO, Felip;3513708;felip_flyyy_20260129_231605.html
2026-01-29 23:16:15;Pagdali;PLAYERTWO, Felip;3408830;felip_pagdali_20260129_231615.html
2026-01-29 23:16:24;Fake Faces;Felip;8794749;felip_fake_faces_20260129_231624.html
2026-01-29 23:16:34;foes;Felip;2393121;felip_foes_20260129_231634.html
2026-01-29 23:16:43;envy;Felip;3419739;felip_envy_20260129_231643.html
2026-01-29 23:16:53;wrath;Felip;2029062;felip_wrath_20260129_231653.html
2026-01-29 23:17:04;greed;Felip;3324029;felip_greed_20260129_231704.html
2026-01-29 23:17:14;pride;Felip;1924777;felip_pride_20260129_231714.html
2026-01-29 23:17:23;gluttony (feat. PLAYERTWO);Felip, PLAYERTWO;1722301;felip_gluttony_20260129_231723.html
2026-01-29 23:17:33;lust (feat. Cyra Gwynth);Felip, Cyra Gwynth;3503907;felip_lust_20260129_231733.html
2026-01-29 23:17:43;sloth;Felip;2553849;felip_sloth_20260129_231743.html
2026-01-29 23:17:53;ache;Felip;4521856;felip_ache_20260129_231753.html
2026-01-29 23:18:02;ID feat. RYOKI (BE:FIRST), RYUKI (MAZZEL), JIMMY (PSYCHIC FEVER), FELIP;SKY-HI, RYOKI, RYUKI, JIMMY, Felip;2404835;felip_id_20260129_231802.html
2026-01-29 23:18:12;"KAWASAKI (with Felip &amp; thủy)";ONE OR EIGHT, Felip, thủy;1661281;felip_kawasaki_20260129_231812.html
2026-01-29 23:18:21;Palayo - Live Band Version;Felip;2230616;felip_palayo_live_band_ver_20260129_231821.html
2026-01-29 23:18:31;Bulan - Live Band Version;Felip;1947638;felip_bulan_live_band_ver_20260129_231831.html
2026-01-29 23:18:41;Palayo - Instrumental;Felip;1260782;felip_palayo_inst_20260129_231841.html
2026-01-29 23:18:50;Bulan - Instrumental;Felip;1185799;felip_bulan_inst_20260129_231850.html
2026-01-29 23:19:00;Moving Closer - From the Cafe;Felip;2208508;felip_moving_closer_from_the_cafe_20260129_231900.html
2026-01-29 23:19:09;Moving Closer - From the Lounge;Felip;1531845;felip_moving_closer_from_the_lounge_20260129_231909.html
2026-01-29 23:19:19;ID - feat. SHUNTO (BE:FIRST), RYUKI (MAZZEL), JIMMY (PSYCHIC FEVER), Felip;SKY-HI, SHUNTO, RYUKI, JIMMY, Felip;192804;felip_id_new_version_20260129_231919.html
2026-01-29 23:19:29;ROCKSTA - Superior Sessions Live;Felip;1501492;felip_rocksta_superior_session_live_20260129_231929.html
2026-01-29 23:19:38;SUPERIORITY - Superior Sessions Live;Felip;1401952;felip_superiority_superior_session_live_20260129_231938.html
2026-01-29 23:19:48;MICTEST - Superior Sessions Live;Felip;1333078;felip_mictest_superior_session_live_20260129_231948.html
2026-01-29 23:19:57;DRINKSMOKE - Superior Sessions Live;Felip;1513110;felip_drinksmoke_superior_session_live_20260129_231957.html
2026-01-29 23:20:07;CRIMINAL - Superior Sessions Live;Felip;1705490;felip_criminal_superior_session_live_20260129_232007.html
2026-01-29 23:20:17;STRAYDOGS - Superior Sessions Live;Felip;1336683;felip_straydogs_superior_session_live_20260129_232017.html
2026-01-29 23:20:26;to sin is human, to forgive is divine - 7sins: the album concert (live);Felip;156249;felip_to_sin_is_human_to_forgive_is_divine_live_20260129_232026.html
2026-01-29 23:20:36;foes - 7sins: the album concert (live);Felip;149555;felip_foes_live_20260129_232036.html
2026-01-29 23:20:46;envy - 7sins: the album concert (live);Felip;132520;felip_envy_live_20260129_232046.html
2026-01-29 23:20:56;greed - 7sins: the album concert (live);Felip;143175;felip_greed_live_20260129_232056.html
2026-01-29 23:21:06;lust (feat. Cyra Gwynth) - 7sins: the album concert (live);Felip, Cyra Gwynth;138400;felip_lust_live_20260129_232106.html
2026-01-29 23:21:15;pride - 7sins: the album concert (live);Felip;125445;felip_pride_live_20260129_232115.html
2026-01-29 23:21:25;gluttony (feat. PLAYERTWO) - 7sins: the album concert (live);Felip, PLAYERTWO;126838;felip_gluttony_feat_playertwo_live_20260129_232125.html
2026-01-29 23:21:35;wrath - 7sins: the album concert (live);Felip;138799;felip_wrath_live_20260129_232135.html
2026-01-29 23:21:44;tokyo - 7sins: the album concert (live);Felip;605370;felip_tokyo_live_20260129_232144.html
2026-01-29 23:21:54;sloth - 7sins: the album concert (live);Felip;133972;felip_sloth_live_20260129_232154.html
2026-01-29 23:22:03;grace - 7sins: the album concert (live);Felip;140849;felip_grace_live_20260129_232203.html
2026-01-29 23:22:13;ache - 7sins: the album concert (live);Felip;165360;felip_ache_live_20260129_232213.html
2026-01-29 23:22:22;WILD TONIGHT;JOSH CULLEN;9725075;josh_cullen_wild_tonight_20260129_232222.html
2026-01-29 23:22:32;Pakiusap Lang;JOSH CULLEN;5258106;josh_cullen_pakiusap_lang_20260129_232232.html
2026-01-29 23:22:42;GET RIGHT;JOSH CULLEN;4612628;josh_cullen_get_right_20260129_232242.html
2026-01-29 23:22:51;Yoko Na;JOSH CULLEN, Al James;10361088;josh_cullen_yoko_na_20260129_232251.html
2026-01-29 23:23:01;1999;JOSH CULLEN;6225915;josh_cullen_1999_20260129_232301.html
2026-01-29 23:23:10;See Me;JOSH CULLEN;2916694;josh_cullen_see_me_20260129_232310.html
2026-01-29 23:23:20;Silent Cries;JOSH CULLEN;3827827;josh_cullen_silent_cries_20260129_232320.html
2026-01-29 23:23:29;Honest;JOSH CULLEN;2641150;josh_cullen_honest_20260129_232329.html
2026-01-29 23:23:39;No Control (feat. (e)motion engine);JOSH CULLEN, (e)motion engine;2191722;josh_cullen_no_control_20260129_232339.html
2026-01-29 23:23:49;Lights Out (feat. Mo Mitchell);JOSH CULLEN, Mo Mitchell;1952934;josh_cullen_lights_out_20260129_232349.html
2026-01-29 23:23:58;Sumaya;JOSH CULLEN;5308051;josh_cullen_sumaya_20260129_232358.html
2026-01-29 23:24:08;Silent Cries - Instrumental;JOSH CULLEN;531504;josh_cullen_silent_cries_instrumental_20260129_232408.html
2026-01-29 23:24:17;No Control - Instrumental;JOSH CULLEN;518542;josh_cullen_no_control_instrumental_20260129_232417.html
2026-01-29 23:24:27;Takbuhan;Kael Guerrero, JOSH CULLEN;917082;josh_cullen_takbuhan_20260129_232427.html
2026-01-29 23:24:36;Re: Thinkin' About You;H1-KEY, JOSH CULLEN;4248317;josh_cullen_re_thinkin_about_you_20260129_232436.html
2026-01-29 23:24:46;Room;Stell;11982698;stell_room_20260129_232446.html
2026-01-29 23:24:56;Anino;Stell;6075550;stell_anino_20260129_232456.html
2026-01-29 23:25:05;‘Di Ko Masabi;Stell;7625844;stell_di_ko_masabi_20260129_232505.html
2026-01-29 23:25:15;Classic;Stell;6537019;stell_classic_20260129_232515.html
2026-01-29 23:25:24;Room - Stripped;Stell;4760196;stell_room_stripped_20260129_232524.html
2026-01-29 23:25:34;surreal;justin;14955077;justin_surreal_20260129_232534.html
2026-01-29 23:25:43;sunday morning;justin;5428541;justin_sunday_morning_20260129_232543.html
2026-01-29 23:25:53;kaibigan;justin;8792167;justin_kaibigan_20260129_232553.html
2026-01-29 23:26:02;Sampung Mga Daliri;dwta, justin;7552725;justin_sampung_mga_daliri_20260129_232602.html
2026-01-29 23:26:12;Sampung Mga Daliri (Reimagined Version);dwta, justin;714569;justin_sampung_mga_daliri_reimagined_version_20260129_232612.html
2026-01-29 23:26:22;Sampung Mga Daliri (Acoustic Version);dwta, justin;1571517;justin_sampung_mga_daliri_acoustic_version_20260129_232622.html
2026-01-29 23:26:31;GENTO - From THE FIRST TAKE;SB19;7043341;sb19_gento_from_the_first_take_20260129_232631.html
2026-01-29 23:26:41;MAPA - From THE FIRST TAKE;SB19;5189496;sb19_mapa_from_the_first_take_20260129_232641.html
2026-01-29 23:26:50;DAM - From THE FIRST TAKE;SB19;2092311;sb19_dam_from_the_first_take_20260129_232650.html
2026-01-29 23:27:00;Time - From THE FIRST TAKE;SB19;2224420;sb19_time_from_the_first_take_20260129_232700.html
2026-01-29 23:27:10;Moonlight (Ian Asher Club Mix);Ian Asher, SB19, Terry Zhong;2944249;sb19_moonlight_ian_asher_club_mix_20260129_232710.html
2026-01-29 23:27:19;Umaaligid - Extended Ver.;Sarah Geronimo, SB19;2730668;sb19_umaaligid_extended_ver_20260129_232719.html
2026-01-29 23:27:29;"Love Yours (feat. SB19) - DIOR &amp; RealBros Remix";Ohwon Lee, SB19;864970;sb19_love_yours_dior_realbros_remix_20260129_232729.html
2026-01-29 23:27:38;What? - Extended Version;SB19;6299574;sb19_what_extended_version_20260129_232738.html
